id,date,timestamp,level,status,method,host,pathname,event_message,headers,regions,log_type,latency,log_count,logs,auth_user
c4f93f80-9b6b-44fd-a83e-8e77a70fdea9,"""2026-07-13T05:29:37.881Z""",2026-07-13T05:29:37.881000,error,503,HEAD,,/rest-admin/v1/ready,HEAD | 503 | https://nafxpivddesgsrthmosv.supabase.co/rest-admin/v1/ready | @supabase-infra/mgmt-api/517545b,{},[],edge,0,null,[],null
551bf916-ccd6-4f7a-8014-b9bf5220b693,"""2026-07-13T05:29:32.580Z""",2026-07-13T05:29:32.580000,error,503,POST,,/rest/v1/profiles,"POST | 503 | https://nafxpivddesgsrthmosv.supabase.co/rest/v1/profiles?on_conflict=id | Mozilla/5.0 (iPhone; CPU iPhone OS 18_5 like Mac OS X) AppleWebKit/605.1.15 (KHTML, like Gecko) Version/18.5 Mobile/15E148 Safari/604.1",{},[],edge,0,null,[],null
51121714-f76e-4756-919e-bc854cea8413,"""2026-07-13T05:29:32.467Z""",2026-07-13T05:29:32.467000,error,503,GET,,/rest/v1/drivers,"GET | 503 | https://nafxpivddesgsrthmosv.supabase.co/rest/v1/drivers?select=id%2Corganization_id%2Cuser_id%2Cname%2Cphone%2Cemail%2Clicense_number%2Cemergency_name%2Cemergency_contact%2Cstatus%2Cassigned_vehicle_id%2Ccreated_at%2Cupdated_at%2Cleft_at%2Ctracking_only%2Cpayable_amount%2Ccommission_percent%2Ccommission_per_km%2Cavatar_url%2Cavatar_seed%2Corganizations%21left%28name%29&user_id=eq.ae81eb30-4f63-47cb-8c43-079d0d5ed570&order=created_at.desc&limit=20 | Mozilla/5.0 (iPhone; CPU iPhone OS 18_5 like Mac OS X) AppleWebKit/605.1.15 (KHTML, like Gecko) Version/18.5 Mobile/15E148 Safari/604.1",{},[],edge,0,null,[],null
1c13c657-64ea-43ef-a1f3-f4a516102bab,"""2026-07-13T05:29:32.161Z""",2026-07-13T05:29:32.161000,error,503,POST,,/rest/v1/rpc/sync_my_driver_rows_user_id,"POST | 503 | https://nafxpivddesgsrthmosv.supabase.co/rest/v1/rpc/sync_my_driver_rows_user_id | Mozilla/5.0 (iPhone; CPU iPhone OS 18_5 like Mac OS X) AppleWebKit/605.1.15 (KHTML, like Gecko) Version/18.5 Mobile/15E148 Safari/604.1",{},[],edge,0,null,[],null
de152c7a-c10c-43f4-b0a2-13464ee757ad,"""2026-07-13T05:29:32.160Z""",2026-07-13T05:29:32.160000,error,503,POST,,/rest/v1/rpc/get_driver_invites_received,"POST | 503 | https://nafxpivddesgsrthmosv.supabase.co/rest/v1/rpc/get_driver_invites_received | Mozilla/5.0 (iPhone; CPU iPhone OS 18_5 like Mac OS X) AppleWebKit/605.1.15 (KHTML, like Gecko) Version/18.5 Mobile/15E148 Safari/604.1",{},[],edge,0,null,[],null
aebefa30-d9c9-4d03-83f7-530e66ed8673,"""2026-07-13T05:29:32.158Z""",2026-07-13T05:29:32.158000,error,503,POST,,/rest/v1/rpc/get_driver_invites_received,"POST | 503 | https://nafxpivddesgsrthmosv.supabase.co/rest/v1/rpc/get_driver_invites_received | Mozilla/5.0 (iPhone; CPU iPhone OS 18_5 like Mac OS X) AppleWebKit/605.1.15 (KHTML, like Gecko) Version/18.5 Mobile/15E148 Safari/604.1",{},[],edge,0,null,[],null
79d8e117-4ee8-4e19-bb26-1dcee7f94f3e,"""2026-07-13T05:29:32.156Z""",2026-07-13T05:29:32.156000,error,503,POST,,/rest/v1/rpc/get_pending_otp_trips,"POST | 503 | https://nafxpivddesgsrthmosv.supabase.co/rest/v1/rpc/get_pending_otp_trips | Mozilla/5.0 (iPhone; CPU iPhone OS 18_5 like Mac OS X) AppleWebKit/605.1.15 (KHTML, like Gecko) Version/18.5 Mobile/15E148 Safari/604.1",{},[],edge,0,null,[],null
f0ddee0b-f4e0-430e-813d-9d3b1e5c9187,"""2026-07-13T05:29:31.217Z""",2026-07-13T05:29:31.217000,error,503,GET,,/rest/v1/profiles,"GET | 503 | https://nafxpivddesgsrthmosv.supabase.co/rest/v1/profiles?select=id%2Cemail%2Cfull_name%2Crole%2Caggregated%2Casset%2Ccompany_name%2Cphone%2Cavatar_url%2Cavatar_seed%2Cbio&id=eq.ae81eb30-4f63-47cb-8c43-079d0d5ed570 | Mozilla/5.0 (iPhone; CPU iPhone OS 18_5 like Mac OS X) AppleWebKit/605.1.15 (KHTML, like Gecko) Version/18.5 Mobile/15E148 Safari/604.1",{},[],edge,0,null,[],null
e02c4c28-3bea-4dd1-a5bd-2cbf0475f71b,"""2026-07-13T05:29:30.437Z""",2026-07-13T05:29:30.437000,error,503,GET,,/rest/v1/drivers,"GET | 503 | https://nafxpivddesgsrthmosv.supabase.co/rest/v1/drivers?select=id%2Corganization_id%2Cuser_id%2Cname%2Cphone%2Cemail%2Clicense_number%2Cemergency_name%2Cemergency_contact%2Cstatus%2Cassigned_vehicle_id%2Ccreated_at%2Cupdated_at%2Cleft_at%2Ctracking_only%2Cpayable_amount%2Ccommission_percent%2Ccommission_per_km%2Cavatar_url%2Cavatar_seed%2Corganizations%21left%28name%29&user_id=eq.ae81eb30-4f63-47cb-8c43-079d0d5ed570&order=created_at.desc&limit=20 | Mozilla/5.0 (iPhone; CPU iPhone OS 18_5 like Mac OS X) AppleWebKit/605.1.15 (KHTML, like Gecko) Version/18.5 Mobile/15E148 Safari/604.1",{},[],edge,0,null,[],null
3bc50f22-9dff-4560-bd10-fdcdf285c777,"""2026-07-13T05:29:28.241Z""",2026-07-13T05:29:28.241000,error,503,GET,,/rest/v1/trip_conversations,"GET | 503 | https://nafxpivddesgsrthmosv.supabase.co/rest/v1/trip_conversations?select=id%2Corganization_id%2Ctrip_id%2Cparty_type%2Cparty_name%2Cclient_id%2Csupplier_id%2Cdriver_id%2Clast_message_at%2Clast_message_preview%2Cunread_dispatcher_count%2Ccreated_at%2Cupdated_at&driver_id=in.%289fd1297f-4295-4d25-93e1-9f6e3cbe3d0a%29&order=last_message_at.desc.nullslast&limit=100 | Mozilla/5.0 (iPhone; CPU iPhone OS 18_5 like Mac OS X) AppleWebKit/605.1.15 (KHTML, like Gecko) Version/18.5 Mobile/15E148 Safari/604.1",{},[],edge,0,null,[],null
8c8f5171-b1ef-462e-8a9d-978b5f3fa869,"""2026-07-13T05:29:28.239Z""",2026-07-13T05:29:28.239000,error,503,GET,,/rest/v1/trips_driver_view,"GET | 503 | https://nafxpivddesgsrthmosv.supabase.co/rest/v1/trips_driver_view?select=*&driver_id=in.%289fd1297f-4295-4d25-93e1-9f6e3cbe3d0a%29&order=created_at.desc | Mozilla/5.0 (iPhone; CPU iPhone OS 18_5 like Mac OS X) AppleWebKit/605.1.15 (KHTML, like Gecko) Version/18.5 Mobile/15E148 Safari/604.1",{},[],edge,0,null,[],null
1eab570b-0c92-491f-b779-ca7dc5f1767e,"""2026-07-13T05:29:27.982Z""",2026-07-13T05:29:27.982000,error,503,HEAD,,/rest-admin/v1/ready,HEAD | 503 | https://nafxpivddesgsrthmosv.supabase.co/rest-admin/v1/ready | @supabase-infra/mgmt-api/517545b,{},[],edge,0,null,[],null
1315c7f9-a47b-4d3f-bc43-da224d80fb6f,"""2026-07-13T05:29:26.243Z""",2026-07-13T05:29:26.243000,error,503,POST,,/rest/v1/rpc/get_pending_otp_trips,"POST | 503 | https://nafxpivddesgsrthmosv.supabase.co/rest/v1/rpc/get_pending_otp_trips | Mozilla/5.0 (iPhone; CPU iPhone OS 18_5 like Mac OS X) AppleWebKit/605.1.15 (KHTML, like Gecko) Version/18.5 Mobile/15E148 Safari/604.1",{},[],edge,0,null,[],null
88042824-cee5-48b3-841f-62093f8b1192,"""2026-07-13T05:29:26.242Z""",2026-07-13T05:29:26.242000,error,503,POST,,/rest/v1/rpc/sync_my_driver_rows_user_id,"POST | 503 | https://nafxpivddesgsrthmosv.supabase.co/rest/v1/rpc/sync_my_driver_rows_user_id | Mozilla/5.0 (iPhone; CPU iPhone OS 18_5 like Mac OS X) AppleWebKit/605.1.15 (KHTML, like Gecko) Version/18.5 Mobile/15E148 Safari/604.1",{},[],edge,0,null,[],null
a211ad83-8f94-4bd4-8dc6-86c55305dbeb,"""2026-07-13T05:29:26.241Z""",2026-07-13T05:29:26.241000,error,503,POST,,/rest/v1/rpc/get_driver_invites_received,"POST | 503 | https://nafxpivddesgsrthmosv.supabase.co/rest/v1/rpc/get_driver_invites_received | Mozilla/5.0 (iPhone; CPU iPhone OS 18_5 like Mac OS X) AppleWebKit/605.1.15 (KHTML, like Gecko) Version/18.5 Mobile/15E148 Safari/604.1",{},[],edge,0,null,[],null
2ca05c4f-b3b3-4710-83cf-eeac53527092,"""2026-07-13T05:29:26.239Z""",2026-07-13T05:29:26.239000,error,503,POST,,/rest/v1/rpc/get_driver_invites_received,"POST | 503 | https://nafxpivddesgsrthmosv.supabase.co/rest/v1/rpc/get_driver_invites_received | Mozilla/5.0 (iPhone; CPU iPhone OS 18_5 like Mac OS X) AppleWebKit/605.1.15 (KHTML, like Gecko) Version/18.5 Mobile/15E148 Safari/604.1",{},[],edge,0,null,[],null
85d275b9-cb17-402f-8928-eea7ecdc2069,"""2026-07-13T05:29:25.805Z""",2026-07-13T05:29:25.805000,error,503,POST,,/rest/v1/profiles,"POST | 503 | https://nafxpivddesgsrthmosv.supabase.co/rest/v1/profiles?on_conflict=id | Mozilla/5.0 (iPhone; CPU iPhone OS 18_5 like Mac OS X) AppleWebKit/605.1.15 (KHTML, like Gecko) Version/18.5 Mobile/15E148 Safari/604.1",{},[],edge,0,null,[],null
8296d29e-4b4e-46c0-a158-15d0dc50a03b,"""2026-07-13T05:29:25.557Z""",2026-07-13T05:29:25.557000,error,503,GET,,/rest/v1/profiles,"GET | 503 | https://nafxpivddesgsrthmosv.supabase.co/rest/v1/profiles?select=id%2Cemail%2Cfull_name%2Crole%2Caggregated%2Casset%2Ccompany_name%2Cphone%2Cavatar_url%2Cavatar_seed%2Cbio&id=eq.ae81eb30-4f63-47cb-8c43-079d0d5ed570 | Mozilla/5.0 (iPhone; CPU iPhone OS 18_5 like Mac OS X) AppleWebKit/605.1.15 (KHTML, like Gecko) Version/18.5 Mobile/15E148 Safari/604.1",{},[],edge,0,null,[],null
05df71fc-cd7f-4ea9-ab8d-5391420514ae,"""2026-07-13T05:29:25.042Z""",2026-07-13T05:29:25.042000,error,503,GET,,/rest/v1/drivers,"GET | 503 | https://nafxpivddesgsrthmosv.supabase.co/rest/v1/drivers?select=id%2Corganization_id%2Cuser_id%2Cname%2Cphone%2Cemail%2Clicense_number%2Cemergency_name%2Cemergency_contact%2Cstatus%2Cassigned_vehicle_id%2Ccreated_at%2Cupdated_at%2Cleft_at%2Ctracking_only%2Cpayable_amount%2Ccommission_percent%2Ccommission_per_km%2Cavatar_url%2Cavatar_seed%2Corganizations%21left%28name%29&user_id=eq.ae81eb30-4f63-47cb-8c43-079d0d5ed570&order=created_at.desc&limit=20 | Mozilla/5.0 (iPhone; CPU iPhone OS 18_5 like Mac OS X) AppleWebKit/605.1.15 (KHTML, like Gecko) Version/18.5 Mobile/15E148 Safari/604.1",{},[],edge,0,null,[],null
d5789c75-1285-4484-95c8-27986111a93e,"""2026-07-13T05:29:23.634Z""",2026-07-13T05:29:23.634000,error,503,GET,,/rest/v1/profiles,"GET | 503 | https://nafxpivddesgsrthmosv.supabase.co/rest/v1/profiles?select=id%2Cemail%2Cfull_name%2Crole%2Caggregated%2Casset%2Ccompany_name%2Cphone%2Cavatar_url%2Cavatar_seed%2Cbio&id=eq.ae81eb30-4f63-47cb-8c43-079d0d5ed570 | Mozilla/5.0 (iPhone; CPU iPhone OS 18_5 like Mac OS X) AppleWebKit/605.1.15 (KHTML, like Gecko) Version/18.5 Mobile/15E148 Safari/604.1",{},[],edge,0,null,[],null
8dccac0a-fc4c-41be-b58f-c4d22e7fe4ad,"""2026-07-13T05:29:23.472Z""",2026-07-13T05:29:23.472000,error,503,GET,,/rest/v1/drivers,"GET | 503 | https://nafxpivddesgsrthmosv.supabase.co/rest/v1/drivers?select=id%2Corganization_id%2Cuser_id%2Cname%2Cphone%2Cemail%2Clicense_number%2Cemergency_name%2Cemergency_contact%2Cstatus%2Cassigned_vehicle_id%2Ccreated_at%2Cupdated_at%2Cleft_at%2Ctracking_only%2Cpayable_amount%2Ccommission_percent%2Ccommission_per_km%2Cavatar_url%2Cavatar_seed%2Corganizations%21left%28name%29&user_id=eq.ae81eb30-4f63-47cb-8c43-079d0d5ed570&order=created_at.desc&limit=20 | Mozilla/5.0 (iPhone; CPU iPhone OS 18_5 like Mac OS X) AppleWebKit/605.1.15 (KHTML, like Gecko) Version/18.5 Mobile/15E148 Safari/604.1",{},[],edge,0,null,[],null
b72ab22b-fa11-444a-8495-5c8f9a84e432,"""2026-07-13T05:29:23.243Z""",2026-07-13T05:29:23.243000,error,503,GET,,/rest/v1/trips_driver_view,"GET | 503 | https://nafxpivddesgsrthmosv.supabase.co/rest/v1/trips_driver_view?select=*&driver_id=in.%289fd1297f-4295-4d25-93e1-9f6e3cbe3d0a%29&order=created_at.desc | Mozilla/5.0 (iPhone; CPU iPhone OS 18_5 like Mac OS X) AppleWebKit/605.1.15 (KHTML, like Gecko) Version/18.5 Mobile/15E148 Safari/604.1",{},[],edge,0,null,[],null
a726b5bd-1870-4867-b8a8-36be940c8e52,"""2026-07-13T05:29:23.242Z""",2026-07-13T05:29:23.242000,error,503,GET,,/rest/v1/trip_conversations,"GET | 503 | https://nafxpivddesgsrthmosv.supabase.co/rest/v1/trip_conversations?select=id%2Corganization_id%2Ctrip_id%2Cparty_type%2Cparty_name%2Cclient_id%2Csupplier_id%2Cdriver_id%2Clast_message_at%2Clast_message_preview%2Cunread_dispatcher_count%2Ccreated_at%2Cupdated_at&driver_id=in.%289fd1297f-4295-4d25-93e1-9f6e3cbe3d0a%29&order=last_message_at.desc.nullslast&limit=100 | Mozilla/5.0 (iPhone; CPU iPhone OS 18_5 like Mac OS X) AppleWebKit/605.1.15 (KHTML, like Gecko) Version/18.5 Mobile/15E148 Safari/604.1",{},[],edge,0,null,[],null
872a0270-86e9-4cd8-ad4b-d6a193065e49,"""2026-07-13T05:29:21.436Z""",2026-07-13T05:29:21.436000,error,503,GET,,/rest/v1/profiles,"GET | 503 | https://nafxpivddesgsrthmosv.supabase.co/rest/v1/profiles?select=id%2Cemail%2Cfull_name%2Crole%2Caggregated%2Casset%2Ccompany_name%2Cphone%2Cavatar_url%2Cavatar_seed%2Cbio&id=eq.ae81eb30-4f63-47cb-8c43-079d0d5ed570 | Mozilla/5.0 (iPhone; CPU iPhone OS 18_5 like Mac OS X) AppleWebKit/605.1.15 (KHTML, like Gecko) Version/18.5 Mobile/15E148 Safari/604.1",{},[],edge,0,null,[],null
cf776327-794c-4008-aa92-4fe1099d19a5,"""2026-07-13T05:29:21.343Z""",2026-07-13T05:29:21.343000,error,503,GET,,/rest/v1/drivers,"GET | 503 | https://nafxpivddesgsrthmosv.supabase.co/rest/v1/drivers?select=id%2Corganization_id%2Cuser_id%2Cname%2Cphone%2Cemail%2Clicense_number%2Cemergency_name%2Cemergency_contact%2Cstatus%2Cassigned_vehicle_id%2Ccreated_at%2Cupdated_at%2Cleft_at%2Ctracking_only%2Cpayable_amount%2Ccommission_percent%2Ccommission_per_km%2Cavatar_url%2Cavatar_seed%2Corganizations%21left%28name%29&user_id=eq.ae81eb30-4f63-47cb-8c43-079d0d5ed570&order=created_at.desc&limit=20 | Mozilla/5.0 (iPhone; CPU iPhone OS 18_5 like Mac OS X) AppleWebKit/605.1.15 (KHTML, like Gecko) Version/18.5 Mobile/15E148 Safari/604.1",{},[],edge,0,null,[],null
5f7b7266-02f2-4880-9978-dac3b8bb506f,"""2026-07-13T05:29:18.591Z""",2026-07-13T05:29:18.591000,error,503,HEAD,,/rest-admin/v1/ready,HEAD | 503 | https://nafxpivddesgsrthmosv.supabase.co/rest-admin/v1/ready | @supabase-infra/mgmt-api/517545b,{},[],edge,0,null,[],null
ac3a2fc0-e857-4b3d-bab0-9d1832c418dd,"""2026-07-13T05:29:14.000Z""",2026-07-13T05:29:14.000000,warning,200,,,,"{""component"":""api"",""level"":""warning"",""msg"":""DEPRECATION NOTICE: GOTRUE_JWT_ADMIN_GROUP_NAME not supported by Supabase's GoTrue, will be removed soon"",""time"":""2026-07-13T05:29:14Z""}",{},[],auth,0,null,[],null
75d28a36-6431-4922-843f-d9c0d73a07d8,"""2026-07-13T05:29:14.000Z""",2026-07-13T05:29:14.000000,warning,200,,,,"{""component"":""api"",""level"":""warning"",""msg"":""DEPRECATION NOTICE: GOTRUE_JWT_DEFAULT_GROUP_NAME not supported by Supabase's GoTrue, will be removed soon"",""time"":""2026-07-13T05:29:14Z""}",{},[],auth,0,null,[],null
b6baf738-bbb2-4d61-8091-21c87e62e443,"""2026-07-13T05:29:11.250Z""",2026-07-13T05:29:11.250000,error,503,GET,,/rest/v1/trip_conversations,"GET | 503 | https://nafxpivddesgsrthmosv.supabase.co/rest/v1/trip_conversations?select=id%2Corganization_id%2Ctrip_id%2Cparty_type%2Cparty_name%2Cclient_id%2Csupplier_id%2Cdriver_id%2Clast_message_at%2Clast_message_preview%2Cunread_dispatcher_count%2Ccreated_at%2Cupdated_at&driver_id=in.%289fd1297f-4295-4d25-93e1-9f6e3cbe3d0a%29&order=last_message_at.desc.nullslast&limit=100 | Mozilla/5.0 (iPhone; CPU iPhone OS 18_5 like Mac OS X) AppleWebKit/605.1.15 (KHTML, like Gecko) Version/18.5 Mobile/15E148 Safari/604.1",{},[],edge,0,null,[],null
7debba72-08f6-4956-81d1-d0d3c8d8ca06,"""2026-07-13T05:29:11.248Z""",2026-07-13T05:29:11.248000,error,503,GET,,/rest/v1/trips_driver_view,"GET | 503 | https://nafxpivddesgsrthmosv.supabase.co/rest/v1/trips_driver_view?select=*&driver_id=in.%289fd1297f-4295-4d25-93e1-9f6e3cbe3d0a%29&order=created_at.desc | Mozilla/5.0 (iPhone; CPU iPhone OS 18_5 like Mac OS X) AppleWebKit/605.1.15 (KHTML, like Gecko) Version/18.5 Mobile/15E148 Safari/604.1",{},[],edge,0,null,[],null
408f9ba4-74cd-4958-90a7-16fc190b5e83,"""2026-07-13T05:29:10.950Z""",2026-07-13T05:29:10.950000,error,503,GET,,/rest/v1/profiles,"GET | 503 | https://nafxpivddesgsrthmosv.supabase.co/rest/v1/profiles?select=id%2Cemail%2Cfull_name%2Crole%2Caggregated%2Casset%2Ccompany_name%2Cphone%2Cavatar_url%2Cavatar_seed%2Cbio&id=eq.ae81eb30-4f63-47cb-8c43-079d0d5ed570 | Mozilla/5.0 (iPhone; CPU iPhone OS 18_5 like Mac OS X) AppleWebKit/605.1.15 (KHTML, like Gecko) Version/18.5 Mobile/15E148 Safari/604.1",{},[],edge,0,null,[],null
7c99881a-d1bb-4cfd-b56c-bb5c70dc1de7,"""2026-07-13T05:29:09.969Z""",2026-07-13T05:29:09.969000,error,200,,,,Realtime.Tenants.Connect.CheckConnection failed in 11999 ms,{},[],realtime,0,null,[],null
1469756b-59c5-44f8-9725-0f8efcbbc749,"""2026-07-13T05:29:09.969Z""",2026-07-13T05:29:09.969000,error,200,,,,"UnableToConnectToTenantDatabase: %DBConnection.ConnectionError{
  message: ""[Elixir.Realtime.Tenants.Connect.DynamicSupervisor] connection not available and request was dropped from queue after 11999ms. This means requests are coming in and your connection pool cannot serve them fast enough. You can address this by:\n\n  1. Ensuring your database is available and that you can connect to it\n  2. Tracking down slow queries and making sure they are running fast enough\n  3. Increasing the pool_size (although this increases resource consumption)\n  4. Allowing requests to wait longer by increasing :queue_target and :queue_interval\n\nSee DBConnection.start_link/2 for more information\n"",
  severity: :error,
  reason: :queue_timeout
}",{},[],realtime,0,null,[],null
b2ecbc0f-3c62-4369-8fd3-ca096c18ed59,"""2026-07-13T05:29:09.969Z""",2026-07-13T05:29:09.969000,error,200,,,,"UnableToConnectToTenantDatabase: %DBConnection.ConnectionError{
  message: ""[Elixir.Realtime.Tenants.Connect.DynamicSupervisor] connection not available and request was dropped from queue after 11999ms. This means requests are coming in and your connection pool cannot serve them fast enough. You can address this by:\n\n  1. Ensuring your database is available and that you can connect to it\n  2. Tracking down slow queries and making sure they are running fast enough\n  3. Increasing the pool_size (although this increases resource consumption)\n  4. Allowing requests to wait longer by increasing :queue_target and :queue_interval\n\nSee DBConnection.start_link/2 for more information\n"",
  severity: :error,
  reason: :queue_timeout
}",{},[],realtime,0,null,[],null
5e5d0e39-4daa-4f63-8d00-265f54de91aa,"""2026-07-13T05:29:09.969Z""",2026-07-13T05:29:09.969000,error,200,,,,UnableToConnectToTenantDatabase: Unable to connect to tenant database,{},[],realtime,0,null,[],null
7287065f-1b26-4277-8684-31db4325ca32,"""2026-07-13T05:29:09.969Z""",2026-07-13T05:29:09.969000,error,200,,,,UnableToConnectToProject: Realtime was unable to connect to the project database,{},[],realtime,0,null,[],null
3c1ee472-033b-4e90-810c-671edd912812,"""2026-07-13T05:29:09.969Z""",2026-07-13T05:29:09.969000,error,200,,,,UnableToConnectToTenantDatabase: Unable to connect to tenant database,{},[],realtime,0,null,[],null
25b644af-0ede-4e2e-8c43-9634455a73c5,"""2026-07-13T05:29:09.249Z""",2026-07-13T05:29:09.249000,error,503,POST,,/rest/v1/rpc/sync_my_driver_rows_user_id,"POST | 503 | https://nafxpivddesgsrthmosv.supabase.co/rest/v1/rpc/sync_my_driver_rows_user_id | Mozilla/5.0 (iPhone; CPU iPhone OS 18_5 like Mac OS X) AppleWebKit/605.1.15 (KHTML, like Gecko) Version/18.5 Mobile/15E148 Safari/604.1",{},[],edge,0,null,[],null
6feced32-dea9-488b-bcd1-42e23f59a877,"""2026-07-13T05:29:09.248Z""",2026-07-13T05:29:09.248000,error,503,POST,,/rest/v1/rpc/get_driver_invites_received,"POST | 503 | https://nafxpivddesgsrthmosv.supabase.co/rest/v1/rpc/get_driver_invites_received | Mozilla/5.0 (iPhone; CPU iPhone OS 18_5 like Mac OS X) AppleWebKit/605.1.15 (KHTML, like Gecko) Version/18.5 Mobile/15E148 Safari/604.1",{},[],edge,0,null,[],null
ac759513-24f6-4dad-88f2-70aab7214b21,"""2026-07-13T05:29:09.245Z""",2026-07-13T05:29:09.245000,error,503,POST,,/rest/v1/rpc/get_driver_invites_received,"POST | 503 | https://nafxpivddesgsrthmosv.supabase.co/rest/v1/rpc/get_driver_invites_received | Mozilla/5.0 (iPhone; CPU iPhone OS 18_5 like Mac OS X) AppleWebKit/605.1.15 (KHTML, like Gecko) Version/18.5 Mobile/15E148 Safari/604.1",{},[],edge,0,null,[],null
c5948e27-57cc-4898-96e3-59e8ffd56b33,"""2026-07-13T05:29:09.243Z""",2026-07-13T05:29:09.243000,error,503,POST,,/rest/v1/rpc/get_pending_otp_trips,"POST | 503 | https://nafxpivddesgsrthmosv.supabase.co/rest/v1/rpc/get_pending_otp_trips | Mozilla/5.0 (iPhone; CPU iPhone OS 18_5 like Mac OS X) AppleWebKit/605.1.15 (KHTML, like Gecko) Version/18.5 Mobile/15E148 Safari/604.1",{},[],edge,0,null,[],null
c8d410bd-5c61-4612-992a-47ee3d7a2e47,"""2026-07-13T05:29:08.239Z""",2026-07-13T05:29:08.239000,error,503,GET,,/rest/v1/drivers,"GET | 503 | https://nafxpivddesgsrthmosv.supabase.co/rest/v1/drivers?select=id%2Corganization_id%2Cuser_id%2Cname%2Cphone%2Cemail%2Clicense_number%2Cemergency_name%2Cemergency_contact%2Cstatus%2Cassigned_vehicle_id%2Ccreated_at%2Cupdated_at%2Cleft_at%2Ctracking_only%2Cpayable_amount%2Ccommission_percent%2Ccommission_per_km%2Cavatar_url%2Cavatar_seed%2Corganizations%21left%28name%29&user_id=eq.ae81eb30-4f63-47cb-8c43-079d0d5ed570&order=created_at.desc&limit=20 | Mozilla/5.0 (iPhone; CPU iPhone OS 18_5 like Mac OS X) AppleWebKit/605.1.15 (KHTML, like Gecko) Version/18.5 Mobile/15E148 Safari/604.1",{},[],edge,0,null,[],null
20ffbaa8-8e0c-481c-8642-84c22a1f3a50,"""2026-07-13T05:29:06.518Z""",2026-07-13T05:29:06.518000,error,521,GET,,/rest/v1/drivers,"GET | 521 | https://nafxpivddesgsrthmosv.supabase.co/rest/v1/drivers?select=id%2Corganization_id%2Cuser_id%2Cname%2Cphone%2Cemail%2Clicense_number%2Cemergency_name%2Cemergency_contact%2Cstatus%2Cassigned_vehicle_id%2Ccreated_at%2Cupdated_at%2Cleft_at%2Ctracking_only%2Cpayable_amount%2Ccommission_percent%2Ccommission_per_km%2Cavatar_url%2Cavatar_seed%2Corganizations%21left%28name%29&user_id=eq.ae81eb30-4f63-47cb-8c43-079d0d5ed570&order=created_at.desc&limit=20 | Mozilla/5.0 (iPhone; CPU iPhone OS 18_5 like Mac OS X) AppleWebKit/605.1.15 (KHTML, like Gecko) Version/18.5 Mobile/15E148 Safari/604.1",{},[],edge,0,null,[],null
de012ec9-8bd8-4f69-9324-bd0a8692b197,"""2026-07-13T05:29:06.475Z""",2026-07-13T05:29:06.475000,error,521,GET,,/rest/v1/drivers,"GET | 521 | https://nafxpivddesgsrthmosv.supabase.co/rest/v1/drivers?select=id%2Corganization_id%2Cuser_id%2Cname%2Cphone%2Cemail%2Clicense_number%2Cemergency_name%2Cemergency_contact%2Cstatus%2Cassigned_vehicle_id%2Ccreated_at%2Cupdated_at%2Cleft_at%2Ctracking_only%2Cpayable_amount%2Ccommission_percent%2Ccommission_per_km%2Cavatar_url%2Cavatar_seed%2Corganizations%21left%28name%29&user_id=eq.ae81eb30-4f63-47cb-8c43-079d0d5ed570&order=created_at.desc&limit=20 | Mozilla/5.0 (iPhone; CPU iPhone OS 18_5 like Mac OS X) AppleWebKit/605.1.15 (KHTML, like Gecko) Version/18.5 Mobile/15E148 Safari/604.1",{},[],edge,0,null,[],null
279ba564-b671-43ed-b0e0-2c6ba22b36a9,"""2026-07-13T05:29:06.444Z""",2026-07-13T05:29:06.444000,error,57P03,,,,the database system is starting up,{},[],postgres,0,null,[],null
24caeefd-8561-4bd3-ade3-11566c167a56,"""2026-07-13T05:29:06.432Z""",2026-07-13T05:29:06.432000,error,57P03,,,,the database system is starting up,{},[],postgres,0,null,[],null
af8ec1c6-358c-495a-ac25-03019aab2ce1,"""2026-07-13T05:29:06.429Z""",2026-07-13T05:29:06.429000,error,521,GET,,/rest/v1/drivers,"GET | 521 | https://nafxpivddesgsrthmosv.supabase.co/rest/v1/drivers?select=id%2Corganization_id%2Cuser_id%2Cname%2Cphone%2Cemail%2Clicense_number%2Cemergency_name%2Cemergency_contact%2Cstatus%2Cassigned_vehicle_id%2Ccreated_at%2Cupdated_at%2Cleft_at%2Ctracking_only%2Cpayable_amount%2Ccommission_percent%2Ccommission_per_km%2Cavatar_url%2Cavatar_seed%2Corganizations%21left%28name%29&user_id=eq.ae81eb30-4f63-47cb-8c43-079d0d5ed570&order=created_at.desc&limit=20 | Mozilla/5.0 (iPhone; CPU iPhone OS 18_5 like Mac OS X) AppleWebKit/605.1.15 (KHTML, like Gecko) Version/18.5 Mobile/15E148 Safari/604.1",{},[],edge,0,null,[],null
f1bc97af-14bc-4eab-acc6-e1d67ea2e0e5,"""2026-07-13T05:29:06.377Z""",2026-07-13T05:29:06.377000,error,57P03,,,,the database system is starting up,{},[],postgres,0,null,[],null
7c75d4d2-07b1-4973-a9ce-91efee33ae4b,"""2026-07-13T05:29:06.377Z""",2026-07-13T05:29:06.377000,error,57P03,,,,the database system is starting up,{},[],postgres,0,null,[],null
b25f9a29-5c63-4f07-9684-88c4b6075555,"""2026-07-13T05:29:02.246Z""",2026-07-13T05:29:02.246000,error,521,GET,,/rest/v1/drivers,"GET | 521 | https://nafxpivddesgsrthmosv.supabase.co/rest/v1/drivers?select=id%2Corganization_id%2Cuser_id%2Cname%2Cphone%2Cemail%2Clicense_number%2Cemergency_name%2Cemergency_contact%2Cstatus%2Cassigned_vehicle_id%2Ccreated_at%2Cupdated_at%2Cleft_at%2Ctracking_only%2Cpayable_amount%2Ccommission_percent%2Ccommission_per_km%2Cavatar_url%2Cavatar_seed%2Corganizations%21left%28name%29&user_id=eq.ae81eb30-4f63-47cb-8c43-079d0d5ed570&order=created_at.desc&limit=20 | Mozilla/5.0 (iPhone; CPU iPhone OS 18_5 like Mac OS X) AppleWebKit/605.1.15 (KHTML, like Gecko) Version/18.5 Mobile/15E148 Safari/604.1",{},[],edge,0,null,[],null
ad5d926e-4a50-4642-8ae2-2e2b25a85c9f,"""2026-07-13T05:28:53.965Z""",2026-07-13T05:28:53.965000,error,200,,,,UnableToConnectToProject: Realtime was unable to connect to the project database,{},[],realtime,0,null,[],null
25acaa02-3aad-4b00-af7d-0d4d332c2cec,"""2026-07-13T05:28:53.964Z""",2026-07-13T05:28:53.964000,error,200,,,,"UnableToConnectToTenantDatabase: %DBConnection.ConnectionError{
  message: ""[Elixir.Realtime.Tenants.Connect.DynamicSupervisor] connection not available and request was dropped from queue after 12000ms. This means requests are coming in and your connection pool cannot serve them fast enough. You can address this by:\n\n  1. Ensuring your database is available and that you can connect to it\n  2. Tracking down slow queries and making sure they are running fast enough\n  3. Increasing the pool_size (although this increases resource consumption)\n  4. Allowing requests to wait longer by increasing :queue_target and :queue_interval\n\nSee DBConnection.start_link/2 for more information\n"",
  severity: :error,
  reason: :queue_timeout
}",{},[],realtime,0,null,[],null
680ff37c-2a4b-4616-a134-4a683ff78e71,"""2026-07-13T05:28:53.964Z""",2026-07-13T05:28:53.964000,error,200,,,,Realtime.Tenants.Connect.CheckConnection failed in 12000 ms,{},[],realtime,0,null,[],null
bfdf54f0-2e98-458b-978e-a8f427380b61,"""2026-07-13T05:28:53.964Z""",2026-07-13T05:28:53.964000,error,200,,,,UnableToConnectToTenantDatabase: Unable to connect to tenant database,{},[],realtime,0,null,[],null
60d3cafc-89c9-4a7f-8751-7636d07cd8c4,"""2026-07-13T05:28:53.964Z""",2026-07-13T05:28:53.964000,error,200,,,,"UnableToConnectToTenantDatabase: %DBConnection.ConnectionError{
  message: ""[Elixir.Realtime.Tenants.Connect.DynamicSupervisor] connection not available and request was dropped from queue after 12000ms. This means requests are coming in and your connection pool cannot serve them fast enough. You can address this by:\n\n  1. Ensuring your database is available and that you can connect to it\n  2. Tracking down slow queries and making sure they are running fast enough\n  3. Increasing the pool_size (although this increases resource consumption)\n  4. Allowing requests to wait longer by increasing :queue_target and :queue_interval\n\nSee DBConnection.start_link/2 for more information\n"",
  severity: :error,
  reason: :queue_timeout
}",{},[],realtime,0,null,[],null
628f5e5b-75d0-4863-a252-242004b05d86,"""2026-07-13T05:28:51.241Z""",2026-07-13T05:28:51.241000,error,522,GET,,/rest/v1/profiles,"GET | 522 | https://nafxpivddesgsrthmosv.supabase.co/rest/v1/profiles?select=id%2Cemail%2Cfull_name%2Crole%2Caggregated%2Casset%2Ccompany_name%2Cphone%2Cavatar_url%2Cavatar_seed%2Cbio&id=eq.ae81eb30-4f63-47cb-8c43-079d0d5ed570 | Mozilla/5.0 (iPhone; CPU iPhone OS 18_5 like Mac OS X) AppleWebKit/605.1.15 (KHTML, like Gecko) Version/18.5 Mobile/15E148 Safari/604.1",{},[],edge,0,null,[],null
281e8d51-033d-4e4c-96f8-4b84ad368e3c,"""2026-07-13T05:28:50.246Z""",2026-07-13T05:28:50.246000,error,522,GET,,/rest/v1/clients,"GET | 522 | https://nafxpivddesgsrthmosv.supabase.co/rest/v1/clients?select=id%2Corganization_id%2Cname%2Ccontact_person%2Cphone%2Cemail%2Caddress%2Cgstin%2Cpan_number%2Cstatus%2Ccreated_at%2Cupdated_at%2Cdisplay_id%2Cis_integrated%2Clinked_organization_id%2Ccontact_percent%2Cavatar_url%2Cavatar_seed%2Cowner_full_name&organization_id=eq.89427247-b09c-444b-ac85-17c1bf9fdf20&status=eq.active&order=name.asc | Mozilla/5.0 (Macintosh; Intel Mac OS X 10_15_7) AppleWebKit/537.36 (KHTML, like Gecko) Chrome/150.0.0.0 Safari/537.36",{},[],edge,0,null,[],null
272eb075-9f0c-4ad5-9e73-b6d28ba22ed8,"""2026-07-13T05:28:47.252Z""",2026-07-13T05:28:47.252000,error,522,GET,,/rest/v1/trips_driver_view,"GET | 522 | https://nafxpivddesgsrthmosv.supabase.co/rest/v1/trips_driver_view?select=*&driver_id=in.%289fd1297f-4295-4d25-93e1-9f6e3cbe3d0a%29&order=created_at.desc | Mozilla/5.0 (iPhone; CPU iPhone OS 18_5 like Mac OS X) AppleWebKit/605.1.15 (KHTML, like Gecko) Version/18.5 Mobile/15E148 Safari/604.1",{},[],edge,0,null,[],null
7e70b575-4145-4b42-b70b-5dded3bf0cba,"""2026-07-13T05:28:47.251Z""",2026-07-13T05:28:47.251000,error,522,POST,,/rest/v1/rpc/get_driver_invites_received,"POST | 522 | https://nafxpivddesgsrthmosv.supabase.co/rest/v1/rpc/get_driver_invites_received | Mozilla/5.0 (iPhone; CPU iPhone OS 18_5 like Mac OS X) AppleWebKit/605.1.15 (KHTML, like Gecko) Version/18.5 Mobile/15E148 Safari/604.1",{},[],edge,0,null,[],null
01b8d4d6-2d82-4d44-9034-226a419ba369,"""2026-07-13T05:28:47.250Z""",2026-07-13T05:28:47.250000,error,522,POST,,/rest/v1/rpc/get_driver_invites_received,"POST | 522 | https://nafxpivddesgsrthmosv.supabase.co/rest/v1/rpc/get_driver_invites_received | Mozilla/5.0 (iPhone; CPU iPhone OS 18_5 like Mac OS X) AppleWebKit/605.1.15 (KHTML, like Gecko) Version/18.5 Mobile/15E148 Safari/604.1",{},[],edge,0,null,[],null
e1e1e23e-62bb-409b-89a8-81305cae15d8,"""2026-07-13T05:28:47.249Z""",2026-07-13T05:28:47.249000,error,522,GET,,/rest/v1/trip_conversations,"GET | 522 | https://nafxpivddesgsrthmosv.supabase.co/rest/v1/trip_conversations?select=id%2Corganization_id%2Ctrip_id%2Cparty_type%2Cparty_name%2Cclient_id%2Csupplier_id%2Cdriver_id%2Clast_message_at%2Clast_message_preview%2Cunread_dispatcher_count%2Ccreated_at%2Cupdated_at&driver_id=in.%289fd1297f-4295-4d25-93e1-9f6e3cbe3d0a%29&order=last_message_at.desc.nullslast&limit=100 | Mozilla/5.0 (iPhone; CPU iPhone OS 18_5 like Mac OS X) AppleWebKit/605.1.15 (KHTML, like Gecko) Version/18.5 Mobile/15E148 Safari/604.1",{},[],edge,0,null,[],null
122f4ff5-7fe7-4767-a61a-3c850327f89d,"""2026-07-13T05:28:47.246Z""",2026-07-13T05:28:47.246000,error,522,POST,,/rest/v1/rpc/sync_my_driver_rows_user_id,"POST | 522 | https://nafxpivddesgsrthmosv.supabase.co/rest/v1/rpc/sync_my_driver_rows_user_id | Mozilla/5.0 (iPhone; CPU iPhone OS 18_5 like Mac OS X) AppleWebKit/605.1.15 (KHTML, like Gecko) Version/18.5 Mobile/15E148 Safari/604.1",{},[],edge,0,null,[],null
922cc3fe-865b-4beb-b05a-cc8147de4a58,"""2026-07-13T05:28:47.241Z""",2026-07-13T05:28:47.241000,error,522,POST,,/rest/v1/rpc/get_pending_otp_trips,"POST | 522 | https://nafxpivddesgsrthmosv.supabase.co/rest/v1/rpc/get_pending_otp_trips | Mozilla/5.0 (iPhone; CPU iPhone OS 18_5 like Mac OS X) AppleWebKit/605.1.15 (KHTML, like Gecko) Version/18.5 Mobile/15E148 Safari/604.1",{},[],edge,0,null,[],null
c6629b82-cb1c-4228-a8da-2c853f2e8d30,"""2026-07-13T05:28:37.961Z""",2026-07-13T05:28:37.961000,error,200,,,,UnableToConnectToProject: Realtime was unable to connect to the project database,{},[],realtime,0,null,[],null
c398e09e-d4c8-4b05-bf28-669702a8d5f5,"""2026-07-13T05:28:37.960Z""",2026-07-13T05:28:37.960000,error,200,,,,UnableToConnectToTenantDatabase: Unable to connect to tenant database,{},[],realtime,0,null,[],null
df0b849a-eb95-4519-ba49-4edaeb4e6914,"""2026-07-13T05:28:37.960Z""",2026-07-13T05:28:37.960000,error,200,,,,"UnableToConnectToTenantDatabase: %DBConnection.ConnectionError{
  message: ""[Elixir.Realtime.Tenants.Connect.DynamicSupervisor] connection not available and request was dropped from queue after 12000ms. This means requests are coming in and your connection pool cannot serve them fast enough. You can address this by:\n\n  1. Ensuring your database is available and that you can connect to it\n  2. Tracking down slow queries and making sure they are running fast enough\n  3. Increasing the pool_size (although this increases resource consumption)\n  4. Allowing requests to wait longer by increasing :queue_target and :queue_interval\n\nSee DBConnection.start_link/2 for more information\n"",
  severity: :error,
  reason: :queue_timeout
}",{},[],realtime,0,null,[],null
8d00ded1-fdc6-42ca-8ee7-fd4a8c2fcd6f,"""2026-07-13T05:28:37.960Z""",2026-07-13T05:28:37.960000,error,200,,,,Realtime.Tenants.Connect.CheckConnection failed in 12000 ms,{},[],realtime,0,null,[],null
ddf3fb9f-e409-4692-895c-95b4f397f9fb,"""2026-07-13T05:28:37.960Z""",2026-07-13T05:28:37.960000,error,200,,,,"UnableToConnectToTenantDatabase: %DBConnection.ConnectionError{
  message: ""[Elixir.Realtime.Tenants.Connect.DynamicSupervisor] connection not available and request was dropped from queue after 12000ms. This means requests are coming in and your connection pool cannot serve them fast enough. You can address this by:\n\n  1. Ensuring your database is available and that you can connect to it\n  2. Tracking down slow queries and making sure they are running fast enough\n  3. Increasing the pool_size (although this increases resource consumption)\n  4. Allowing requests to wait longer by increasing :queue_target and :queue_interval\n\nSee DBConnection.start_link/2 for more information\n"",
  severity: :error,
  reason: :queue_timeout
}",{},[],realtime,0,null,[],null
43011b39-8591-4906-90c4-a145c18bc5ed,"""2026-07-13T05:28:34.242Z""",2026-07-13T05:28:34.242000,error,522,GET,,/rest/v1/drivers,"GET | 522 | https://nafxpivddesgsrthmosv.supabase.co/rest/v1/drivers?select=id%2Corganization_id%2Cuser_id%2Cname%2Cphone%2Cemail%2Clicense_number%2Cemergency_name%2Cemergency_contact%2Cstatus%2Cassigned_vehicle_id%2Ccreated_at%2Cupdated_at%2Cleft_at%2Ctracking_only%2Cpayable_amount%2Ccommission_percent%2Ccommission_per_km%2Cavatar_url%2Cavatar_seed%2Corganizations%21left%28name%29&user_id=eq.ae81eb30-4f63-47cb-8c43-079d0d5ed570&order=created_at.desc&limit=20 | Mozilla/5.0 (iPhone; CPU iPhone OS 18_5 like Mac OS X) AppleWebKit/605.1.15 (KHTML, like Gecko) Version/18.5 Mobile/15E148 Safari/604.1",{},[],edge,0,null,[],null
701742c4-84a9-4249-bd83-3efe77e27f31,"""2026-07-13T05:28:26.250Z""",2026-07-13T05:28:26.250000,error,522,GET,,/rest/v1/clients,"GET | 522 | https://nafxpivddesgsrthmosv.supabase.co/rest/v1/clients?select=id%2Corganization_id%2Cname%2Ccontact_person%2Cphone%2Cemail%2Caddress%2Cgstin%2Cpan_number%2Cstatus%2Ccreated_at%2Cupdated_at%2Cdisplay_id%2Cis_integrated%2Clinked_organization_id%2Ccontact_percent%2Cavatar_url%2Cavatar_seed%2Cowner_full_name&organization_id=eq.89427247-b09c-444b-ac85-17c1bf9fdf20&status=eq.active&order=name.asc | Mozilla/5.0 (Macintosh; Intel Mac OS X 10_15_7) AppleWebKit/537.36 (KHTML, like Gecko) Chrome/150.0.0.0 Safari/537.36",{},[],edge,0,null,[],null
488523d4-cd66-4288-a560-ee77950c6545,"""2026-07-13T05:28:25.880Z""",2026-07-13T05:28:25.880000,error,522,GET,,/rest/v1/profiles,"GET | 522 | https://nafxpivddesgsrthmosv.supabase.co/rest/v1/profiles?select=id%2Cemail%2Cfull_name%2Crole%2Caggregated%2Casset%2Ccompany_name%2Cphone%2Cavatar_url%2Cavatar_seed%2Cbio&id=eq.ae81eb30-4f63-47cb-8c43-079d0d5ed570 | Mozilla/5.0 (iPhone; CPU iPhone OS 18_5 like Mac OS X) AppleWebKit/605.1.15 (KHTML, like Gecko) Version/18.5 Mobile/15E148 Safari/604.1",{},[],edge,0,null,[],null
d194de9e-2aa5-4cdc-9ff0-8f3153ab6ee2,"""2026-07-13T05:28:25.878Z""",2026-07-13T05:28:25.878000,error,522,POST,,/rest/v1/rpc/get_driver_invites_received,"POST | 522 | https://nafxpivddesgsrthmosv.supabase.co/rest/v1/rpc/get_driver_invites_received | Mozilla/5.0 (iPhone; CPU iPhone OS 18_5 like Mac OS X) AppleWebKit/605.1.15 (KHTML, like Gecko) Version/18.5 Mobile/15E148 Safari/604.1",{},[],edge,0,null,[],null
1e6248e7-84ad-4930-9cb1-f4f9a44989eb,"""2026-07-13T05:28:25.877Z""",2026-07-13T05:28:25.877000,error,522,POST,,/rest/v1/rpc/get_driver_invites_received,"POST | 522 | https://nafxpivddesgsrthmosv.supabase.co/rest/v1/rpc/get_driver_invites_received | Mozilla/5.0 (iPhone; CPU iPhone OS 18_5 like Mac OS X) AppleWebKit/605.1.15 (KHTML, like Gecko) Version/18.5 Mobile/15E148 Safari/604.1",{},[],edge,0,null,[],null
63b8c100-8791-4944-90df-2f20319b7730,"""2026-07-13T05:28:25.875Z""",2026-07-13T05:28:25.875000,error,522,POST,,/rest/v1/rpc/get_pending_otp_trips,"POST | 522 | https://nafxpivddesgsrthmosv.supabase.co/rest/v1/rpc/get_pending_otp_trips | Mozilla/5.0 (iPhone; CPU iPhone OS 18_5 like Mac OS X) AppleWebKit/605.1.15 (KHTML, like Gecko) Version/18.5 Mobile/15E148 Safari/604.1",{},[],edge,0,null,[],null
b24b1d99-406f-46da-9760-edcfc4e75d94,"""2026-07-13T05:28:25.872Z""",2026-07-13T05:28:25.872000,error,522,POST,,/rest/v1/rpc/sync_my_driver_rows_user_id,"POST | 522 | https://nafxpivddesgsrthmosv.supabase.co/rest/v1/rpc/sync_my_driver_rows_user_id | Mozilla/5.0 (iPhone; CPU iPhone OS 18_5 like Mac OS X) AppleWebKit/605.1.15 (KHTML, like Gecko) Version/18.5 Mobile/15E148 Safari/604.1",{},[],edge,0,null,[],null
2dfbda78-2bf7-4971-accc-69ee780a7a09,"""2026-07-13T05:28:24.500Z""",2026-07-13T05:28:24.500000,error,200,,,,"PoolingReplicationPreparationError: %DBConnection.ConnectionError{
  message: ""[Elixir.Extensions.PostgresCdcRls.DynamicSupervisor] connection not available and request was dropped from queue after 12000ms. This means requests are coming in and your connection pool cannot serve them fast enough. You can address this by:\n\n  1. Ensuring your database is available and that you can connect to it\n  2. Tracking down slow queries and making sure they are running fast enough\n  3. Increasing the pool_size (although this increases resource consumption)\n  4. Allowing requests to wait longer by increasing :queue_target and :queue_interval\n\nSee DBConnection.start_link/2 for more information\n"",
  severity: :error,
  reason: :queue_timeout
}",{},[],realtime,0,null,[],null
3f2d3e98-ac1b-494c-9841-a2be4fec31eb,"""2026-07-13T05:28:24.500Z""",2026-07-13T05:28:24.500000,error,200,,,,"ReplicationPollerMaxRetriesReached: %DBConnection.ConnectionError{
  message: ""[Elixir.Extensions.PostgresCdcRls.DynamicSupervisor] connection not available and request was dropped from queue after 12000ms. This means requests are coming in and your connection pool cannot serve them fast enough. You can address this by:\n\n  1. Ensuring your database is available and that you can connect to it\n  2. Tracking down slow queries and making sure they are running fast enough\n  3. Increasing the pool_size (although this increases resource consumption)\n  4. Allowing requests to wait longer by increasing :queue_target and :queue_interval\n\nSee DBConnection.start_link/2 for more information\n"",
  severity: :error,
  reason: :queue_timeout
}",{},[],realtime,0,null,[],null
c1d9f21a-3d88-47dc-ae8d-ff831227f405,"""2026-07-13T05:28:23.243Z""",2026-07-13T05:28:23.243000,error,522,GET,,/rest/v1/trip_conversations,"GET | 522 | https://nafxpivddesgsrthmosv.supabase.co/rest/v1/trip_conversations?select=id%2Corganization_id%2Ctrip_id%2Cparty_type%2Cparty_name%2Cclient_id%2Csupplier_id%2Cdriver_id%2Clast_message_at%2Clast_message_preview%2Cunread_dispatcher_count%2Ccreated_at%2Cupdated_at&driver_id=in.%289fd1297f-4295-4d25-93e1-9f6e3cbe3d0a%29&order=last_message_at.desc.nullslast&limit=100 | Mozilla/5.0 (iPhone; CPU iPhone OS 18_5 like Mac OS X) AppleWebKit/605.1.15 (KHTML, like Gecko) Version/18.5 Mobile/15E148 Safari/604.1",{},[],edge,0,null,[],null
e19ecd4f-1742-47a2-9e02-f6bde19e1dc5,"""2026-07-13T05:28:23.242Z""",2026-07-13T05:28:23.242000,error,522,GET,,/rest/v1/trips_driver_view,"GET | 522 | https://nafxpivddesgsrthmosv.supabase.co/rest/v1/trips_driver_view?select=*&driver_id=in.%289fd1297f-4295-4d25-93e1-9f6e3cbe3d0a%29&order=created_at.desc | Mozilla/5.0 (iPhone; CPU iPhone OS 18_5 like Mac OS X) AppleWebKit/605.1.15 (KHTML, like Gecko) Version/18.5 Mobile/15E148 Safari/604.1",{},[],edge,0,null,[],null
5fd7d95e-ad8a-499d-9a95-a31d5c837eec,"""2026-07-13T05:28:12.500Z""",2026-07-13T05:28:12.500000,error,200,,,,"CheckOidsError: %DBConnection.ConnectionError{
  message: ""[Elixir.Extensions.PostgresCdcRls.DynamicSupervisor] connection not available and request was dropped from queue after 10464ms. This means requests are coming in and your connection pool cannot serve them fast enough. You can address this by:\n\n  1. Ensuring your database is available and that you can connect to it\n  2. Tracking down slow queries and making sure they are running fast enough\n  3. Increasing the pool_size (although this increases resource consumption)\n  4. Allowing requests to wait longer by increasing :queue_target and :queue_interval\n\nSee DBConnection.start_link/2 for more information\n"",
  severity: :error,
  reason: :queue_timeout
}",{},[],realtime,0,null,[],null
81cabdae-e01f-4cb5-8ee7-55b4747017d6,"""2026-07-13T05:28:06.245Z""",2026-07-13T05:28:06.245000,error,522,GET,,/rest/v1/drivers,"GET | 522 | https://nafxpivddesgsrthmosv.supabase.co/rest/v1/drivers?select=id%2Corganization_id%2Cuser_id%2Cname%2Cphone%2Cemail%2Clicense_number%2Cemergency_name%2Cemergency_contact%2Cstatus%2Cassigned_vehicle_id%2Ccreated_at%2Cupdated_at%2Cleft_at%2Ctracking_only%2Cpayable_amount%2Ccommission_percent%2Ccommission_per_km%2Cavatar_url%2Cavatar_seed%2Corganizations%21left%28name%29&user_id=eq.ae81eb30-4f63-47cb-8c43-079d0d5ed570&order=created_at.desc&limit=20 | Mozilla/5.0 (iPhone; CPU iPhone OS 18_5 like Mac OS X) AppleWebKit/605.1.15 (KHTML, like Gecko) Version/18.5 Mobile/15E148 Safari/604.1",{},[],edge,0,null,[],null
8662c2a8-8db6-4484-8d50-20ef24939c51,"""2026-07-13T05:28:04.243Z""",2026-07-13T05:28:04.243000,error,522,GET,,/rest/v1/profiles,"GET | 522 | https://nafxpivddesgsrthmosv.supabase.co/rest/v1/profiles?select=id%2Cemail%2Cfull_name%2Crole%2Caggregated%2Casset%2Ccompany_name%2Cphone%2Cavatar_url%2Cavatar_seed%2Cbio&id=eq.ae81eb30-4f63-47cb-8c43-079d0d5ed570 | Mozilla/5.0 (iPhone; CPU iPhone OS 18_5 like Mac OS X) AppleWebKit/605.1.15 (KHTML, like Gecko) Version/18.5 Mobile/15E148 Safari/604.1",{},[],edge,0,null,[],null
8088c7fa-9b3f-4afa-aaed-d5eb03d158c4,"""2026-07-13T05:28:04.242Z""",2026-07-13T05:28:04.242000,error,522,GET,,/rest/v1/clients,"GET | 522 | https://nafxpivddesgsrthmosv.supabase.co/rest/v1/clients?select=id%2Corganization_id%2Cname%2Ccontact_person%2Cphone%2Cemail%2Caddress%2Cgstin%2Cpan_number%2Cstatus%2Ccreated_at%2Cupdated_at%2Cdisplay_id%2Cis_integrated%2Clinked_organization_id%2Ccontact_percent%2Cavatar_url%2Cavatar_seed%2Cowner_full_name&organization_id=eq.89427247-b09c-444b-ac85-17c1bf9fdf20&status=eq.active&order=name.asc | Mozilla/5.0 (Macintosh; Intel Mac OS X 10_15_7) AppleWebKit/537.36 (KHTML, like Gecko) Chrome/150.0.0.0 Safari/537.36",{},[],edge,0,null,[],null
c16b4172-9e2b-4435-943f-4ca7f1a04a3b,"""2026-07-13T05:28:01.250Z""",2026-07-13T05:28:01.250000,error,522,GET,,/rest/v1/trip_conversations,"GET | 522 | https://nafxpivddesgsrthmosv.supabase.co/rest/v1/trip_conversations?select=id%2Corganization_id%2Ctrip_id%2Cparty_type%2Cparty_name%2Cclient_id%2Csupplier_id%2Cdriver_id%2Clast_message_at%2Clast_message_preview%2Cunread_dispatcher_count%2Ccreated_at%2Cupdated_at&driver_id=in.%289fd1297f-4295-4d25-93e1-9f6e3cbe3d0a%29&order=last_message_at.desc.nullslast&limit=100 | Mozilla/5.0 (iPhone; CPU iPhone OS 18_5 like Mac OS X) AppleWebKit/605.1.15 (KHTML, like Gecko) Version/18.5 Mobile/15E148 Safari/604.1",{},[],edge,0,null,[],null
90f0be99-8d11-4271-97df-52eeb56e81b6,"""2026-07-13T05:28:01.247Z""",2026-07-13T05:28:01.247000,error,522,GET,,/rest/v1/trips_driver_view,"GET | 522 | https://nafxpivddesgsrthmosv.supabase.co/rest/v1/trips_driver_view?select=*&driver_id=in.%289fd1297f-4295-4d25-93e1-9f6e3cbe3d0a%29&order=created_at.desc | Mozilla/5.0 (iPhone; CPU iPhone OS 18_5 like Mac OS X) AppleWebKit/605.1.15 (KHTML, like Gecko) Version/18.5 Mobile/15E148 Safari/604.1",{},[],edge,0,null,[],null
ef038885-5eff-4eb8-bc61-fea8cba28e48,"""2026-07-13T05:28:00.500Z""",2026-07-13T05:28:00.500000,error,200,,,,"PoolingReplicationPreparationError: %DBConnection.ConnectionError{
  message: ""[Elixir.Extensions.PostgresCdcRls.DynamicSupervisor] connection not available and request was dropped from queue after 11405ms. This means requests are coming in and your connection pool cannot serve them fast enough. You can address this by:\n\n  1. Ensuring your database is available and that you can connect to it\n  2. Tracking down slow queries and making sure they are running fast enough\n  3. Increasing the pool_size (although this increases resource consumption)\n  4. Allowing requests to wait longer by increasing :queue_target and :queue_interval\n\nSee DBConnection.start_link/2 for more information\n"",
  severity: :error,
  reason: :queue_timeout
}",{},[],realtime,0,null,[],null
c41ca90e-9918-4fa2-89f6-2666f44885c8,"""2026-07-13T05:27:48.500Z""",2026-07-13T05:27:48.500000,error,200,,,,"PoolingReplicationPreparationError: %DBConnection.ConnectionError{
  message: ""[Elixir.Extensions.PostgresCdcRls.DynamicSupervisor] connection not available and request was dropped from queue after 11429ms. This means requests are coming in and your connection pool cannot serve them fast enough. You can address this by:\n\n  1. Ensuring your database is available and that you can connect to it\n  2. Tracking down slow queries and making sure they are running fast enough\n  3. Increasing the pool_size (although this increases resource consumption)\n  4. Allowing requests to wait longer by increasing :queue_target and :queue_interval\n\nSee DBConnection.start_link/2 for more information\n"",
  severity: :error,
  reason: :queue_timeout
}",{},[],realtime,0,null,[],null
9c82fa45-0d81-4e00-b824-5731266c8510,"""2026-07-13T05:27:43.243Z""",2026-07-13T05:27:43.243000,error,522,GET,,/rest/v1/clients,"GET | 522 | https://nafxpivddesgsrthmosv.supabase.co/rest/v1/clients?select=id%2Corganization_id%2Cname%2Ccontact_person%2Cphone%2Cemail%2Caddress%2Cgstin%2Cpan_number%2Cstatus%2Ccreated_at%2Cupdated_at%2Cdisplay_id%2Cis_integrated%2Clinked_organization_id%2Ccontact_percent%2Cavatar_url%2Cavatar_seed%2Cowner_full_name&organization_id=eq.89427247-b09c-444b-ac85-17c1bf9fdf20&status=eq.active&order=name.asc | Mozilla/5.0 (Macintosh; Intel Mac OS X 10_15_7) AppleWebKit/537.36 (KHTML, like Gecko) Chrome/150.0.0.0 Safari/537.36",{},[],edge,0,null,[],null
a540a3f5-8e68-4bc5-8d65-9c798e1f7de5,"""2026-07-13T05:27:42.500Z""",2026-07-13T05:27:42.500000,error,200,,,,"CheckOidsError: %DBConnection.ConnectionError{
  message: ""[Elixir.Extensions.PostgresCdcRls.DynamicSupervisor] connection not available and request was dropped from queue after 11999ms. This means requests are coming in and your connection pool cannot serve them fast enough. You can address this by:\n\n  1. Ensuring your database is available and that you can connect to it\n  2. Tracking down slow queries and making sure they are running fast enough\n  3. Increasing the pool_size (although this increases resource consumption)\n  4. Allowing requests to wait longer by increasing :queue_target and :queue_interval\n\nSee DBConnection.start_link/2 for more information\n"",
  severity: :error,
  reason: :queue_timeout
}",{},[],realtime,0,null,[],null
89072f81-1d3b-4177-b583-09bea966912a,"""2026-07-13T05:27:38.243Z""",2026-07-13T05:27:38.243000,error,521,GET,,/rest/v1/profiles,"GET | 521 | https://nafxpivddesgsrthmosv.supabase.co/rest/v1/profiles?select=id%2Cemail%2Cfull_name%2Crole%2Caggregated%2Casset%2Ccompany_name%2Cphone%2Cavatar_url%2Cavatar_seed%2Cbio&id=eq.ae81eb30-4f63-47cb-8c43-079d0d5ed570 | Mozilla/5.0 (iPhone; CPU iPhone OS 18_5 like Mac OS X) AppleWebKit/605.1.15 (KHTML, like Gecko) Version/18.5 Mobile/15E148 Safari/604.1",{},[],edge,0,null,[],null
6c526089-3bc8-436a-bc43-b6d7cc08ec40,"""2026-07-13T05:27:38.241Z""",2026-07-13T05:27:38.241000,error,521,GET,,/rest/v1/clients,"GET | 521 | https://nafxpivddesgsrthmosv.supabase.co/rest/v1/clients?select=id%2Corganization_id%2Cname%2Ccontact_person%2Cphone%2Cemail%2Caddress%2Cgstin%2Cpan_number%2Cstatus%2Ccreated_at%2Cupdated_at%2Cdisplay_id%2Cis_integrated%2Clinked_organization_id%2Ccontact_percent%2Cavatar_url%2Cavatar_seed%2Cowner_full_name&organization_id=eq.89427247-b09c-444b-ac85-17c1bf9fdf20&status=eq.active&order=name.asc | Mozilla/5.0 (Macintosh; Intel Mac OS X 10_15_7) AppleWebKit/537.36 (KHTML, like Gecko) Chrome/150.0.0.0 Safari/537.36",{},[],edge,0,null,[],null
2f647def-2d2c-4fec-9741-1d22a40de654,"""2026-07-13T05:27:37.480Z""",2026-07-13T05:27:37.480000,error,521,GET,,/rest/v1/drivers,"GET | 521 | https://nafxpivddesgsrthmosv.supabase.co/rest/v1/drivers?select=id%2Corganization_id%2Cuser_id%2Cname%2Cphone%2Cemail%2Clicense_number%2Cemergency_name%2Cemergency_contact%2Cstatus%2Cassigned_vehicle_id%2Ccreated_at%2Cupdated_at%2Cleft_at%2Ctracking_only%2Cpayable_amount%2Ccommission_percent%2Ccommission_per_km%2Cavatar_url%2Cavatar_seed%2Corganizations%21left%28name%29&user_id=eq.ae81eb30-4f63-47cb-8c43-079d0d5ed570&order=created_at.desc&limit=20 | Mozilla/5.0 (iPhone; CPU iPhone OS 18_5 like Mac OS X) AppleWebKit/605.1.15 (KHTML, like Gecko) Version/18.5 Mobile/15E148 Safari/604.1",{},[],edge,0,null,[],null
f2af1294-2bed-4641-b820-85da1c947483,"""2026-07-13T05:27:37.436Z""",2026-07-13T05:27:37.436000,error,521,GET,,/rest/v1/drivers,"GET | 521 | https://nafxpivddesgsrthmosv.supabase.co/rest/v1/drivers?select=id%2Corganization_id%2Cuser_id%2Cname%2Cphone%2Cemail%2Clicense_number%2Cemergency_name%2Cemergency_contact%2Cstatus%2Cassigned_vehicle_id%2Ccreated_at%2Cupdated_at%2Cleft_at%2Ctracking_only%2Cpayable_amount%2Ccommission_percent%2Ccommission_per_km%2Cavatar_url%2Cavatar_seed%2Corganizations%21left%28name%29&user_id=eq.ae81eb30-4f63-47cb-8c43-079d0d5ed570&order=created_at.desc&limit=20 | Mozilla/5.0 (iPhone; CPU iPhone OS 18_5 like Mac OS X) AppleWebKit/605.1.15 (KHTML, like Gecko) Version/18.5 Mobile/15E148 Safari/604.1",{},[],edge,0,null,[],null
e75ac397-deb6-4311-ae14-710d32094628,"""2026-07-13T05:27:37.390Z""",2026-07-13T05:27:37.390000,error,521,GET,,/rest/v1/drivers,"GET | 521 | https://nafxpivddesgsrthmosv.supabase.co/rest/v1/drivers?select=id%2Corganization_id%2Cuser_id%2Cname%2Cphone%2Cemail%2Clicense_number%2Cemergency_name%2Cemergency_contact%2Cstatus%2Cassigned_vehicle_id%2Ccreated_at%2Cupdated_at%2Cleft_at%2Ctracking_only%2Cpayable_amount%2Ccommission_percent%2Ccommission_per_km%2Cavatar_url%2Cavatar_seed%2Corganizations%21left%28name%29&user_id=eq.ae81eb30-4f63-47cb-8c43-079d0d5ed570&order=created_at.desc&limit=20 | Mozilla/5.0 (iPhone; CPU iPhone OS 18_5 like Mac OS X) AppleWebKit/605.1.15 (KHTML, like Gecko) Version/18.5 Mobile/15E148 Safari/604.1",{},[],edge,0,null,[],null
7aab035c-5f25-4e75-8385-ac5db6396357,"""2026-07-13T05:27:37.346Z""",2026-07-13T05:27:37.346000,error,521,GET,,/rest/v1/drivers,"GET | 521 | https://nafxpivddesgsrthmosv.supabase.co/rest/v1/drivers?select=id%2Corganization_id%2Cuser_id%2Cname%2Cphone%2Cemail%2Clicense_number%2Cemergency_name%2Cemergency_contact%2Cstatus%2Cassigned_vehicle_id%2Ccreated_at%2Cupdated_at%2Cleft_at%2Ctracking_only%2Cpayable_amount%2Ccommission_percent%2Ccommission_per_km%2Cavatar_url%2Cavatar_seed%2Corganizations%21left%28name%29&user_id=eq.ae81eb30-4f63-47cb-8c43-079d0d5ed570&order=created_at.desc&limit=20 | Mozilla/5.0 (iPhone; CPU iPhone OS 18_5 like Mac OS X) AppleWebKit/605.1.15 (KHTML, like Gecko) Version/18.5 Mobile/15E148 Safari/604.1",{},[],edge,0,null,[],null
48666e9f-6f0d-4786-89cd-bb0c9a932dad,"""2026-07-13T05:27:37.304Z""",2026-07-13T05:27:37.304000,error,521,GET,,/rest/v1/drivers,"GET | 521 | https://nafxpivddesgsrthmosv.supabase.co/rest/v1/drivers?select=id%2Corganization_id%2Cuser_id%2Cname%2Cphone%2Cemail%2Clicense_number%2Cemergency_name%2Cemergency_contact%2Cstatus%2Cassigned_vehicle_id%2Ccreated_at%2Cupdated_at%2Cleft_at%2Ctracking_only%2Cpayable_amount%2Ccommission_percent%2Ccommission_per_km%2Cavatar_url%2Cavatar_seed%2Corganizations%21left%28name%29&user_id=eq.ae81eb30-4f63-47cb-8c43-079d0d5ed570&order=created_at.desc&limit=20 | Mozilla/5.0 (iPhone; CPU iPhone OS 18_5 like Mac OS X) AppleWebKit/605.1.15 (KHTML, like Gecko) Version/18.5 Mobile/15E148 Safari/604.1",{},[],edge,0,null,[],null
12cfe73d-ac92-4a22-ae04-918bed124334,"""2026-07-13T05:27:37.295Z""",2026-07-13T05:27:37.295000,error,57P01,,,,terminating connection due to administrator command,{},[],postgres,0,null,[],null
291fee40-0cc0-48f5-a7b8-7f5eedab04f3,"""2026-07-13T05:27:37.247Z""",2026-07-13T05:27:37.247000,error,521,GET,,/rest/v1/trip_conversations,"GET | 521 | https://nafxpivddesgsrthmosv.supabase.co/rest/v1/trip_conversations?select=id%2Corganization_id%2Ctrip_id%2Cparty_type%2Cparty_name%2Cclient_id%2Csupplier_id%2Cdriver_id%2Clast_message_at%2Clast_message_preview%2Cunread_dispatcher_count%2Ccreated_at%2Cupdated_at&driver_id=in.%289fd1297f-4295-4d25-93e1-9f6e3cbe3d0a%29&order=last_message_at.desc.nullslast&limit=100 | Mozilla/5.0 (iPhone; CPU iPhone OS 18_5 like Mac OS X) AppleWebKit/605.1.15 (KHTML, like Gecko) Version/18.5 Mobile/15E148 Safari/604.1",{},[],edge,0,null,[],null
99b82e2c-b0eb-4f63-a824-7bf06c4f7a2f,"""2026-07-13T05:27:37.245Z""",2026-07-13T05:27:37.245000,error,521,GET,,/rest/v1/drivers,"GET | 521 | https://nafxpivddesgsrthmosv.supabase.co/rest/v1/drivers?select=id%2Corganization_id%2Cuser_id%2Cname%2Cphone%2Cemail%2Clicense_number%2Cemergency_name%2Cemergency_contact%2Cstatus%2Cassigned_vehicle_id%2Ccreated_at%2Cupdated_at%2Cleft_at%2Ctracking_only%2Cpayable_amount%2Ccommission_percent%2Ccommission_per_km%2Cavatar_url%2Cavatar_seed%2Corganizations%21left%28name%29&user_id=eq.ae81eb30-4f63-47cb-8c43-079d0d5ed570&order=created_at.desc&limit=20 | Mozilla/5.0 (iPhone; CPU iPhone OS 18_5 like Mac OS X) AppleWebKit/605.1.15 (KHTML, like Gecko) Version/18.5 Mobile/15E148 Safari/604.1",{},[],edge,0,null,[],null
a05d3a2b-aba0-46ee-b294-2a5aa6011d3c,"""2026-07-13T05:27:37.243Z""",2026-07-13T05:27:37.243000,error,521,GET,,/rest/v1/trips_driver_view,"GET | 521 | https://nafxpivddesgsrthmosv.supabase.co/rest/v1/trips_driver_view?select=*&driver_id=in.%289fd1297f-4295-4d25-93e1-9f6e3cbe3d0a%29&order=created_at.desc | Mozilla/5.0 (iPhone; CPU iPhone OS 18_5 like Mac OS X) AppleWebKit/605.1.15 (KHTML, like Gecko) Version/18.5 Mobile/15E148 Safari/604.1",{},[],edge,0,null,[],null
1d7f6aa3-0edd-453a-bd81-1ecbc6b2da65,"""2026-07-13T05:27:36.500Z""",2026-07-13T05:27:36.500000,error,200,,,,"PoolingReplicationPreparationError: %DBConnection.ConnectionError{
  message: ""[Elixir.Extensions.PostgresCdcRls.DynamicSupervisor] connection not available and request was dropped from queue after 11631ms. This means requests are coming in and your connection pool cannot serve them fast enough. You can address this by:\n\n  1. Ensuring your database is available and that you can connect to it\n  2. Tracking down slow queries and making sure they are running fast enough\n  3. Increasing the pool_size (although this increases resource consumption)\n  4. Allowing requests to wait longer by increasing :queue_target and :queue_interval\n\nSee DBConnection.start_link/2 for more information\n"",
  severity: :error,
  reason: :queue_timeout
}",{},[],realtime,0,null,[],null
e2e7743a-0b84-458e-ab54-aec1863dae36,"""2026-07-13T05:27:35.851Z""",2026-07-13T05:27:35.851000,error,57P01,,,,terminating connection due to administrator command,{},[],postgres,0,null,[],null
7e63c55a-47da-4cf5-b1f7-d8ff845e6ada,"""2026-07-13T05:27:35.372Z""",2026-07-13T05:27:35.372000,error,521,GET,,/rest/v1/drivers,"GET | 521 | https://nafxpivddesgsrthmosv.supabase.co/rest/v1/drivers?select=id%2Corganization_id%2Cuser_id%2Cname%2Cphone%2Cemail%2Clicense_number%2Cemergency_name%2Cemergency_contact%2Cstatus%2Cassigned_vehicle_id%2Ccreated_at%2Cupdated_at%2Cleft_at%2Ctracking_only%2Cpayable_amount%2Ccommission_percent%2Ccommission_per_km%2Cavatar_url%2Cavatar_seed%2Corganizations%21left%28name%29&user_id=eq.ae81eb30-4f63-47cb-8c43-079d0d5ed570&order=created_at.desc&limit=20 | Mozilla/5.0 (iPhone; CPU iPhone OS 18_5 like Mac OS X) AppleWebKit/605.1.15 (KHTML, like Gecko) Version/18.5 Mobile/15E148 Safari/604.1",{},[],edge,0,null,[],null
304603ce-6ccc-453b-b509-ae7eaec57cd5,"""2026-07-13T05:27:35.330Z""",2026-07-13T05:27:35.330000,error,521,GET,,/rest/v1/drivers,"GET | 521 | https://nafxpivddesgsrthmosv.supabase.co/rest/v1/drivers?select=id%2Corganization_id%2Cuser_id%2Cname%2Cphone%2Cemail%2Clicense_number%2Cemergency_name%2Cemergency_contact%2Cstatus%2Cassigned_vehicle_id%2Ccreated_at%2Cupdated_at%2Cleft_at%2Ctracking_only%2Cpayable_amount%2Ccommission_percent%2Ccommission_per_km%2Cavatar_url%2Cavatar_seed%2Corganizations%21left%28name%29&user_id=eq.ae81eb30-4f63-47cb-8c43-079d0d5ed570&order=created_at.desc&limit=20 | Mozilla/5.0 (iPhone; CPU iPhone OS 18_5 like Mac OS X) AppleWebKit/605.1.15 (KHTML, like Gecko) Version/18.5 Mobile/15E148 Safari/604.1",{},[],edge,0,null,[],null
bd5c4035-7753-440a-a565-603d1763ad64,"""2026-07-13T05:27:35.279Z""",2026-07-13T05:27:35.279000,error,521,GET,,/rest/v1/drivers,"GET | 521 | https://nafxpivddesgsrthmosv.supabase.co/rest/v1/drivers?select=id%2Corganization_id%2Cuser_id%2Cname%2Cphone%2Cemail%2Clicense_number%2Cemergency_name%2Cemergency_contact%2Cstatus%2Cassigned_vehicle_id%2Ccreated_at%2Cupdated_at%2Cleft_at%2Ctracking_only%2Cpayable_amount%2Ccommission_percent%2Ccommission_per_km%2Cavatar_url%2Cavatar_seed%2Corganizations%21left%28name%29&user_id=eq.ae81eb30-4f63-47cb-8c43-079d0d5ed570&order=created_at.desc&limit=20 | Mozilla/5.0 (iPhone; CPU iPhone OS 18_5 like Mac OS X) AppleWebKit/605.1.15 (KHTML, like Gecko) Version/18.5 Mobile/15E148 Safari/604.1",{},[],edge,0,null,[],null
25ec5200-8e62-4d22-a1e8-52dbcb84e6b0,"""2026-07-13T05:27:35.238Z""",2026-07-13T05:27:35.238000,error,521,GET,,/rest/v1/drivers,"GET | 521 | https://nafxpivddesgsrthmosv.supabase.co/rest/v1/drivers?select=id%2Corganization_id%2Cuser_id%2Cname%2Cphone%2Cemail%2Clicense_number%2Cemergency_name%2Cemergency_contact%2Cstatus%2Cassigned_vehicle_id%2Ccreated_at%2Cupdated_at%2Cleft_at%2Ctracking_only%2Cpayable_amount%2Ccommission_percent%2Ccommission_per_km%2Cavatar_url%2Cavatar_seed%2Corganizations%21left%28name%29&user_id=eq.ae81eb30-4f63-47cb-8c43-079d0d5ed570&order=created_at.desc&limit=20 | Mozilla/5.0 (iPhone; CPU iPhone OS 18_5 like Mac OS X) AppleWebKit/605.1.15 (KHTML, like Gecko) Version/18.5 Mobile/15E148 Safari/604.1",{},[],edge,0,null,[],null
e7f89e6f-290f-43a9-9022-210075a1e959,"""2026-07-13T05:27:33.244Z""",2026-07-13T05:27:33.244000,error,521,GET,,/rest/v1/clients,"GET | 521 | https://nafxpivddesgsrthmosv.supabase.co/rest/v1/clients?select=id%2Corganization_id%2Cname%2Ccontact_person%2Cphone%2Cemail%2Caddress%2Cgstin%2Cpan_number%2Cstatus%2Ccreated_at%2Cupdated_at%2Cdisplay_id%2Cis_integrated%2Clinked_organization_id%2Ccontact_percent%2Cavatar_url%2Cavatar_seed%2Cowner_full_name&organization_id=eq.89427247-b09c-444b-ac85-17c1bf9fdf20&status=eq.active&order=name.asc | Mozilla/5.0 (Macintosh; Intel Mac OS X 10_15_7) AppleWebKit/537.36 (KHTML, like Gecko) Chrome/150.0.0.0 Safari/537.36",{},[],edge,0,null,[],null
9e517249-7460-44f6-8818-a851df574460,"""2026-07-13T05:27:33.244Z""",2026-07-13T05:27:33.244000,error,521,GET,,/rest/v1/profiles,"GET | 521 | https://nafxpivddesgsrthmosv.supabase.co/rest/v1/profiles?select=id%2Cemail%2Cfull_name%2Crole%2Caggregated%2Casset%2Ccompany_name%2Cphone%2Cavatar_url%2Cavatar_seed%2Cbio&id=eq.ae81eb30-4f63-47cb-8c43-079d0d5ed570 | Mozilla/5.0 (iPhone; CPU iPhone OS 18_5 like Mac OS X) AppleWebKit/605.1.15 (KHTML, like Gecko) Version/18.5 Mobile/15E148 Safari/604.1",{},[],edge,0,null,[],null
1371ce51-5def-4e40-894b-505983476da7,"""2026-07-13T05:27:32.380Z""",2026-07-13T05:27:32.380000,error,521,GET,,/rest/v1/drivers,"GET | 521 | https://nafxpivddesgsrthmosv.supabase.co/rest/v1/drivers?select=id%2Corganization_id%2Cuser_id%2Cname%2Cphone%2Cemail%2Clicense_number%2Cemergency_name%2Cemergency_contact%2Cstatus%2Cassigned_vehicle_id%2Ccreated_at%2Cupdated_at%2Cleft_at%2Ctracking_only%2Cpayable_amount%2Ccommission_percent%2Ccommission_per_km%2Cavatar_url%2Cavatar_seed%2Corganizations%21left%28name%29&user_id=eq.ae81eb30-4f63-47cb-8c43-079d0d5ed570&order=created_at.desc&limit=20 | Mozilla/5.0 (iPhone; CPU iPhone OS 18_5 like Mac OS X) AppleWebKit/605.1.15 (KHTML, like Gecko) Version/18.5 Mobile/15E148 Safari/604.1",{},[],edge,0,null,[],null
87a9dfbe-8a9e-47c1-87f3-bd4756152842,"""2026-07-13T05:27:32.337Z""",2026-07-13T05:27:32.337000,error,521,GET,,/rest/v1/drivers,"GET | 521 | https://nafxpivddesgsrthmosv.supabase.co/rest/v1/drivers?select=id%2Corganization_id%2Cuser_id%2Cname%2Cphone%2Cemail%2Clicense_number%2Cemergency_name%2Cemergency_contact%2Cstatus%2Cassigned_vehicle_id%2Ccreated_at%2Cupdated_at%2Cleft_at%2Ctracking_only%2Cpayable_amount%2Ccommission_percent%2Ccommission_per_km%2Cavatar_url%2Cavatar_seed%2Corganizations%21left%28name%29&user_id=eq.ae81eb30-4f63-47cb-8c43-079d0d5ed570&order=created_at.desc&limit=20 | Mozilla/5.0 (iPhone; CPU iPhone OS 18_5 like Mac OS X) AppleWebKit/605.1.15 (KHTML, like Gecko) Version/18.5 Mobile/15E148 Safari/604.1",{},[],edge,0,null,[],null
e09745bd-1fda-4947-8dbd-faed941283aa,"""2026-07-13T05:27:32.293Z""",2026-07-13T05:27:32.293000,error,521,GET,,/rest/v1/drivers,"GET | 521 | https://nafxpivddesgsrthmosv.supabase.co/rest/v1/drivers?select=id%2Corganization_id%2Cuser_id%2Cname%2Cphone%2Cemail%2Clicense_number%2Cemergency_name%2Cemergency_contact%2Cstatus%2Cassigned_vehicle_id%2Ccreated_at%2Cupdated_at%2Cleft_at%2Ctracking_only%2Cpayable_amount%2Ccommission_percent%2Ccommission_per_km%2Cavatar_url%2Cavatar_seed%2Corganizations%21left%28name%29&user_id=eq.ae81eb30-4f63-47cb-8c43-079d0d5ed570&order=created_at.desc&limit=20 | Mozilla/5.0 (iPhone; CPU iPhone OS 18_5 like Mac OS X) AppleWebKit/605.1.15 (KHTML, like Gecko) Version/18.5 Mobile/15E148 Safari/604.1",{},[],edge,0,null,[],null
cd022e2f-299c-49f0-a39b-c2f361eadb12,"""2026-07-13T05:27:32.246Z""",2026-07-13T05:27:32.246000,error,521,GET,,/rest/v1/trips_driver_view,"GET | 521 | https://nafxpivddesgsrthmosv.supabase.co/rest/v1/trips_driver_view?select=*&driver_id=in.%289fd1297f-4295-4d25-93e1-9f6e3cbe3d0a%29&order=created_at.desc | Mozilla/5.0 (iPhone; CPU iPhone OS 18_5 like Mac OS X) AppleWebKit/605.1.15 (KHTML, like Gecko) Version/18.5 Mobile/15E148 Safari/604.1",{},[],edge,0,null,[],null
486c225a-2864-45a3-9afe-b3e623be24c6,"""2026-07-13T05:27:32.246Z""",2026-07-13T05:27:32.246000,error,521,GET,,/rest/v1/trip_conversations,"GET | 521 | https://nafxpivddesgsrthmosv.supabase.co/rest/v1/trip_conversations?select=id%2Corganization_id%2Ctrip_id%2Cparty_type%2Cparty_name%2Cclient_id%2Csupplier_id%2Cdriver_id%2Clast_message_at%2Clast_message_preview%2Cunread_dispatcher_count%2Ccreated_at%2Cupdated_at&driver_id=in.%289fd1297f-4295-4d25-93e1-9f6e3cbe3d0a%29&order=last_message_at.desc.nullslast&limit=100 | Mozilla/5.0 (iPhone; CPU iPhone OS 18_5 like Mac OS X) AppleWebKit/605.1.15 (KHTML, like Gecko) Version/18.5 Mobile/15E148 Safari/604.1",{},[],edge,0,null,[],null
98f31cc2-a4d6-43bd-88bf-21b71a980f70,"""2026-07-13T05:27:32.243Z""",2026-07-13T05:27:32.243000,error,521,GET,,/rest/v1/drivers,"GET | 521 | https://nafxpivddesgsrthmosv.supabase.co/rest/v1/drivers?select=id%2Corganization_id%2Cuser_id%2Cname%2Cphone%2Cemail%2Clicense_number%2Cemergency_name%2Cemergency_contact%2Cstatus%2Cassigned_vehicle_id%2Ccreated_at%2Cupdated_at%2Cleft_at%2Ctracking_only%2Cpayable_amount%2Ccommission_percent%2Ccommission_per_km%2Cavatar_url%2Cavatar_seed%2Corganizations%21left%28name%29&user_id=eq.ae81eb30-4f63-47cb-8c43-079d0d5ed570&order=created_at.desc&limit=20 | Mozilla/5.0 (iPhone; CPU iPhone OS 18_5 like Mac OS X) AppleWebKit/605.1.15 (KHTML, like Gecko) Version/18.5 Mobile/15E148 Safari/604.1",{},[],edge,0,null,[],null
dd513d35-7cbf-43e0-bd93-2239ca559878,"""2026-07-13T05:27:30.972Z""",2026-07-13T05:27:30.972000,error,57P03,,,,the database system is shutting down,{},[],postgres,0,null,[],null
eafa0e53-32e0-4101-ab16-3ba180ba8349,"""2026-07-13T05:27:30.387Z""",2026-07-13T05:27:30.387000,error,521,GET,,/rest/v1/drivers,"GET | 521 | https://nafxpivddesgsrthmosv.supabase.co/rest/v1/drivers?select=id%2Corganization_id%2Cuser_id%2Cname%2Cphone%2Cemail%2Clicense_number%2Cemergency_name%2Cemergency_contact%2Cstatus%2Cassigned_vehicle_id%2Ccreated_at%2Cupdated_at%2Cleft_at%2Ctracking_only%2Cpayable_amount%2Ccommission_percent%2Ccommission_per_km%2Cavatar_url%2Cavatar_seed%2Corganizations%21left%28name%29&user_id=eq.ae81eb30-4f63-47cb-8c43-079d0d5ed570&order=created_at.desc&limit=20 | Mozilla/5.0 (iPhone; CPU iPhone OS 18_5 like Mac OS X) AppleWebKit/605.1.15 (KHTML, like Gecko) Version/18.5 Mobile/15E148 Safari/604.1",{},[],edge,0,null,[],null
03c53007-847b-4c92-8991-2f33b1fad5be,"""2026-07-13T05:27:30.340Z""",2026-07-13T05:27:30.340000,error,521,GET,,/rest/v1/drivers,"GET | 521 | https://nafxpivddesgsrthmosv.supabase.co/rest/v1/drivers?select=id%2Corganization_id%2Cuser_id%2Cname%2Cphone%2Cemail%2Clicense_number%2Cemergency_name%2Cemergency_contact%2Cstatus%2Cassigned_vehicle_id%2Ccreated_at%2Cupdated_at%2Cleft_at%2Ctracking_only%2Cpayable_amount%2Ccommission_percent%2Ccommission_per_km%2Cavatar_url%2Cavatar_seed%2Corganizations%21left%28name%29&user_id=eq.ae81eb30-4f63-47cb-8c43-079d0d5ed570&order=created_at.desc&limit=20 | Mozilla/5.0 (iPhone; CPU iPhone OS 18_5 like Mac OS X) AppleWebKit/605.1.15 (KHTML, like Gecko) Version/18.5 Mobile/15E148 Safari/604.1",{},[],edge,0,null,[],null
8aef6136-9d24-485b-898b-49f89e52f738,"""2026-07-13T05:27:30.292Z""",2026-07-13T05:27:30.292000,error,521,GET,,/rest/v1/drivers,"GET | 521 | https://nafxpivddesgsrthmosv.supabase.co/rest/v1/drivers?select=id%2Corganization_id%2Cuser_id%2Cname%2Cphone%2Cemail%2Clicense_number%2Cemergency_name%2Cemergency_contact%2Cstatus%2Cassigned_vehicle_id%2Ccreated_at%2Cupdated_at%2Cleft_at%2Ctracking_only%2Cpayable_amount%2Ccommission_percent%2Ccommission_per_km%2Cavatar_url%2Cavatar_seed%2Corganizations%21left%28name%29&user_id=eq.ae81eb30-4f63-47cb-8c43-079d0d5ed570&order=created_at.desc&limit=20 | Mozilla/5.0 (iPhone; CPU iPhone OS 18_5 like Mac OS X) AppleWebKit/605.1.15 (KHTML, like Gecko) Version/18.5 Mobile/15E148 Safari/604.1",{},[],edge,0,null,[],null
87fa6c2f-dbfd-4db0-ad7d-5dfca88f060a,"""2026-07-13T05:27:30.245Z""",2026-07-13T05:27:30.245000,error,521,GET,,/rest/v1/drivers,"GET | 521 | https://nafxpivddesgsrthmosv.supabase.co/rest/v1/drivers?select=id%2Corganization_id%2Cuser_id%2Cname%2Cphone%2Cemail%2Clicense_number%2Cemergency_name%2Cemergency_contact%2Cstatus%2Cassigned_vehicle_id%2Ccreated_at%2Cupdated_at%2Cleft_at%2Ctracking_only%2Cpayable_amount%2Ccommission_percent%2Ccommission_per_km%2Cavatar_url%2Cavatar_seed%2Corganizations%21left%28name%29&user_id=eq.ae81eb30-4f63-47cb-8c43-079d0d5ed570&order=created_at.desc&limit=20 | Mozilla/5.0 (iPhone; CPU iPhone OS 18_5 like Mac OS X) AppleWebKit/605.1.15 (KHTML, like Gecko) Version/18.5 Mobile/15E148 Safari/604.1",{},[],edge,0,null,[],null
66ad340f-f1e0-462a-b0f9-57ea6340a633,"""2026-07-13T05:27:30.244Z""",2026-07-13T05:27:30.244000,error,521,GET,,/rest/v1/profiles,"GET | 521 | https://nafxpivddesgsrthmosv.supabase.co/rest/v1/profiles?select=id%2Cemail%2Cfull_name%2Crole%2Caggregated%2Casset%2Ccompany_name%2Cphone%2Cavatar_url%2Cavatar_seed%2Cbio&id=eq.ae81eb30-4f63-47cb-8c43-079d0d5ed570 | Mozilla/5.0 (iPhone; CPU iPhone OS 18_5 like Mac OS X) AppleWebKit/605.1.15 (KHTML, like Gecko) Version/18.5 Mobile/15E148 Safari/604.1",{},[],edge,0,null,[],null
23b269a9-b702-40ee-a9e4-ef37685551e5,"""2026-07-13T05:27:30.241Z""",2026-07-13T05:27:30.241000,error,521,GET,,/rest/v1/clients,"GET | 521 | https://nafxpivddesgsrthmosv.supabase.co/rest/v1/clients?select=id%2Corganization_id%2Cname%2Ccontact_person%2Cphone%2Cemail%2Caddress%2Cgstin%2Cpan_number%2Cstatus%2Ccreated_at%2Cupdated_at%2Cdisplay_id%2Cis_integrated%2Clinked_organization_id%2Ccontact_percent%2Cavatar_url%2Cavatar_seed%2Cowner_full_name&organization_id=eq.89427247-b09c-444b-ac85-17c1bf9fdf20&status=eq.active&order=name.asc | Mozilla/5.0 (Macintosh; Intel Mac OS X 10_15_7) AppleWebKit/537.36 (KHTML, like Gecko) Chrome/150.0.0.0 Safari/537.36",{},[],edge,0,null,[],null
bd00d770-df2a-452c-8f92-96099f090f54,"""2026-07-13T05:27:29.586Z""",2026-07-13T05:27:29.586000,error,57P03,,,,the database system is shutting down,{},[],postgres,0,null,[],null
2931c181-b795-4cad-9f1e-2f33b94eb5a6,"""2026-07-13T05:27:29.344Z""",2026-07-13T05:27:29.344000,error,521,GET,,/rest/v1/drivers,"GET | 521 | https://nafxpivddesgsrthmosv.supabase.co/rest/v1/drivers?select=id%2Corganization_id%2Cuser_id%2Cname%2Cphone%2Cemail%2Clicense_number%2Cemergency_name%2Cemergency_contact%2Cstatus%2Cassigned_vehicle_id%2Ccreated_at%2Cupdated_at%2Cleft_at%2Ctracking_only%2Cpayable_amount%2Ccommission_percent%2Ccommission_per_km%2Cavatar_url%2Cavatar_seed%2Corganizations%21left%28name%29&user_id=eq.ae81eb30-4f63-47cb-8c43-079d0d5ed570&order=created_at.desc&limit=20 | Mozilla/5.0 (iPhone; CPU iPhone OS 18_5 like Mac OS X) AppleWebKit/605.1.15 (KHTML, like Gecko) Version/18.5 Mobile/15E148 Safari/604.1",{},[],edge,0,null,[],null
dc2dc595-f7a8-410a-b110-159b0ddd3daf,"""2026-07-13T05:27:29.301Z""",2026-07-13T05:27:29.301000,error,521,GET,,/rest/v1/drivers,"GET | 521 | https://nafxpivddesgsrthmosv.supabase.co/rest/v1/drivers?select=id%2Corganization_id%2Cuser_id%2Cname%2Cphone%2Cemail%2Clicense_number%2Cemergency_name%2Cemergency_contact%2Cstatus%2Cassigned_vehicle_id%2Ccreated_at%2Cupdated_at%2Cleft_at%2Ctracking_only%2Cpayable_amount%2Ccommission_percent%2Ccommission_per_km%2Cavatar_url%2Cavatar_seed%2Corganizations%21left%28name%29&user_id=eq.ae81eb30-4f63-47cb-8c43-079d0d5ed570&order=created_at.desc&limit=20 | Mozilla/5.0 (iPhone; CPU iPhone OS 18_5 like Mac OS X) AppleWebKit/605.1.15 (KHTML, like Gecko) Version/18.5 Mobile/15E148 Safari/604.1",{},[],edge,0,null,[],null
5c2f9962-2ccb-4783-a508-a4d1f659c34a,"""2026-07-13T05:27:29.259Z""",2026-07-13T05:27:29.259000,error,521,GET,,/rest/v1/drivers,"GET | 521 | https://nafxpivddesgsrthmosv.supabase.co/rest/v1/drivers?select=id%2Corganization_id%2Cuser_id%2Cname%2Cphone%2Cemail%2Clicense_number%2Cemergency_name%2Cemergency_contact%2Cstatus%2Cassigned_vehicle_id%2Ccreated_at%2Cupdated_at%2Cleft_at%2Ctracking_only%2Cpayable_amount%2Ccommission_percent%2Ccommission_per_km%2Cavatar_url%2Cavatar_seed%2Corganizations%21left%28name%29&user_id=eq.ae81eb30-4f63-47cb-8c43-079d0d5ed570&order=created_at.desc&limit=20 | Mozilla/5.0 (iPhone; CPU iPhone OS 18_5 like Mac OS X) AppleWebKit/605.1.15 (KHTML, like Gecko) Version/18.5 Mobile/15E148 Safari/604.1",{},[],edge,0,null,[],null
750e603a-1c3f-49af-8ae2-e4e139b8dbd9,"""2026-07-13T05:27:29.256Z""",2026-07-13T05:27:29.256000,error,57P03,,,,the database system is shutting down,{},[],postgres,0,null,[],null
a5ce6eac-9e71-430b-8072-b29231d06203,"""2026-07-13T05:27:29.253Z""",2026-07-13T05:27:29.253000,error,521,GET,,/rest/v1/trip_conversations,"GET | 521 | https://nafxpivddesgsrthmosv.supabase.co/rest/v1/trip_conversations?select=id%2Corganization_id%2Ctrip_id%2Cparty_type%2Cparty_name%2Cclient_id%2Csupplier_id%2Cdriver_id%2Clast_message_at%2Clast_message_preview%2Cunread_dispatcher_count%2Ccreated_at%2Cupdated_at&driver_id=in.%289fd1297f-4295-4d25-93e1-9f6e3cbe3d0a%29&order=last_message_at.desc.nullslast&limit=100 | Mozilla/5.0 (iPhone; CPU iPhone OS 18_5 like Mac OS X) AppleWebKit/605.1.15 (KHTML, like Gecko) Version/18.5 Mobile/15E148 Safari/604.1",{},[],edge,0,null,[],null
134f12fb-6022-455b-9e48-d5681b4b78bb,"""2026-07-13T05:27:29.252Z""",2026-07-13T05:27:29.252000,error,521,GET,,/rest/v1/trips_driver_view,"GET | 521 | https://nafxpivddesgsrthmosv.supabase.co/rest/v1/trips_driver_view?select=*&driver_id=in.%289fd1297f-4295-4d25-93e1-9f6e3cbe3d0a%29&order=created_at.desc | Mozilla/5.0 (iPhone; CPU iPhone OS 18_5 like Mac OS X) AppleWebKit/605.1.15 (KHTML, like Gecko) Version/18.5 Mobile/15E148 Safari/604.1",{},[],edge,0,null,[],null
13e73430-e213-45b1-8166-cbc0cdb7e38e,"""2026-07-13T05:27:28.837Z""",2026-07-13T05:27:28.837000,error,57P03,,,,the database system is shutting down,{},[],postgres,0,null,[],null
17bc3b6b-7931-4403-88a9-83d150073966,"""2026-07-13T05:27:28.688Z""",2026-07-13T05:27:28.688000,error,57P03,,,,the database system is shutting down,{},[],postgres,0,null,[],null
ada34e23-e612-4815-9f47-d6cc8ac2663b,"""2026-07-13T05:27:28.659Z""",2026-07-13T05:27:28.659000,error,57P03,,,,the database system is shutting down,{},[],postgres,0,null,[],null
e1890bde-2cf1-43ba-94f8-6a045c8deb23,"""2026-07-13T05:27:28.618Z""",2026-07-13T05:27:28.618000,error,57P03,,,,the database system is shutting down,{},[],postgres,0,null,[],null
fec0308d-f3e7-4002-9e2b-b22ee146451b,"""2026-07-13T05:27:28.242Z""",2026-07-13T05:27:28.242000,error,521,GET,,/rest/v1/profiles,"GET | 521 | https://nafxpivddesgsrthmosv.supabase.co/rest/v1/profiles?select=id%2Cemail%2Cfull_name%2Crole%2Caggregated%2Casset%2Ccompany_name%2Cphone%2Cavatar_url%2Cavatar_seed%2Cbio&id=eq.ae81eb30-4f63-47cb-8c43-079d0d5ed570 | Mozilla/5.0 (iPhone; CPU iPhone OS 18_5 like Mac OS X) AppleWebKit/605.1.15 (KHTML, like Gecko) Version/18.5 Mobile/15E148 Safari/604.1",{},[],edge,0,null,[],null
fa548aaf-7dc9-4cee-8eed-9458f1a05305,"""2026-07-13T05:27:28.241Z""",2026-07-13T05:27:28.241000,error,521,GET,,/rest/v1/clients,"GET | 521 | https://nafxpivddesgsrthmosv.supabase.co/rest/v1/clients?select=id%2Corganization_id%2Cname%2Ccontact_person%2Cphone%2Cemail%2Caddress%2Cgstin%2Cpan_number%2Cstatus%2Ccreated_at%2Cupdated_at%2Cdisplay_id%2Cis_integrated%2Clinked_organization_id%2Ccontact_percent%2Cavatar_url%2Cavatar_seed%2Cowner_full_name&organization_id=eq.89427247-b09c-444b-ac85-17c1bf9fdf20&status=eq.active&order=name.asc | Mozilla/5.0 (Macintosh; Intel Mac OS X 10_15_7) AppleWebKit/537.36 (KHTML, like Gecko) Chrome/150.0.0.0 Safari/537.36",{},[],edge,0,null,[],null
c7fb96f4-3df7-42a3-93d5-f8cf54ce0f50,"""2026-07-13T05:27:27.857Z""",2026-07-13T05:27:27.857000,error,57P01,,,,terminating connection due to administrator command,{},[],postgres,0,null,[],null
7e1a4545-ded0-455d-a409-55803d8d5840,"""2026-07-13T05:27:27.504Z""",2026-07-13T05:27:27.504000,error,521,GET,,/rest/v1/drivers,"GET | 521 | https://nafxpivddesgsrthmosv.supabase.co/rest/v1/drivers?select=id%2Corganization_id%2Cuser_id%2Cname%2Cphone%2Cemail%2Clicense_number%2Cemergency_name%2Cemergency_contact%2Cstatus%2Cassigned_vehicle_id%2Ccreated_at%2Cupdated_at%2Cleft_at%2Ctracking_only%2Cpayable_amount%2Ccommission_percent%2Ccommission_per_km%2Cavatar_url%2Cavatar_seed%2Corganizations%21left%28name%29&user_id=eq.ae81eb30-4f63-47cb-8c43-079d0d5ed570&order=created_at.desc&limit=20 | Mozilla/5.0 (iPhone; CPU iPhone OS 18_5 like Mac OS X) AppleWebKit/605.1.15 (KHTML, like Gecko) Version/18.5 Mobile/15E148 Safari/604.1",{},[],edge,0,null,[],null
25ba2795-d4c4-4ed4-98da-d7e8b474658c,"""2026-07-13T05:27:27.463Z""",2026-07-13T05:27:27.463000,error,521,GET,,/rest/v1/drivers,"GET | 521 | https://nafxpivddesgsrthmosv.supabase.co/rest/v1/drivers?select=id%2Corganization_id%2Cuser_id%2Cname%2Cphone%2Cemail%2Clicense_number%2Cemergency_name%2Cemergency_contact%2Cstatus%2Cassigned_vehicle_id%2Ccreated_at%2Cupdated_at%2Cleft_at%2Ctracking_only%2Cpayable_amount%2Ccommission_percent%2Ccommission_per_km%2Cavatar_url%2Cavatar_seed%2Corganizations%21left%28name%29&user_id=eq.ae81eb30-4f63-47cb-8c43-079d0d5ed570&order=created_at.desc&limit=20 | Mozilla/5.0 (iPhone; CPU iPhone OS 18_5 like Mac OS X) AppleWebKit/605.1.15 (KHTML, like Gecko) Version/18.5 Mobile/15E148 Safari/604.1",{},[],edge,0,null,[],null
76785851-d700-499a-9365-f852bba2c937,"""2026-07-13T05:27:27.418Z""",2026-07-13T05:27:27.418000,error,521,GET,,/rest/v1/drivers,"GET | 521 | https://nafxpivddesgsrthmosv.supabase.co/rest/v1/drivers?select=id%2Corganization_id%2Cuser_id%2Cname%2Cphone%2Cemail%2Clicense_number%2Cemergency_name%2Cemergency_contact%2Cstatus%2Cassigned_vehicle_id%2Ccreated_at%2Cupdated_at%2Cleft_at%2Ctracking_only%2Cpayable_amount%2Ccommission_percent%2Ccommission_per_km%2Cavatar_url%2Cavatar_seed%2Corganizations%21left%28name%29&user_id=eq.ae81eb30-4f63-47cb-8c43-079d0d5ed570&order=created_at.desc&limit=20 | Mozilla/5.0 (iPhone; CPU iPhone OS 18_5 like Mac OS X) AppleWebKit/605.1.15 (KHTML, like Gecko) Version/18.5 Mobile/15E148 Safari/604.1",{},[],edge,0,null,[],null
7f4d3dd9-c065-4c39-92db-8a5491234e81,"""2026-07-13T05:27:27.375Z""",2026-07-13T05:27:27.375000,error,521,GET,,/rest/v1/drivers,"GET | 521 | https://nafxpivddesgsrthmosv.supabase.co/rest/v1/drivers?select=id%2Corganization_id%2Cuser_id%2Cname%2Cphone%2Cemail%2Clicense_number%2Cemergency_name%2Cemergency_contact%2Cstatus%2Cassigned_vehicle_id%2Ccreated_at%2Cupdated_at%2Cleft_at%2Ctracking_only%2Cpayable_amount%2Ccommission_percent%2Ccommission_per_km%2Cavatar_url%2Cavatar_seed%2Corganizations%21left%28name%29&user_id=eq.ae81eb30-4f63-47cb-8c43-079d0d5ed570&order=created_at.desc&limit=20 | Mozilla/5.0 (iPhone; CPU iPhone OS 18_5 like Mac OS X) AppleWebKit/605.1.15 (KHTML, like Gecko) Version/18.5 Mobile/15E148 Safari/604.1",{},[],edge,0,null,[],null
7b3aa8b4-efa3-46b5-b649-5a91d1995545,"""2026-07-13T05:27:27.333Z""",2026-07-13T05:27:27.333000,error,521,GET,,/rest/v1/drivers,"GET | 521 | https://nafxpivddesgsrthmosv.supabase.co/rest/v1/drivers?select=id%2Corganization_id%2Cuser_id%2Cname%2Cphone%2Cemail%2Clicense_number%2Cemergency_name%2Cemergency_contact%2Cstatus%2Cassigned_vehicle_id%2Ccreated_at%2Cupdated_at%2Cleft_at%2Ctracking_only%2Cpayable_amount%2Ccommission_percent%2Ccommission_per_km%2Cavatar_url%2Cavatar_seed%2Corganizations%21left%28name%29&user_id=eq.ae81eb30-4f63-47cb-8c43-079d0d5ed570&order=created_at.desc&limit=20 | Mozilla/5.0 (iPhone; CPU iPhone OS 18_5 like Mac OS X) AppleWebKit/605.1.15 (KHTML, like Gecko) Version/18.5 Mobile/15E148 Safari/604.1",{},[],edge,0,null,[],null
00647ec5-d6a4-4083-949d-4f15c21a9aa9,"""2026-07-13T05:27:27.289Z""",2026-07-13T05:27:27.289000,error,521,GET,,/rest/v1/drivers,"GET | 521 | https://nafxpivddesgsrthmosv.supabase.co/rest/v1/drivers?select=id%2Corganization_id%2Cuser_id%2Cname%2Cphone%2Cemail%2Clicense_number%2Cemergency_name%2Cemergency_contact%2Cstatus%2Cassigned_vehicle_id%2Ccreated_at%2Cupdated_at%2Cleft_at%2Ctracking_only%2Cpayable_amount%2Ccommission_percent%2Ccommission_per_km%2Cavatar_url%2Cavatar_seed%2Corganizations%21left%28name%29&user_id=eq.ae81eb30-4f63-47cb-8c43-079d0d5ed570&order=created_at.desc&limit=20 | Mozilla/5.0 (iPhone; CPU iPhone OS 18_5 like Mac OS X) AppleWebKit/605.1.15 (KHTML, like Gecko) Version/18.5 Mobile/15E148 Safari/604.1",{},[],edge,0,null,[],null
43e6e0fe-c45b-4816-8d72-0a2dc4583a38,"""2026-07-13T05:27:27.271Z""",2026-07-13T05:27:27.271000,error,521,GET,,/rest/v1/trip_conversations,"GET | 521 | https://nafxpivddesgsrthmosv.supabase.co/rest/v1/trip_conversations?select=id%2Corganization_id%2Ctrip_id%2Cparty_type%2Cparty_name%2Cclient_id%2Csupplier_id%2Cdriver_id%2Clast_message_at%2Clast_message_preview%2Cunread_dispatcher_count%2Ccreated_at%2Cupdated_at&driver_id=in.%289fd1297f-4295-4d25-93e1-9f6e3cbe3d0a%29&order=last_message_at.desc.nullslast&limit=100 | Mozilla/5.0 (iPhone; CPU iPhone OS 18_5 like Mac OS X) AppleWebKit/605.1.15 (KHTML, like Gecko) Version/18.5 Mobile/15E148 Safari/604.1",{},[],edge,0,null,[],null
7e1ac6d4-b6d4-4240-8867-4375bf0ab0b2,"""2026-07-13T05:27:27.266Z""",2026-07-13T05:27:27.266000,error,521,GET,,/rest/v1/trips_driver_view,"GET | 521 | https://nafxpivddesgsrthmosv.supabase.co/rest/v1/trips_driver_view?select=*&driver_id=in.%289fd1297f-4295-4d25-93e1-9f6e3cbe3d0a%29&order=created_at.desc | Mozilla/5.0 (iPhone; CPU iPhone OS 18_5 like Mac OS X) AppleWebKit/605.1.15 (KHTML, like Gecko) Version/18.5 Mobile/15E148 Safari/604.1",{},[],edge,0,null,[],null
025e4d08-c6a9-4f7c-aef0-a27ee3450da3,"""2026-07-13T05:27:27.247Z""",2026-07-13T05:27:27.247000,error,521,GET,,/rest/v1/drivers,"GET | 521 | https://nafxpivddesgsrthmosv.supabase.co/rest/v1/drivers?select=id%2Corganization_id%2Cuser_id%2Cname%2Cphone%2Cemail%2Clicense_number%2Cemergency_name%2Cemergency_contact%2Cstatus%2Cassigned_vehicle_id%2Ccreated_at%2Cupdated_at%2Cleft_at%2Ctracking_only%2Cpayable_amount%2Ccommission_percent%2Ccommission_per_km%2Cavatar_url%2Cavatar_seed%2Corganizations%21left%28name%29&user_id=eq.ae81eb30-4f63-47cb-8c43-079d0d5ed570&order=created_at.desc&limit=20 | Mozilla/5.0 (iPhone; CPU iPhone OS 18_5 like Mac OS X) AppleWebKit/605.1.15 (KHTML, like Gecko) Version/18.5 Mobile/15E148 Safari/604.1",{},[],edge,0,null,[],null
7c0e1505-7560-44f7-93a0-ce6fa4e666d1,"""2026-07-13T05:27:26.193Z""",2026-07-13T05:27:26.193000,error,57P03,,,,the database system is shutting down,{},[],postgres,0,null,[],null
6d53ab39-11fe-4157-bc3d-4ab28d75f431,"""2026-07-13T05:27:25.486Z""",2026-07-13T05:27:25.486000,error,521,GET,,/rest/v1/drivers,"GET | 521 | https://nafxpivddesgsrthmosv.supabase.co/rest/v1/drivers?select=id%2Corganization_id%2Cuser_id%2Cname%2Cphone%2Cemail%2Clicense_number%2Cemergency_name%2Cemergency_contact%2Cstatus%2Cassigned_vehicle_id%2Ccreated_at%2Cupdated_at%2Cleft_at%2Ctracking_only%2Cpayable_amount%2Ccommission_percent%2Ccommission_per_km%2Cavatar_url%2Cavatar_seed%2Corganizations%21left%28name%29&user_id=eq.ae81eb30-4f63-47cb-8c43-079d0d5ed570&order=created_at.desc&limit=20 | Mozilla/5.0 (iPhone; CPU iPhone OS 18_5 like Mac OS X) AppleWebKit/605.1.15 (KHTML, like Gecko) Version/18.5 Mobile/15E148 Safari/604.1",{},[],edge,0,null,[],null
ce3cc23f-a309-4c51-8714-c8a0215cee60,"""2026-07-13T05:27:25.443Z""",2026-07-13T05:27:25.443000,error,521,GET,,/rest/v1/drivers,"GET | 521 | https://nafxpivddesgsrthmosv.supabase.co/rest/v1/drivers?select=id%2Corganization_id%2Cuser_id%2Cname%2Cphone%2Cemail%2Clicense_number%2Cemergency_name%2Cemergency_contact%2Cstatus%2Cassigned_vehicle_id%2Ccreated_at%2Cupdated_at%2Cleft_at%2Ctracking_only%2Cpayable_amount%2Ccommission_percent%2Ccommission_per_km%2Cavatar_url%2Cavatar_seed%2Corganizations%21left%28name%29&user_id=eq.ae81eb30-4f63-47cb-8c43-079d0d5ed570&order=created_at.desc&limit=20 | Mozilla/5.0 (iPhone; CPU iPhone OS 18_5 like Mac OS X) AppleWebKit/605.1.15 (KHTML, like Gecko) Version/18.5 Mobile/15E148 Safari/604.1",{},[],edge,0,null,[],null
b069d96e-506e-49ba-acb8-f2ef1a8fb8f2,"""2026-07-13T05:27:25.397Z""",2026-07-13T05:27:25.397000,error,521,GET,,/rest/v1/drivers,"GET | 521 | https://nafxpivddesgsrthmosv.supabase.co/rest/v1/drivers?select=id%2Corganization_id%2Cuser_id%2Cname%2Cphone%2Cemail%2Clicense_number%2Cemergency_name%2Cemergency_contact%2Cstatus%2Cassigned_vehicle_id%2Ccreated_at%2Cupdated_at%2Cleft_at%2Ctracking_only%2Cpayable_amount%2Ccommission_percent%2Ccommission_per_km%2Cavatar_url%2Cavatar_seed%2Corganizations%21left%28name%29&user_id=eq.ae81eb30-4f63-47cb-8c43-079d0d5ed570&order=created_at.desc&limit=20 | Mozilla/5.0 (iPhone; CPU iPhone OS 18_5 like Mac OS X) AppleWebKit/605.1.15 (KHTML, like Gecko) Version/18.5 Mobile/15E148 Safari/604.1",{},[],edge,0,null,[],null
59f51d76-926e-4c73-b598-64937174d017,"""2026-07-13T05:27:25.353Z""",2026-07-13T05:27:25.353000,error,521,GET,,/rest/v1/drivers,"GET | 521 | https://nafxpivddesgsrthmosv.supabase.co/rest/v1/drivers?select=id%2Corganization_id%2Cuser_id%2Cname%2Cphone%2Cemail%2Clicense_number%2Cemergency_name%2Cemergency_contact%2Cstatus%2Cassigned_vehicle_id%2Ccreated_at%2Cupdated_at%2Cleft_at%2Ctracking_only%2Cpayable_amount%2Ccommission_percent%2Ccommission_per_km%2Cavatar_url%2Cavatar_seed%2Corganizations%21left%28name%29&user_id=eq.ae81eb30-4f63-47cb-8c43-079d0d5ed570&order=created_at.desc&limit=20 | Mozilla/5.0 (iPhone; CPU iPhone OS 18_5 like Mac OS X) AppleWebKit/605.1.15 (KHTML, like Gecko) Version/18.5 Mobile/15E148 Safari/604.1",{},[],edge,0,null,[],null
b904e6c4-8085-4209-8360-d6427498cfe6,"""2026-07-13T05:27:25.312Z""",2026-07-13T05:27:25.312000,error,521,GET,,/rest/v1/drivers,"GET | 521 | https://nafxpivddesgsrthmosv.supabase.co/rest/v1/drivers?select=id%2Corganization_id%2Cuser_id%2Cname%2Cphone%2Cemail%2Clicense_number%2Cemergency_name%2Cemergency_contact%2Cstatus%2Cassigned_vehicle_id%2Ccreated_at%2Cupdated_at%2Cleft_at%2Ctracking_only%2Cpayable_amount%2Ccommission_percent%2Ccommission_per_km%2Cavatar_url%2Cavatar_seed%2Corganizations%21left%28name%29&user_id=eq.ae81eb30-4f63-47cb-8c43-079d0d5ed570&order=created_at.desc&limit=20 | Mozilla/5.0 (iPhone; CPU iPhone OS 18_5 like Mac OS X) AppleWebKit/605.1.15 (KHTML, like Gecko) Version/18.5 Mobile/15E148 Safari/604.1",{},[],edge,0,null,[],null
606a5465-acf4-4403-9b0a-c272f96ec8a9,"""2026-07-13T05:27:25.261Z""",2026-07-13T05:27:25.261000,error,521,POST,,/rest/v1/rpc/get_driver_invites_received,"POST | 521 | https://nafxpivddesgsrthmosv.supabase.co/rest/v1/rpc/get_driver_invites_received | Mozilla/5.0 (iPhone; CPU iPhone OS 18_5 like Mac OS X) AppleWebKit/605.1.15 (KHTML, like Gecko) Version/18.5 Mobile/15E148 Safari/604.1",{},[],edge,0,null,[],null
d963fdcc-6a15-4e8e-a3d5-ebdeb09ecd02,"""2026-07-13T05:27:25.260Z""",2026-07-13T05:27:25.260000,error,521,POST,,/rest/v1/rpc/get_driver_invites_received,"POST | 521 | https://nafxpivddesgsrthmosv.supabase.co/rest/v1/rpc/get_driver_invites_received | Mozilla/5.0 (iPhone; CPU iPhone OS 18_5 like Mac OS X) AppleWebKit/605.1.15 (KHTML, like Gecko) Version/18.5 Mobile/15E148 Safari/604.1",{},[],edge,0,null,[],null
16167e49-b90a-4d82-96bd-2b53286adb15,"""2026-07-13T05:27:25.260Z""",2026-07-13T05:27:25.260000,error,521,POST,,/rest/v1/rpc/sync_my_driver_rows_user_id,"POST | 521 | https://nafxpivddesgsrthmosv.supabase.co/rest/v1/rpc/sync_my_driver_rows_user_id | Mozilla/5.0 (iPhone; CPU iPhone OS 18_5 like Mac OS X) AppleWebKit/605.1.15 (KHTML, like Gecko) Version/18.5 Mobile/15E148 Safari/604.1",{},[],edge,0,null,[],null
4439eaa9-065d-4e9b-95e2-9b886439b415,"""2026-07-13T05:27:25.260Z""",2026-07-13T05:27:25.260000,error,521,POST,,/rest/v1/rpc/get_pending_otp_trips,"POST | 521 | https://nafxpivddesgsrthmosv.supabase.co/rest/v1/rpc/get_pending_otp_trips | Mozilla/5.0 (iPhone; CPU iPhone OS 18_5 like Mac OS X) AppleWebKit/605.1.15 (KHTML, like Gecko) Version/18.5 Mobile/15E148 Safari/604.1",{},[],edge,0,null,[],null
ffd8d02c-27ae-42ba-890e-35e204490f85,"""2026-07-13T05:27:25.260Z""",2026-07-13T05:27:25.260000,error,521,POST,,/rest/v1/rpc/get_driver_invites_received,"POST | 521 | https://nafxpivddesgsrthmosv.supabase.co/rest/v1/rpc/get_driver_invites_received | Mozilla/5.0 (iPhone; CPU iPhone OS 18_5 like Mac OS X) AppleWebKit/605.1.15 (KHTML, like Gecko) Version/18.5 Mobile/15E148 Safari/604.1",{},[],edge,0,null,[],null
7dd1077b-14d7-48b0-b6ad-acbba19bb6b3,"""2026-07-13T05:27:25.259Z""",2026-07-13T05:27:25.259000,error,521,GET,,/rest/v1/trip_conversations,"GET | 521 | https://nafxpivddesgsrthmosv.supabase.co/rest/v1/trip_conversations?select=id%2Corganization_id%2Ctrip_id%2Cparty_type%2Cparty_name%2Cclient_id%2Csupplier_id%2Cdriver_id%2Clast_message_at%2Clast_message_preview%2Cunread_dispatcher_count%2Ccreated_at%2Cupdated_at&driver_id=in.%289fd1297f-4295-4d25-93e1-9f6e3cbe3d0a%29&order=last_message_at.desc.nullslast&limit=100 | Mozilla/5.0 (iPhone; CPU iPhone OS 18_5 like Mac OS X) AppleWebKit/605.1.15 (KHTML, like Gecko) Version/18.5 Mobile/15E148 Safari/604.1",{},[],edge,0,null,[],null
b8b2a8f5-1224-4638-a0cd-62cc34c231b9,"""2026-07-13T05:27:25.259Z""",2026-07-13T05:27:25.259000,error,521,POST,,/rest/v1/rpc/get_pending_otp_trips,"POST | 521 | https://nafxpivddesgsrthmosv.supabase.co/rest/v1/rpc/get_pending_otp_trips | Mozilla/5.0 (iPhone; CPU iPhone OS 18_5 like Mac OS X) AppleWebKit/605.1.15 (KHTML, like Gecko) Version/18.5 Mobile/15E148 Safari/604.1",{},[],edge,0,null,[],null
ced1d2ee-6f7c-46aa-9e00-6007b27e0c75,"""2026-07-13T05:27:25.259Z""",2026-07-13T05:27:25.259000,error,521,GET,,/rest/v1/profiles,"GET | 521 | https://nafxpivddesgsrthmosv.supabase.co/rest/v1/profiles?select=id%2Cemail%2Cfull_name%2Crole%2Caggregated%2Casset%2Ccompany_name%2Cphone%2Cavatar_url%2Cavatar_seed%2Cbio&id=eq.ae81eb30-4f63-47cb-8c43-079d0d5ed570 | Mozilla/5.0 (iPhone; CPU iPhone OS 18_5 like Mac OS X) AppleWebKit/605.1.15 (KHTML, like Gecko) Version/18.5 Mobile/15E148 Safari/604.1",{},[],edge,0,null,[],null
454397d5-70e9-4e53-9ca5-0ff2a7d14d00,"""2026-07-13T05:27:25.259Z""",2026-07-13T05:27:25.259000,error,521,POST,,/rest/v1/rpc/get_driver_invites_received,"POST | 521 | https://nafxpivddesgsrthmosv.supabase.co/rest/v1/rpc/get_driver_invites_received | Mozilla/5.0 (iPhone; CPU iPhone OS 18_5 like Mac OS X) AppleWebKit/605.1.15 (KHTML, like Gecko) Version/18.5 Mobile/15E148 Safari/604.1",{},[],edge,0,null,[],null
03a4d853-bc11-473a-bf41-2a8639f2f367,"""2026-07-13T05:27:25.258Z""",2026-07-13T05:27:25.258000,error,521,GET,,/rest/v1/drivers,"GET | 521 | https://nafxpivddesgsrthmosv.supabase.co/rest/v1/drivers?select=id%2Corganization_id%2Cuser_id%2Cname%2Cphone%2Cemail%2Clicense_number%2Cemergency_name%2Cemergency_contact%2Cstatus%2Cassigned_vehicle_id%2Ccreated_at%2Cupdated_at%2Cleft_at%2Ctracking_only%2Cpayable_amount%2Ccommission_percent%2Ccommission_per_km%2Cavatar_url%2Cavatar_seed%2Corganizations%21left%28name%29&user_id=eq.ae81eb30-4f63-47cb-8c43-079d0d5ed570&order=created_at.desc&limit=20 | Mozilla/5.0 (iPhone; CPU iPhone OS 18_5 like Mac OS X) AppleWebKit/605.1.15 (KHTML, like Gecko) Version/18.5 Mobile/15E148 Safari/604.1",{},[],edge,0,null,[],null
a7cd982e-f56b-4a42-a40a-1ddaaff70c73,"""2026-07-13T05:27:25.258Z""",2026-07-13T05:27:25.258000,error,521,POST,,/rest/v1/rpc/get_driver_invites_received,"POST | 521 | https://nafxpivddesgsrthmosv.supabase.co/rest/v1/rpc/get_driver_invites_received | Mozilla/5.0 (iPhone; CPU iPhone OS 18_5 like Mac OS X) AppleWebKit/605.1.15 (KHTML, like Gecko) Version/18.5 Mobile/15E148 Safari/604.1",{},[],edge,0,null,[],null
9dc16bd6-de4c-422d-b726-3df255bfb6c4,"""2026-07-13T05:27:25.257Z""",2026-07-13T05:27:25.257000,error,521,POST,,/rest/v1/rpc/sync_my_driver_rows_user_id,"POST | 521 | https://nafxpivddesgsrthmosv.supabase.co/rest/v1/rpc/sync_my_driver_rows_user_id | Mozilla/5.0 (iPhone; CPU iPhone OS 18_5 like Mac OS X) AppleWebKit/605.1.15 (KHTML, like Gecko) Version/18.5 Mobile/15E148 Safari/604.1",{},[],edge,0,null,[],null
1e681c89-b326-4922-9fb8-0dd10beb9f50,"""2026-07-13T05:27:25.257Z""",2026-07-13T05:27:25.257000,error,521,POST,,/rest/v1/rpc/get_driver_invites_received,"POST | 521 | https://nafxpivddesgsrthmosv.supabase.co/rest/v1/rpc/get_driver_invites_received | Mozilla/5.0 (iPhone; CPU iPhone OS 18_5 like Mac OS X) AppleWebKit/605.1.15 (KHTML, like Gecko) Version/18.5 Mobile/15E148 Safari/604.1",{},[],edge,0,null,[],null
04edcb9b-6294-497c-9c42-598ea751310d,"""2026-07-13T05:27:25.257Z""",2026-07-13T05:27:25.257000,error,521,POST,,/rest/v1/rpc/sync_my_driver_rows_user_id,"POST | 521 | https://nafxpivddesgsrthmosv.supabase.co/rest/v1/rpc/sync_my_driver_rows_user_id | Mozilla/5.0 (iPhone; CPU iPhone OS 18_5 like Mac OS X) AppleWebKit/605.1.15 (KHTML, like Gecko) Version/18.5 Mobile/15E148 Safari/604.1",{},[],edge,0,null,[],null
43a6e3ad-127c-4d62-9065-b2bb3f89a0de,"""2026-07-13T05:27:25.257Z""",2026-07-13T05:27:25.257000,error,521,POST,,/rest/v1/rpc/get_pending_otp_trips,"POST | 521 | https://nafxpivddesgsrthmosv.supabase.co/rest/v1/rpc/get_pending_otp_trips | Mozilla/5.0 (iPhone; CPU iPhone OS 18_5 like Mac OS X) AppleWebKit/605.1.15 (KHTML, like Gecko) Version/18.5 Mobile/15E148 Safari/604.1",{},[],edge,0,null,[],null
9f82d7f7-6148-4b47-9ac7-036c1971b3cc,"""2026-07-13T05:27:25.242Z""",2026-07-13T05:27:25.242000,error,521,GET,,/rest/v1/trips_driver_view,"GET | 521 | https://nafxpivddesgsrthmosv.supabase.co/rest/v1/trips_driver_view?select=*&driver_id=in.%289fd1297f-4295-4d25-93e1-9f6e3cbe3d0a%29&order=created_at.desc | Mozilla/5.0 (iPhone; CPU iPhone OS 18_5 like Mac OS X) AppleWebKit/605.1.15 (KHTML, like Gecko) Version/18.5 Mobile/15E148 Safari/604.1",{},[],edge,0,null,[],null
5417fa1d-2988-4d92-bcc9-1ed1025b85cc,"""2026-07-13T05:27:25.240Z""",2026-07-13T05:27:25.240000,error,521,GET,,/rest/v1/clients,"GET | 521 | https://nafxpivddesgsrthmosv.supabase.co/rest/v1/clients?select=id%2Corganization_id%2Cname%2Ccontact_person%2Cphone%2Cemail%2Caddress%2Cgstin%2Cpan_number%2Cstatus%2Ccreated_at%2Cupdated_at%2Cdisplay_id%2Cis_integrated%2Clinked_organization_id%2Ccontact_percent%2Cavatar_url%2Cavatar_seed%2Cowner_full_name&organization_id=eq.89427247-b09c-444b-ac85-17c1bf9fdf20&status=eq.active&order=name.asc | Mozilla/5.0 (Macintosh; Intel Mac OS X 10_15_7) AppleWebKit/537.36 (KHTML, like Gecko) Chrome/150.0.0.0 Safari/537.36",{},[],edge,0,null,[],null
437678cb-9b20-4724-a291-388a5df2c079,"""2026-07-13T05:27:24.500Z""",2026-07-13T05:27:24.500000,error,200,,,,"PoolingReplicationPreparationError: %DBConnection.ConnectionError{
  message: ""[Elixir.Extensions.PostgresCdcRls.DynamicSupervisor] connection not available and request was dropped from queue after 11718ms. This means requests are coming in and your connection pool cannot serve them fast enough. You can address this by:\n\n  1. Ensuring your database is available and that you can connect to it\n  2. Tracking down slow queries and making sure they are running fast enough\n  3. Increasing the pool_size (although this increases resource consumption)\n  4. Allowing requests to wait longer by increasing :queue_target and :queue_interval\n\nSee DBConnection.start_link/2 for more information\n"",
  severity: :error,
  reason: :queue_timeout
}",{},[],realtime,0,null,[],null
901cb4f9-8ee4-412e-bd1f-42f50d9082fc,"""2026-07-13T05:27:23.334Z""",2026-07-13T05:27:23.334000,error,57P03,,,,the database system is shutting down,{},[],postgres,0,null,[],null
1dc470e7-17a5-44bf-ae9e-9573dfdba375,"""2026-07-13T05:27:22.635Z""",2026-07-13T05:27:22.635000,error,57P01,,,,terminating connection due to administrator command,{},[],postgres,0,null,[],null
09463197-2719-4a7a-93c5-1bdf2b08db6e,"""2026-07-13T05:27:22.243Z""",2026-07-13T05:27:22.243000,error,521,GET,,/rest/v1/drivers,"GET | 521 | https://nafxpivddesgsrthmosv.supabase.co/rest/v1/drivers?select=id%2Corganization_id%2Cuser_id%2Cname%2Cphone%2Cemail%2Clicense_number%2Cemergency_name%2Cemergency_contact%2Cstatus%2Cassigned_vehicle_id%2Ccreated_at%2Cupdated_at%2Cleft_at%2Ctracking_only%2Cpayable_amount%2Ccommission_percent%2Ccommission_per_km%2Cavatar_url%2Cavatar_seed%2Corganizations%21left%28name%29&user_id=eq.ae81eb30-4f63-47cb-8c43-079d0d5ed570&order=created_at.desc&limit=20 | Mozilla/5.0 (iPhone; CPU iPhone OS 18_5 like Mac OS X) AppleWebKit/605.1.15 (KHTML, like Gecko) Version/18.5 Mobile/15E148 Safari/604.1",{},[],edge,0,null,[],null
bae47503-4f4e-4c67-89ed-80723cfa8d60,"""2026-07-13T05:27:20.469Z""",2026-07-13T05:27:20.469000,error,57P03,,,,the database system is shutting down,{},[],postgres,0,null,[],null
59f265ad-8a6d-4998-a5ba-554fbd54190d,"""2026-07-13T05:27:20.446Z""",2026-07-13T05:27:20.446000,error,57P03,,,,the database system is shutting down,{},[],postgres,0,null,[],null
ba4ccf5d-e264-4985-98b8-77214315d9b5,"""2026-07-13T05:27:20.434Z""",2026-07-13T05:27:20.434000,error,57P03,,,,the database system is shutting down,{},[],postgres,0,null,[],null
1d988573-c847-472c-8ecd-ebca76c1f242,"""2026-07-13T05:27:20.415Z""",2026-07-13T05:27:20.415000,error,57P03,,,,the database system is shutting down,{},[],postgres,0,null,[],null
d6bdca55-515b-41fc-9c7f-08d71ed9845d,"""2026-07-13T05:27:20.345Z""",2026-07-13T05:27:20.345000,error,521,GET,,/rest/v1/drivers,"GET | 521 | https://nafxpivddesgsrthmosv.supabase.co/rest/v1/drivers?select=id%2Corganization_id%2Cuser_id%2Cname%2Cphone%2Cemail%2Clicense_number%2Cemergency_name%2Cemergency_contact%2Cstatus%2Cassigned_vehicle_id%2Ccreated_at%2Cupdated_at%2Cleft_at%2Ctracking_only%2Cpayable_amount%2Ccommission_percent%2Ccommission_per_km%2Cavatar_url%2Cavatar_seed%2Corganizations%21left%28name%29&user_id=eq.ae81eb30-4f63-47cb-8c43-079d0d5ed570&order=created_at.desc&limit=20 | Mozilla/5.0 (iPhone; CPU iPhone OS 18_5 like Mac OS X) AppleWebKit/605.1.15 (KHTML, like Gecko) Version/18.5 Mobile/15E148 Safari/604.1",{},[],edge,0,null,[],null
ef8bf1b6-164f-4178-969f-104923af101c,"""2026-07-13T05:27:20.304Z""",2026-07-13T05:27:20.304000,error,521,GET,,/rest/v1/drivers,"GET | 521 | https://nafxpivddesgsrthmosv.supabase.co/rest/v1/drivers?select=id%2Corganization_id%2Cuser_id%2Cname%2Cphone%2Cemail%2Clicense_number%2Cemergency_name%2Cemergency_contact%2Cstatus%2Cassigned_vehicle_id%2Ccreated_at%2Cupdated_at%2Cleft_at%2Ctracking_only%2Cpayable_amount%2Ccommission_percent%2Ccommission_per_km%2Cavatar_url%2Cavatar_seed%2Corganizations%21left%28name%29&user_id=eq.ae81eb30-4f63-47cb-8c43-079d0d5ed570&order=created_at.desc&limit=20 | Mozilla/5.0 (iPhone; CPU iPhone OS 18_5 like Mac OS X) AppleWebKit/605.1.15 (KHTML, like Gecko) Version/18.5 Mobile/15E148 Safari/604.1",{},[],edge,0,null,[],null
c7500fed-df3b-4dd0-b849-c620e866d67c,"""2026-07-13T05:27:20.263Z""",2026-07-13T05:27:20.263000,error,521,POST,,/rest/v1/rpc/sync_my_driver_rows_user_id,"POST | 521 | https://nafxpivddesgsrthmosv.supabase.co/rest/v1/rpc/sync_my_driver_rows_user_id | Mozilla/5.0 (iPhone; CPU iPhone OS 18_5 like Mac OS X) AppleWebKit/605.1.15 (KHTML, like Gecko) Version/18.5 Mobile/15E148 Safari/604.1",{},[],edge,0,null,[],null
da85716a-d274-40ac-a316-924f6bcea3f7,"""2026-07-13T05:27:20.262Z""",2026-07-13T05:27:20.262000,error,521,POST,,/rest/v1/rpc/get_driver_invites_received,"POST | 521 | https://nafxpivddesgsrthmosv.supabase.co/rest/v1/rpc/get_driver_invites_received | Mozilla/5.0 (iPhone; CPU iPhone OS 18_5 like Mac OS X) AppleWebKit/605.1.15 (KHTML, like Gecko) Version/18.5 Mobile/15E148 Safari/604.1",{},[],edge,0,null,[],null
279f410a-eebc-4034-b2c2-2ba890d23ccb,"""2026-07-13T05:27:20.260Z""",2026-07-13T05:27:20.260000,error,521,POST,,/rest/v1/rpc/sync_my_driver_rows_user_id,"POST | 521 | https://nafxpivddesgsrthmosv.supabase.co/rest/v1/rpc/sync_my_driver_rows_user_id | Mozilla/5.0 (iPhone; CPU iPhone OS 18_5 like Mac OS X) AppleWebKit/605.1.15 (KHTML, like Gecko) Version/18.5 Mobile/15E148 Safari/604.1",{},[],edge,0,null,[],null
35c999fe-df96-4cb7-9d4a-e96df810e4c5,"""2026-07-13T05:27:20.260Z""",2026-07-13T05:27:20.260000,error,521,GET,,/rest/v1/drivers,"GET | 521 | https://nafxpivddesgsrthmosv.supabase.co/rest/v1/drivers?select=id%2Corganization_id%2Cuser_id%2Cname%2Cphone%2Cemail%2Clicense_number%2Cemergency_name%2Cemergency_contact%2Cstatus%2Cassigned_vehicle_id%2Ccreated_at%2Cupdated_at%2Cleft_at%2Ctracking_only%2Cpayable_amount%2Ccommission_percent%2Ccommission_per_km%2Cavatar_url%2Cavatar_seed%2Corganizations%21left%28name%29&user_id=eq.ae81eb30-4f63-47cb-8c43-079d0d5ed570&order=created_at.desc&limit=20 | Mozilla/5.0 (iPhone; CPU iPhone OS 18_5 like Mac OS X) AppleWebKit/605.1.15 (KHTML, like Gecko) Version/18.5 Mobile/15E148 Safari/604.1",{},[],edge,0,null,[],null
72161f63-858a-4a19-9f45-48f3deb11ead,"""2026-07-13T05:27:20.259Z""",2026-07-13T05:27:20.259000,error,521,GET,,/rest/v1/profiles,"GET | 521 | https://nafxpivddesgsrthmosv.supabase.co/rest/v1/profiles?select=id%2Cemail%2Cfull_name%2Crole%2Caggregated%2Casset%2Ccompany_name%2Cphone%2Cavatar_url%2Cavatar_seed%2Cbio&id=eq.ae81eb30-4f63-47cb-8c43-079d0d5ed570 | Mozilla/5.0 (iPhone; CPU iPhone OS 18_5 like Mac OS X) AppleWebKit/605.1.15 (KHTML, like Gecko) Version/18.5 Mobile/15E148 Safari/604.1",{},[],edge,0,null,[],null
a5637daf-973a-40ae-8bcc-6247d02bdf76,"""2026-07-13T05:27:20.259Z""",2026-07-13T05:27:20.259000,error,521,POST,,/rest/v1/rpc/get_driver_invites_received,"POST | 521 | https://nafxpivddesgsrthmosv.supabase.co/rest/v1/rpc/get_driver_invites_received | Mozilla/5.0 (iPhone; CPU iPhone OS 18_5 like Mac OS X) AppleWebKit/605.1.15 (KHTML, like Gecko) Version/18.5 Mobile/15E148 Safari/604.1",{},[],edge,0,null,[],null
74380411-99f2-4503-a43f-54fc5a735b28,"""2026-07-13T05:27:20.258Z""",2026-07-13T05:27:20.258000,error,521,POST,,/rest/v1/rpc/get_driver_invites_received,"POST | 521 | https://nafxpivddesgsrthmosv.supabase.co/rest/v1/rpc/get_driver_invites_received | Mozilla/5.0 (iPhone; CPU iPhone OS 18_5 like Mac OS X) AppleWebKit/605.1.15 (KHTML, like Gecko) Version/18.5 Mobile/15E148 Safari/604.1",{},[],edge,0,null,[],null
737d7de2-d629-4791-9a90-b734c80658b9,"""2026-07-13T05:27:20.258Z""",2026-07-13T05:27:20.258000,error,521,POST,,/rest/v1/rpc/get_driver_invites_received,"POST | 521 | https://nafxpivddesgsrthmosv.supabase.co/rest/v1/rpc/get_driver_invites_received | Mozilla/5.0 (iPhone; CPU iPhone OS 18_5 like Mac OS X) AppleWebKit/605.1.15 (KHTML, like Gecko) Version/18.5 Mobile/15E148 Safari/604.1",{},[],edge,0,null,[],null
051ebe8a-5ac1-43c4-b9a9-1fb56ff758db,"""2026-07-13T05:27:20.257Z""",2026-07-13T05:27:20.257000,error,521,POST,,/rest/v1/rpc/get_driver_invites_received,"POST | 521 | https://nafxpivddesgsrthmosv.supabase.co/rest/v1/rpc/get_driver_invites_received | Mozilla/5.0 (iPhone; CPU iPhone OS 18_5 like Mac OS X) AppleWebKit/605.1.15 (KHTML, like Gecko) Version/18.5 Mobile/15E148 Safari/604.1",{},[],edge,0,null,[],null
60095c64-89bb-4a53-9ede-29153b87dd5b,"""2026-07-13T05:27:20.257Z""",2026-07-13T05:27:20.257000,error,521,POST,,/rest/v1/rpc/get_pending_otp_trips,"POST | 521 | https://nafxpivddesgsrthmosv.supabase.co/rest/v1/rpc/get_pending_otp_trips | Mozilla/5.0 (iPhone; CPU iPhone OS 18_5 like Mac OS X) AppleWebKit/605.1.15 (KHTML, like Gecko) Version/18.5 Mobile/15E148 Safari/604.1",{},[],edge,0,null,[],null
de12996a-6853-4a19-86a8-d1f64b177f30,"""2026-07-13T05:27:20.257Z""",2026-07-13T05:27:20.257000,error,521,POST,,/rest/v1/rpc/get_driver_invites_received,"POST | 521 | https://nafxpivddesgsrthmosv.supabase.co/rest/v1/rpc/get_driver_invites_received | Mozilla/5.0 (iPhone; CPU iPhone OS 18_5 like Mac OS X) AppleWebKit/605.1.15 (KHTML, like Gecko) Version/18.5 Mobile/15E148 Safari/604.1",{},[],edge,0,null,[],null
34628b0b-82a9-4b01-ab80-a9ae576e3228,"""2026-07-13T05:27:20.254Z""",2026-07-13T05:27:20.254000,error,521,POST,,/rest/v1/rpc/get_pending_otp_trips,"POST | 521 | https://nafxpivddesgsrthmosv.supabase.co/rest/v1/rpc/get_pending_otp_trips | Mozilla/5.0 (iPhone; CPU iPhone OS 18_5 like Mac OS X) AppleWebKit/605.1.15 (KHTML, like Gecko) Version/18.5 Mobile/15E148 Safari/604.1",{},[],edge,0,null,[],null
0b59af2f-c481-4654-a658-788cc3126d2d,"""2026-07-13T05:27:20.254Z""",2026-07-13T05:27:20.254000,error,521,POST,,/rest/v1/rpc/sync_my_driver_rows_user_id,"POST | 521 | https://nafxpivddesgsrthmosv.supabase.co/rest/v1/rpc/sync_my_driver_rows_user_id | Mozilla/5.0 (iPhone; CPU iPhone OS 18_5 like Mac OS X) AppleWebKit/605.1.15 (KHTML, like Gecko) Version/18.5 Mobile/15E148 Safari/604.1",{},[],edge,0,null,[],null
eaca2727-5947-4c88-a04a-cca78af181bf,"""2026-07-13T05:27:20.254Z""",2026-07-13T05:27:20.254000,error,521,GET,,/rest/v1/trip_conversations,"GET | 521 | https://nafxpivddesgsrthmosv.supabase.co/rest/v1/trip_conversations?select=id%2Corganization_id%2Ctrip_id%2Cparty_type%2Cparty_name%2Cclient_id%2Csupplier_id%2Cdriver_id%2Clast_message_at%2Clast_message_preview%2Cunread_dispatcher_count%2Ccreated_at%2Cupdated_at&driver_id=in.%289fd1297f-4295-4d25-93e1-9f6e3cbe3d0a%29&order=last_message_at.desc.nullslast&limit=100 | Mozilla/5.0 (iPhone; CPU iPhone OS 18_5 like Mac OS X) AppleWebKit/605.1.15 (KHTML, like Gecko) Version/18.5 Mobile/15E148 Safari/604.1",{},[],edge,0,null,[],null
81d027d6-7ea3-410f-832f-c007a97e544e,"""2026-07-13T05:27:20.254Z""",2026-07-13T05:27:20.254000,error,521,POST,,/rest/v1/rpc/get_pending_otp_trips,"POST | 521 | https://nafxpivddesgsrthmosv.supabase.co/rest/v1/rpc/get_pending_otp_trips | Mozilla/5.0 (iPhone; CPU iPhone OS 18_5 like Mac OS X) AppleWebKit/605.1.15 (KHTML, like Gecko) Version/18.5 Mobile/15E148 Safari/604.1",{},[],edge,0,null,[],null
9cdd95d1-c4d9-4d07-bea2-45790c2d4506,"""2026-07-13T05:27:20.250Z""",2026-07-13T05:27:20.250000,error,521,GET,,/rest/v1/trips_driver_view,"GET | 521 | https://nafxpivddesgsrthmosv.supabase.co/rest/v1/trips_driver_view?select=*&driver_id=in.%289fd1297f-4295-4d25-93e1-9f6e3cbe3d0a%29&order=created_at.desc | Mozilla/5.0 (iPhone; CPU iPhone OS 18_5 like Mac OS X) AppleWebKit/605.1.15 (KHTML, like Gecko) Version/18.5 Mobile/15E148 Safari/604.1",{},[],edge,0,null,[],null
bb1ad116-941b-4fb5-af10-e05cac453ee4,"""2026-07-13T05:27:20.242Z""",2026-07-13T05:27:20.242000,error,521,GET,,/rest/v1/clients,"GET | 521 | https://nafxpivddesgsrthmosv.supabase.co/rest/v1/clients?select=id%2Corganization_id%2Cname%2Ccontact_person%2Cphone%2Cemail%2Caddress%2Cgstin%2Cpan_number%2Cstatus%2Ccreated_at%2Cupdated_at%2Cdisplay_id%2Cis_integrated%2Clinked_organization_id%2Ccontact_percent%2Cavatar_url%2Cavatar_seed%2Cowner_full_name&organization_id=eq.89427247-b09c-444b-ac85-17c1bf9fdf20&status=eq.active&order=name.asc | Mozilla/5.0 (Macintosh; Intel Mac OS X 10_15_7) AppleWebKit/537.36 (KHTML, like Gecko) Chrome/150.0.0.0 Safari/537.36",{},[],edge,0,null,[],null
657670d4-6c7a-46eb-9b08-770f84e5209f,"""2026-07-13T05:27:19.263Z""",2026-07-13T05:27:19.263000,error,521,GET,,/rest/v1/drivers,"GET | 521 | https://nafxpivddesgsrthmosv.supabase.co/rest/v1/drivers?select=id%2Corganization_id%2Cuser_id%2Cname%2Cphone%2Cemail%2Clicense_number%2Cemergency_name%2Cemergency_contact%2Cstatus%2Cassigned_vehicle_id%2Ccreated_at%2Cupdated_at%2Cleft_at%2Ctracking_only%2Cpayable_amount%2Ccommission_percent%2Ccommission_per_km%2Cavatar_url%2Cavatar_seed%2Corganizations%21left%28name%29&user_id=eq.ae81eb30-4f63-47cb-8c43-079d0d5ed570&order=created_at.desc&limit=20 | Mozilla/5.0 (iPhone; CPU iPhone OS 18_5 like Mac OS X) AppleWebKit/605.1.15 (KHTML, like Gecko) Version/18.5 Mobile/15E148 Safari/604.1",{},[],edge,0,null,[],null
9f2b9148-e863-425e-8df9-f17f20d5f275,"""2026-07-13T05:27:18.517Z""",2026-07-13T05:27:18.517000,error,57P03,,,,the database system is shutting down,{},[],postgres,0,null,[],null
371c34f2-2c71-4205-baed-aa2e6ad80cd9,"""2026-07-13T05:27:18.096Z""",2026-07-13T05:27:18.096000,error,57P03,,,,the database system is shutting down,{},[],postgres,0,null,[],null
42b61294-9dcf-4c76-87ba-df66c2d485b6,"""2026-07-13T05:27:17.414Z""",2026-07-13T05:27:17.414000,error,521,GET,,/rest/v1/drivers,"GET | 521 | https://nafxpivddesgsrthmosv.supabase.co/rest/v1/drivers?select=id%2Corganization_id%2Cuser_id%2Cname%2Cphone%2Cemail%2Clicense_number%2Cemergency_name%2Cemergency_contact%2Cstatus%2Cassigned_vehicle_id%2Ccreated_at%2Cupdated_at%2Cleft_at%2Ctracking_only%2Cpayable_amount%2Ccommission_percent%2Ccommission_per_km%2Cavatar_url%2Cavatar_seed%2Corganizations%21left%28name%29&user_id=eq.ae81eb30-4f63-47cb-8c43-079d0d5ed570&order=created_at.desc&limit=20 | Mozilla/5.0 (iPhone; CPU iPhone OS 18_5 like Mac OS X) AppleWebKit/605.1.15 (KHTML, like Gecko) Version/18.5 Mobile/15E148 Safari/604.1",{},[],edge,0,null,[],null
dbce7f35-7191-4c7e-b0cb-04e121c9eb8e,"""2026-07-13T05:27:17.364Z""",2026-07-13T05:27:17.364000,error,521,GET,,/rest/v1/drivers,"GET | 521 | https://nafxpivddesgsrthmosv.supabase.co/rest/v1/drivers?select=id%2Corganization_id%2Cuser_id%2Cname%2Cphone%2Cemail%2Clicense_number%2Cemergency_name%2Cemergency_contact%2Cstatus%2Cassigned_vehicle_id%2Ccreated_at%2Cupdated_at%2Cleft_at%2Ctracking_only%2Cpayable_amount%2Ccommission_percent%2Ccommission_per_km%2Cavatar_url%2Cavatar_seed%2Corganizations%21left%28name%29&user_id=eq.ae81eb30-4f63-47cb-8c43-079d0d5ed570&order=created_at.desc&limit=20 | Mozilla/5.0 (iPhone; CPU iPhone OS 18_5 like Mac OS X) AppleWebKit/605.1.15 (KHTML, like Gecko) Version/18.5 Mobile/15E148 Safari/604.1",{},[],edge,0,null,[],null
c68051d6-ad43-473d-be5c-fa7ca0e19087,"""2026-07-13T05:27:17.314Z""",2026-07-13T05:27:17.314000,error,521,GET,,/rest/v1/drivers,"GET | 521 | https://nafxpivddesgsrthmosv.supabase.co/rest/v1/drivers?select=id%2Corganization_id%2Cuser_id%2Cname%2Cphone%2Cemail%2Clicense_number%2Cemergency_name%2Cemergency_contact%2Cstatus%2Cassigned_vehicle_id%2Ccreated_at%2Cupdated_at%2Cleft_at%2Ctracking_only%2Cpayable_amount%2Ccommission_percent%2Ccommission_per_km%2Cavatar_url%2Cavatar_seed%2Corganizations%21left%28name%29&user_id=eq.ae81eb30-4f63-47cb-8c43-079d0d5ed570&order=created_at.desc&limit=20 | Mozilla/5.0 (iPhone; CPU iPhone OS 18_5 like Mac OS X) AppleWebKit/605.1.15 (KHTML, like Gecko) Version/18.5 Mobile/15E148 Safari/604.1",{},[],edge,0,null,[],null
b5cf0d59-e462-4d3f-b2f7-267a1616baac,"""2026-07-13T05:27:17.270Z""",2026-07-13T05:27:17.270000,error,521,GET,,/rest/v1/drivers,"GET | 521 | https://nafxpivddesgsrthmosv.supabase.co/rest/v1/drivers?select=id%2Corganization_id%2Cuser_id%2Cname%2Cphone%2Cemail%2Clicense_number%2Cemergency_name%2Cemergency_contact%2Cstatus%2Cassigned_vehicle_id%2Ccreated_at%2Cupdated_at%2Cleft_at%2Ctracking_only%2Cpayable_amount%2Ccommission_percent%2Ccommission_per_km%2Cavatar_url%2Cavatar_seed%2Corganizations%21left%28name%29&user_id=eq.ae81eb30-4f63-47cb-8c43-079d0d5ed570&order=created_at.desc&limit=20 | Mozilla/5.0 (iPhone; CPU iPhone OS 18_5 like Mac OS X) AppleWebKit/605.1.15 (KHTML, like Gecko) Version/18.5 Mobile/15E148 Safari/604.1",{},[],edge,0,null,[],null
32e78b79-fce4-4bd1-ae6c-2d37ba6add8d,"""2026-07-13T05:27:17.267Z""",2026-07-13T05:27:17.267000,error,521,POST,,/rest/v1/rpc/get_driver_invites_received,"POST | 521 | https://nafxpivddesgsrthmosv.supabase.co/rest/v1/rpc/get_driver_invites_received | Mozilla/5.0 (iPhone; CPU iPhone OS 18_5 like Mac OS X) AppleWebKit/605.1.15 (KHTML, like Gecko) Version/18.5 Mobile/15E148 Safari/604.1",{},[],edge,0,null,[],null
7403e2d1-b526-43ef-8319-d72b4ad7fde0,"""2026-07-13T05:27:17.267Z""",2026-07-13T05:27:17.267000,error,521,POST,,/rest/v1/rpc/get_pending_otp_trips,"POST | 521 | https://nafxpivddesgsrthmosv.supabase.co/rest/v1/rpc/get_pending_otp_trips | Mozilla/5.0 (iPhone; CPU iPhone OS 18_5 like Mac OS X) AppleWebKit/605.1.15 (KHTML, like Gecko) Version/18.5 Mobile/15E148 Safari/604.1",{},[],edge,0,null,[],null
1277bbfe-12f0-4acf-ad35-e6f489c2a794,"""2026-07-13T05:27:17.266Z""",2026-07-13T05:27:17.266000,error,521,POST,,/rest/v1/rpc/get_driver_invites_received,"POST | 521 | https://nafxpivddesgsrthmosv.supabase.co/rest/v1/rpc/get_driver_invites_received | Mozilla/5.0 (iPhone; CPU iPhone OS 18_5 like Mac OS X) AppleWebKit/605.1.15 (KHTML, like Gecko) Version/18.5 Mobile/15E148 Safari/604.1",{},[],edge,0,null,[],null
1281df96-cd86-4707-9dcc-1a3bec64aa98,"""2026-07-13T05:27:17.265Z""",2026-07-13T05:27:17.265000,error,521,POST,,/rest/v1/rpc/sync_my_driver_rows_user_id,"POST | 521 | https://nafxpivddesgsrthmosv.supabase.co/rest/v1/rpc/sync_my_driver_rows_user_id | Mozilla/5.0 (iPhone; CPU iPhone OS 18_5 like Mac OS X) AppleWebKit/605.1.15 (KHTML, like Gecko) Version/18.5 Mobile/15E148 Safari/604.1",{},[],edge,0,null,[],null
0a8866c3-aec9-43fa-bff0-d468fde91a3c,"""2026-07-13T05:27:17.264Z""",2026-07-13T05:27:17.264000,error,521,POST,,/rest/v1/rpc/get_pending_otp_trips,"POST | 521 | https://nafxpivddesgsrthmosv.supabase.co/rest/v1/rpc/get_pending_otp_trips | Mozilla/5.0 (iPhone; CPU iPhone OS 18_5 like Mac OS X) AppleWebKit/605.1.15 (KHTML, like Gecko) Version/18.5 Mobile/15E148 Safari/604.1",{},[],edge,0,null,[],null
982d83ed-90f0-49e8-ba5f-8fbfaae6c28e,"""2026-07-13T05:27:17.263Z""",2026-07-13T05:27:17.263000,error,521,POST,,/rest/v1/rpc/sync_my_driver_rows_user_id,"POST | 521 | https://nafxpivddesgsrthmosv.supabase.co/rest/v1/rpc/sync_my_driver_rows_user_id | Mozilla/5.0 (iPhone; CPU iPhone OS 18_5 like Mac OS X) AppleWebKit/605.1.15 (KHTML, like Gecko) Version/18.5 Mobile/15E148 Safari/604.1",{},[],edge,0,null,[],null
7b809d42-92c8-4933-8d34-ea1582d2ee66,"""2026-07-13T05:27:17.263Z""",2026-07-13T05:27:17.263000,error,521,POST,,/rest/v1/rpc/get_driver_invites_received,"POST | 521 | https://nafxpivddesgsrthmosv.supabase.co/rest/v1/rpc/get_driver_invites_received | Mozilla/5.0 (iPhone; CPU iPhone OS 18_5 like Mac OS X) AppleWebKit/605.1.15 (KHTML, like Gecko) Version/18.5 Mobile/15E148 Safari/604.1",{},[],edge,0,null,[],null
9aae6d1c-1a47-456b-bf75-44a54e01af1a,"""2026-07-13T05:27:17.261Z""",2026-07-13T05:27:17.261000,error,521,POST,,/rest/v1/rpc/get_driver_invites_received,"POST | 521 | https://nafxpivddesgsrthmosv.supabase.co/rest/v1/rpc/get_driver_invites_received | Mozilla/5.0 (iPhone; CPU iPhone OS 18_5 like Mac OS X) AppleWebKit/605.1.15 (KHTML, like Gecko) Version/18.5 Mobile/15E148 Safari/604.1",{},[],edge,0,null,[],null
11969e5c-d622-4c9d-9441-30825013090c,"""2026-07-13T05:27:17.261Z""",2026-07-13T05:27:17.261000,error,521,POST,,/rest/v1/rpc/sync_my_driver_rows_user_id,"POST | 521 | https://nafxpivddesgsrthmosv.supabase.co/rest/v1/rpc/sync_my_driver_rows_user_id | Mozilla/5.0 (iPhone; CPU iPhone OS 18_5 like Mac OS X) AppleWebKit/605.1.15 (KHTML, like Gecko) Version/18.5 Mobile/15E148 Safari/604.1",{},[],edge,0,null,[],null
880e352e-a36c-428c-9f40-a5eaae13d724,"""2026-07-13T05:27:17.260Z""",2026-07-13T05:27:17.260000,error,521,POST,,/rest/v1/rpc/get_driver_invites_received,"POST | 521 | https://nafxpivddesgsrthmosv.supabase.co/rest/v1/rpc/get_driver_invites_received | Mozilla/5.0 (iPhone; CPU iPhone OS 18_5 like Mac OS X) AppleWebKit/605.1.15 (KHTML, like Gecko) Version/18.5 Mobile/15E148 Safari/604.1",{},[],edge,0,null,[],null
2e2b6f8b-2b3b-4dc2-bcba-cc33ff583f7d,"""2026-07-13T05:27:17.259Z""",2026-07-13T05:27:17.259000,error,521,POST,,/rest/v1/rpc/get_pending_otp_trips,"POST | 521 | https://nafxpivddesgsrthmosv.supabase.co/rest/v1/rpc/get_pending_otp_trips | Mozilla/5.0 (iPhone; CPU iPhone OS 18_5 like Mac OS X) AppleWebKit/605.1.15 (KHTML, like Gecko) Version/18.5 Mobile/15E148 Safari/604.1",{},[],edge,0,null,[],null
8e4e4dae-49ed-4d1d-a5b4-7394d4307489,"""2026-07-13T05:27:17.259Z""",2026-07-13T05:27:17.259000,error,521,POST,,/rest/v1/rpc/get_driver_invites_received,"POST | 521 | https://nafxpivddesgsrthmosv.supabase.co/rest/v1/rpc/get_driver_invites_received | Mozilla/5.0 (iPhone; CPU iPhone OS 18_5 like Mac OS X) AppleWebKit/605.1.15 (KHTML, like Gecko) Version/18.5 Mobile/15E148 Safari/604.1",{},[],edge,0,null,[],null
1155c479-9230-4cb0-9b6b-1c39de51b51e,"""2026-07-13T05:27:17.259Z""",2026-07-13T05:27:17.259000,error,521,GET,,/rest/v1/profiles,"GET | 521 | https://nafxpivddesgsrthmosv.supabase.co/rest/v1/profiles?select=id%2Cemail%2Cfull_name%2Crole%2Caggregated%2Casset%2Ccompany_name%2Cphone%2Cavatar_url%2Cavatar_seed%2Cbio&id=eq.ae81eb30-4f63-47cb-8c43-079d0d5ed570 | Mozilla/5.0 (iPhone; CPU iPhone OS 18_5 like Mac OS X) AppleWebKit/605.1.15 (KHTML, like Gecko) Version/18.5 Mobile/15E148 Safari/604.1",{},[],edge,0,null,[],null
0fb68b4c-a694-4fca-b44a-808a3230a25d,"""2026-07-13T05:27:17.257Z""",2026-07-13T05:27:17.257000,error,521,GET,,/rest/v1/trips_driver_view,"GET | 521 | https://nafxpivddesgsrthmosv.supabase.co/rest/v1/trips_driver_view?select=*&driver_id=in.%289fd1297f-4295-4d25-93e1-9f6e3cbe3d0a%29&order=created_at.desc | Mozilla/5.0 (iPhone; CPU iPhone OS 18_5 like Mac OS X) AppleWebKit/605.1.15 (KHTML, like Gecko) Version/18.5 Mobile/15E148 Safari/604.1",{},[],edge,0,null,[],null
e830a5af-d0e3-4252-90f2-f070f18af19d,"""2026-07-13T05:27:17.257Z""",2026-07-13T05:27:17.257000,error,521,GET,,/rest/v1/trip_conversations,"GET | 521 | https://nafxpivddesgsrthmosv.supabase.co/rest/v1/trip_conversations?select=id%2Corganization_id%2Ctrip_id%2Cparty_type%2Cparty_name%2Cclient_id%2Csupplier_id%2Cdriver_id%2Clast_message_at%2Clast_message_preview%2Cunread_dispatcher_count%2Ccreated_at%2Cupdated_at&driver_id=in.%289fd1297f-4295-4d25-93e1-9f6e3cbe3d0a%29&order=last_message_at.desc.nullslast&limit=100 | Mozilla/5.0 (iPhone; CPU iPhone OS 18_5 like Mac OS X) AppleWebKit/605.1.15 (KHTML, like Gecko) Version/18.5 Mobile/15E148 Safari/604.1",{},[],edge,0,null,[],null
adf9298f-1c08-4bed-b1e6-9b5a4b24a336,"""2026-07-13T05:27:17.250Z""",2026-07-13T05:27:17.250000,error,521,GET,,/rest/v1/clients,"GET | 521 | https://nafxpivddesgsrthmosv.supabase.co/rest/v1/clients?select=id%2Corganization_id%2Cname%2Ccontact_person%2Cphone%2Cemail%2Caddress%2Cgstin%2Cpan_number%2Cstatus%2Ccreated_at%2Cupdated_at%2Cdisplay_id%2Cis_integrated%2Clinked_organization_id%2Ccontact_percent%2Cavatar_url%2Cavatar_seed%2Cowner_full_name&organization_id=eq.89427247-b09c-444b-ac85-17c1bf9fdf20&status=eq.active&order=name.asc | Mozilla/5.0 (Macintosh; Intel Mac OS X 10_15_7) AppleWebKit/537.36 (KHTML, like Gecko) Chrome/150.0.0.0 Safari/537.36",{},[],edge,0,null,[],null
1b648cf1-93c8-4ead-8c2d-9ecd9d5de19d,"""2026-07-13T05:27:16.397Z""",2026-07-13T05:27:16.397000,error,57P03,,,,the database system is shutting down,{},[],postgres,0,null,[],null
6abb5e90-6e0a-49e3-aa15-5d15dae79d2b,"""2026-07-13T05:27:16.330Z""",2026-07-13T05:27:16.330000,error,57P03,,,,the database system is shutting down,{},[],postgres,0,null,[],null
e5eba4b3-b67a-4db8-b5b4-8fb97c7f37a8,"""2026-07-13T05:27:15.953Z""",2026-07-13T05:27:15.953000,error,57P03,,,,the database system is shutting down,{},[],postgres,0,null,[],null
fd3fb00f-8d75-4fbe-aecd-0d5a863b2a37,"""2026-07-13T05:27:15.907Z""",2026-07-13T05:27:15.907000,error,57P03,,,,the database system is shutting down,{},[],postgres,0,null,[],null
05d99fff-61ff-44ae-bcf2-5eb6d9accf57,"""2026-07-13T05:27:15.875Z""",2026-07-13T05:27:15.875000,error,57P03,,,,the database system is shutting down,{},[],postgres,0,null,[],null
ddd1990b-7365-4ac6-86d1-5ffcdb973690,"""2026-07-13T05:27:15.427Z""",2026-07-13T05:27:15.427000,error,521,GET,,/rest/v1/drivers,"GET | 521 | https://nafxpivddesgsrthmosv.supabase.co/rest/v1/drivers?select=id%2Corganization_id%2Cuser_id%2Cname%2Cphone%2Cemail%2Clicense_number%2Cemergency_name%2Cemergency_contact%2Cstatus%2Cassigned_vehicle_id%2Ccreated_at%2Cupdated_at%2Cleft_at%2Ctracking_only%2Cpayable_amount%2Ccommission_percent%2Ccommission_per_km%2Cavatar_url%2Cavatar_seed%2Corganizations%21left%28name%29&user_id=eq.ae81eb30-4f63-47cb-8c43-079d0d5ed570&order=created_at.desc&limit=20 | Mozilla/5.0 (iPhone; CPU iPhone OS 18_5 like Mac OS X) AppleWebKit/605.1.15 (KHTML, like Gecko) Version/18.5 Mobile/15E148 Safari/604.1",{},[],edge,0,null,[],null
266ecff7-5d16-48b9-9c3a-fdd0c70234aa,"""2026-07-13T05:27:15.378Z""",2026-07-13T05:27:15.378000,error,521,GET,,/rest/v1/drivers,"GET | 521 | https://nafxpivddesgsrthmosv.supabase.co/rest/v1/drivers?select=id%2Corganization_id%2Cuser_id%2Cname%2Cphone%2Cemail%2Clicense_number%2Cemergency_name%2Cemergency_contact%2Cstatus%2Cassigned_vehicle_id%2Ccreated_at%2Cupdated_at%2Cleft_at%2Ctracking_only%2Cpayable_amount%2Ccommission_percent%2Ccommission_per_km%2Cavatar_url%2Cavatar_seed%2Corganizations%21left%28name%29&user_id=eq.ae81eb30-4f63-47cb-8c43-079d0d5ed570&order=created_at.desc&limit=20 | Mozilla/5.0 (iPhone; CPU iPhone OS 18_5 like Mac OS X) AppleWebKit/605.1.15 (KHTML, like Gecko) Version/18.5 Mobile/15E148 Safari/604.1",{},[],edge,0,null,[],null
345f2cb9-85d8-49f2-ad95-cee9ae8ba966,"""2026-07-13T05:27:15.342Z""",2026-07-13T05:27:15.342000,error,521,GET,,/rest/v1/profiles,"GET | 521 | https://nafxpivddesgsrthmosv.supabase.co/rest/v1/profiles?select=id%2Cemail%2Cfull_name%2Crole%2Caggregated%2Casset%2Ccompany_name%2Cphone%2Cavatar_url%2Cavatar_seed%2Cbio&id=eq.ae81eb30-4f63-47cb-8c43-079d0d5ed570 | Mozilla/5.0 (iPhone; CPU iPhone OS 18_5 like Mac OS X) AppleWebKit/605.1.15 (KHTML, like Gecko) Version/18.5 Mobile/15E148 Safari/604.1",{},[],edge,0,null,[],null
71121969-1a5c-48bf-bba4-70a15ce8d16d,"""2026-07-13T05:27:15.314Z""",2026-07-13T05:27:15.314000,error,521,POST,,/rest/v1/rpc/get_driver_invites_received,"POST | 521 | https://nafxpivddesgsrthmosv.supabase.co/rest/v1/rpc/get_driver_invites_received | Mozilla/5.0 (iPhone; CPU iPhone OS 18_5 like Mac OS X) AppleWebKit/605.1.15 (KHTML, like Gecko) Version/18.5 Mobile/15E148 Safari/604.1",{},[],edge,0,null,[],null
3f269881-ea0a-41bb-8b79-06f10adc2517,"""2026-07-13T05:27:15.314Z""",2026-07-13T05:27:15.314000,error,521,POST,,/rest/v1/rpc/get_pending_otp_trips,"POST | 521 | https://nafxpivddesgsrthmosv.supabase.co/rest/v1/rpc/get_pending_otp_trips | Mozilla/5.0 (iPhone; CPU iPhone OS 18_5 like Mac OS X) AppleWebKit/605.1.15 (KHTML, like Gecko) Version/18.5 Mobile/15E148 Safari/604.1",{},[],edge,0,null,[],null
3b1eee23-3979-4699-aad0-67442db2e7f8,"""2026-07-13T05:27:15.313Z""",2026-07-13T05:27:15.313000,error,521,POST,,/rest/v1/rpc/sync_my_driver_rows_user_id,"POST | 521 | https://nafxpivddesgsrthmosv.supabase.co/rest/v1/rpc/sync_my_driver_rows_user_id | Mozilla/5.0 (iPhone; CPU iPhone OS 18_5 like Mac OS X) AppleWebKit/605.1.15 (KHTML, like Gecko) Version/18.5 Mobile/15E148 Safari/604.1",{},[],edge,0,null,[],null
2cdd2ba3-7279-47c8-9c34-3ab8065be6f1,"""2026-07-13T05:27:15.313Z""",2026-07-13T05:27:15.313000,error,521,POST,,/rest/v1/rpc/get_driver_invites_received,"POST | 521 | https://nafxpivddesgsrthmosv.supabase.co/rest/v1/rpc/get_driver_invites_received | Mozilla/5.0 (iPhone; CPU iPhone OS 18_5 like Mac OS X) AppleWebKit/605.1.15 (KHTML, like Gecko) Version/18.5 Mobile/15E148 Safari/604.1",{},[],edge,0,null,[],null
c559d598-ffab-4a47-9821-c1f3ffed34ac,"""2026-07-13T05:27:15.313Z""",2026-07-13T05:27:15.313000,error,521,POST,,/rest/v1/rpc/get_driver_invites_received,"POST | 521 | https://nafxpivddesgsrthmosv.supabase.co/rest/v1/rpc/get_driver_invites_received | Mozilla/5.0 (iPhone; CPU iPhone OS 18_5 like Mac OS X) AppleWebKit/605.1.15 (KHTML, like Gecko) Version/18.5 Mobile/15E148 Safari/604.1",{},[],edge,0,null,[],null
44857368-add0-41ad-8e22-d3fa431ae98d,"""2026-07-13T05:27:15.313Z""",2026-07-13T05:27:15.313000,error,521,POST,,/rest/v1/rpc/get_driver_invites_received,"POST | 521 | https://nafxpivddesgsrthmosv.supabase.co/rest/v1/rpc/get_driver_invites_received | Mozilla/5.0 (iPhone; CPU iPhone OS 18_5 like Mac OS X) AppleWebKit/605.1.15 (KHTML, like Gecko) Version/18.5 Mobile/15E148 Safari/604.1",{},[],edge,0,null,[],null
4e2a09ce-671b-483b-bf35-e03d8001d6e9,"""2026-07-13T05:27:15.312Z""",2026-07-13T05:27:15.312000,error,521,POST,,/rest/v1/rpc/sync_my_driver_rows_user_id,"POST | 521 | https://nafxpivddesgsrthmosv.supabase.co/rest/v1/rpc/sync_my_driver_rows_user_id | Mozilla/5.0 (iPhone; CPU iPhone OS 18_5 like Mac OS X) AppleWebKit/605.1.15 (KHTML, like Gecko) Version/18.5 Mobile/15E148 Safari/604.1",{},[],edge,0,null,[],null
e2319cb1-83ba-4518-b96a-d0378cf53058,"""2026-07-13T05:27:15.312Z""",2026-07-13T05:27:15.312000,error,521,POST,,/rest/v1/rpc/get_pending_otp_trips,"POST | 521 | https://nafxpivddesgsrthmosv.supabase.co/rest/v1/rpc/get_pending_otp_trips | Mozilla/5.0 (iPhone; CPU iPhone OS 18_5 like Mac OS X) AppleWebKit/605.1.15 (KHTML, like Gecko) Version/18.5 Mobile/15E148 Safari/604.1",{},[],edge,0,null,[],null
f7fb0712-405f-4436-b703-0ab1f889c926,"""2026-07-13T05:27:15.312Z""",2026-07-13T05:27:15.312000,error,521,POST,,/rest/v1/rpc/get_driver_invites_received,"POST | 521 | https://nafxpivddesgsrthmosv.supabase.co/rest/v1/rpc/get_driver_invites_received | Mozilla/5.0 (iPhone; CPU iPhone OS 18_5 like Mac OS X) AppleWebKit/605.1.15 (KHTML, like Gecko) Version/18.5 Mobile/15E148 Safari/604.1",{},[],edge,0,null,[],null
95f0084e-3d1a-4c12-8fae-663c463c7ea6,"""2026-07-13T05:27:15.312Z""",2026-07-13T05:27:15.312000,error,521,GET,,/rest/v1/drivers,"GET | 521 | https://nafxpivddesgsrthmosv.supabase.co/rest/v1/drivers?select=id%2Corganization_id%2Cuser_id%2Cname%2Cphone%2Cemail%2Clicense_number%2Cemergency_name%2Cemergency_contact%2Cstatus%2Cassigned_vehicle_id%2Ccreated_at%2Cupdated_at%2Cleft_at%2Ctracking_only%2Cpayable_amount%2Ccommission_percent%2Ccommission_per_km%2Cavatar_url%2Cavatar_seed%2Corganizations%21left%28name%29&user_id=eq.ae81eb30-4f63-47cb-8c43-079d0d5ed570&order=created_at.desc&limit=20 | Mozilla/5.0 (iPhone; CPU iPhone OS 18_5 like Mac OS X) AppleWebKit/605.1.15 (KHTML, like Gecko) Version/18.5 Mobile/15E148 Safari/604.1",{},[],edge,0,null,[],null
bbda7edb-d4ac-4b20-8ebf-4b6dd677306a,"""2026-07-13T05:27:15.312Z""",2026-07-13T05:27:15.312000,error,521,POST,,/rest/v1/rpc/sync_my_driver_rows_user_id,"POST | 521 | https://nafxpivddesgsrthmosv.supabase.co/rest/v1/rpc/sync_my_driver_rows_user_id | Mozilla/5.0 (iPhone; CPU iPhone OS 18_5 like Mac OS X) AppleWebKit/605.1.15 (KHTML, like Gecko) Version/18.5 Mobile/15E148 Safari/604.1",{},[],edge,0,null,[],null
033bee3d-9183-4837-9dbf-f06370a46799,"""2026-07-13T05:27:15.310Z""",2026-07-13T05:27:15.310000,error,521,POST,,/rest/v1/rpc/get_pending_otp_trips,"POST | 521 | https://nafxpivddesgsrthmosv.supabase.co/rest/v1/rpc/get_pending_otp_trips | Mozilla/5.0 (iPhone; CPU iPhone OS 18_5 like Mac OS X) AppleWebKit/605.1.15 (KHTML, like Gecko) Version/18.5 Mobile/15E148 Safari/604.1",{},[],edge,0,null,[],null
4628ea74-f2b3-4071-946a-2bd713a52d30,"""2026-07-13T05:27:15.308Z""",2026-07-13T05:27:15.308000,error,521,POST,,/rest/v1/rpc/get_driver_invites_received,"POST | 521 | https://nafxpivddesgsrthmosv.supabase.co/rest/v1/rpc/get_driver_invites_received | Mozilla/5.0 (iPhone; CPU iPhone OS 18_5 like Mac OS X) AppleWebKit/605.1.15 (KHTML, like Gecko) Version/18.5 Mobile/15E148 Safari/604.1",{},[],edge,0,null,[],null
43dd2b0a-28cc-4ddc-906c-5b61e2d8fff2,"""2026-07-13T05:27:15.307Z""",2026-07-13T05:27:15.307000,error,521,GET,,/rest/v1/trip_conversations,"GET | 521 | https://nafxpivddesgsrthmosv.supabase.co/rest/v1/trip_conversations?select=id%2Corganization_id%2Ctrip_id%2Cparty_type%2Cparty_name%2Cclient_id%2Csupplier_id%2Cdriver_id%2Clast_message_at%2Clast_message_preview%2Cunread_dispatcher_count%2Ccreated_at%2Cupdated_at&driver_id=in.%289fd1297f-4295-4d25-93e1-9f6e3cbe3d0a%29&order=last_message_at.desc.nullslast&limit=100 | Mozilla/5.0 (iPhone; CPU iPhone OS 18_5 like Mac OS X) AppleWebKit/605.1.15 (KHTML, like Gecko) Version/18.5 Mobile/15E148 Safari/604.1",{},[],edge,0,null,[],null
a66cc1c4-70a4-4aed-ad10-4de822404edb,"""2026-07-13T05:27:15.306Z""",2026-07-13T05:27:15.306000,error,521,GET,,/rest/v1/trips_driver_view,"GET | 521 | https://nafxpivddesgsrthmosv.supabase.co/rest/v1/trips_driver_view?select=*&driver_id=in.%289fd1297f-4295-4d25-93e1-9f6e3cbe3d0a%29&order=created_at.desc | Mozilla/5.0 (iPhone; CPU iPhone OS 18_5 like Mac OS X) AppleWebKit/605.1.15 (KHTML, like Gecko) Version/18.5 Mobile/15E148 Safari/604.1",{},[],edge,0,null,[],null
5ae70f63-340c-4fdb-8e30-858979be693b,"""2026-07-13T05:27:15.264Z""",2026-07-13T05:27:15.264000,error,521,GET,,/rest/v1/clients,"GET | 521 | https://nafxpivddesgsrthmosv.supabase.co/rest/v1/clients?select=id%2Corganization_id%2Cname%2Ccontact_person%2Cphone%2Cemail%2Caddress%2Cgstin%2Cpan_number%2Cstatus%2Ccreated_at%2Cupdated_at%2Cdisplay_id%2Cis_integrated%2Clinked_organization_id%2Ccontact_percent%2Cavatar_url%2Cavatar_seed%2Cowner_full_name&organization_id=eq.89427247-b09c-444b-ac85-17c1bf9fdf20&status=eq.active&order=name.asc | Mozilla/5.0 (Macintosh; Intel Mac OS X 10_15_7) AppleWebKit/537.36 (KHTML, like Gecko) Chrome/150.0.0.0 Safari/537.36",{},[],edge,0,null,[],null
ac175cb5-5cda-4445-ab4e-b3ea27f4544e,"""2026-07-13T05:27:15.255Z""",2026-07-13T05:27:15.255000,error,521,POST,,/rest/v1/rpc/get_driver_invites_received,"POST | 521 | https://nafxpivddesgsrthmosv.supabase.co/rest/v1/rpc/get_driver_invites_received | Mozilla/5.0 (iPhone; CPU iPhone OS 18_5 like Mac OS X) AppleWebKit/605.1.15 (KHTML, like Gecko) Version/18.5 Mobile/15E148 Safari/604.1",{},[],edge,0,null,[],null
d225d934-c1cf-4bed-9f6e-a35fa11978f4,"""2026-07-13T05:27:15.254Z""",2026-07-13T05:27:15.254000,error,521,GET,,/auth/v1/user,"GET | 521 | https://nafxpivddesgsrthmosv.supabase.co/auth/v1/user | Mozilla/5.0 (iPhone; CPU iPhone OS 18_5 like Mac OS X) AppleWebKit/605.1.15 (KHTML, like Gecko) Version/18.5 Mobile/15E148 Safari/604.1",{},[],edge,0,null,[],null
288ecd96-5f1e-4a46-a925-a8d78f8dea6d,"""2026-07-13T05:27:15.253Z""",2026-07-13T05:27:15.253000,error,521,POST,,/rest/v1/rpc/get_driver_invites_received,"POST | 521 | https://nafxpivddesgsrthmosv.supabase.co/rest/v1/rpc/get_driver_invites_received | Mozilla/5.0 (iPhone; CPU iPhone OS 18_5 like Mac OS X) AppleWebKit/605.1.15 (KHTML, like Gecko) Version/18.5 Mobile/15E148 Safari/604.1",{},[],edge,0,null,[],null
911ab3b2-94c7-4564-9f3b-4ca786328418,"""2026-07-13T05:27:15.252Z""",2026-07-13T05:27:15.252000,error,521,POST,,/rest/v1/rpc/get_pending_otp_trips,"POST | 521 | https://nafxpivddesgsrthmosv.supabase.co/rest/v1/rpc/get_pending_otp_trips | Mozilla/5.0 (iPhone; CPU iPhone OS 18_5 like Mac OS X) AppleWebKit/605.1.15 (KHTML, like Gecko) Version/18.5 Mobile/15E148 Safari/604.1",{},[],edge,0,null,[],null
085f01e8-f6ca-4bcb-94a2-332309c4abb0,"""2026-07-13T05:27:15.250Z""",2026-07-13T05:27:15.250000,error,521,POST,,/rest/v1/rpc/sync_my_driver_rows_user_id,"POST | 521 | https://nafxpivddesgsrthmosv.supabase.co/rest/v1/rpc/sync_my_driver_rows_user_id | Mozilla/5.0 (iPhone; CPU iPhone OS 18_5 like Mac OS X) AppleWebKit/605.1.15 (KHTML, like Gecko) Version/18.5 Mobile/15E148 Safari/604.1",{},[],edge,0,null,[],null
61053b2e-42c9-44c2-af0a-c2033cf8e276,"""2026-07-13T05:27:15.247Z""",2026-07-13T05:27:15.247000,error,521,GET,,/rest/v1/drivers,"GET | 521 | https://nafxpivddesgsrthmosv.supabase.co/rest/v1/drivers?select=id%2Corganization_id%2Cuser_id%2Cname%2Cphone%2Cemail%2Clicense_number%2Cemergency_name%2Cemergency_contact%2Cstatus%2Cassigned_vehicle_id%2Ccreated_at%2Cupdated_at%2Cleft_at%2Ctracking_only%2Cpayable_amount%2Ccommission_percent%2Ccommission_per_km%2Cavatar_url%2Cavatar_seed%2Corganizations%21left%28name%29&user_id=eq.ae81eb30-4f63-47cb-8c43-079d0d5ed570&order=created_at.desc&limit=20 | Mozilla/5.0 (iPhone; CPU iPhone OS 18_5 like Mac OS X) AppleWebKit/605.1.15 (KHTML, like Gecko) Version/18.5 Mobile/15E148 Safari/604.1",{},[],edge,0,null,[],null
5b7ffc6f-fe60-4c45-950d-9982eb03123f,"""2026-07-13T05:27:14.081Z""",2026-07-13T05:27:14.081000,error,57P03,,,,the database system is shutting down,{},[],postgres,0,null,[],null
f0a52273-e71d-445c-8223-56dce0f5f1f8,"""2026-07-13T05:27:13.763Z""",2026-07-13T05:27:13.763000,error,57P03,,,,the database system is shutting down,{},[],postgres,0,null,[],null
ac3ca422-2598-4e30-bd67-fb76dc4f5037,"""2026-07-13T05:27:13.332Z""",2026-07-13T05:27:13.332000,error,57P03,,,,the database system is shutting down,{},[],postgres,0,null,[],null
53c7a6de-ad3b-4868-bb25-264b0f84dfd0,"""2026-07-13T05:27:13.283Z""",2026-07-13T05:27:13.283000,error,57P03,,,,the database system is shutting down,{},[],postgres,0,null,[],null
e0607576-d358-4a3a-b94a-b9db3ffde5f0,"""2026-07-13T05:27:13.259Z""",2026-07-13T05:27:13.259000,error,57P03,,,,the database system is shutting down,{},[],postgres,0,null,[],null
52c8cea2-b1c6-4a1c-96bb-2113ae8c4521,"""2026-07-13T05:27:13.248Z""",2026-07-13T05:27:13.248000,error,521,GET,,/auth/v1/user,"GET | 521 | https://nafxpivddesgsrthmosv.supabase.co/auth/v1/user | Mozilla/5.0 (Macintosh; Intel Mac OS X 10_15_7) AppleWebKit/537.36 (KHTML, like Gecko) Chrome/150.0.0.0 Safari/537.36",{},[],edge,0,null,[],null
83ae9929-9d58-4630-8f2f-a9b20362e9dc,"""2026-07-13T05:27:13.246Z""",2026-07-13T05:27:13.246000,error,521,GET,,/rest/v1/clients,"GET | 521 | https://nafxpivddesgsrthmosv.supabase.co/rest/v1/clients?select=id%2Corganization_id%2Cname%2Ccontact_person%2Cphone%2Cemail%2Caddress%2Cgstin%2Cpan_number%2Cstatus%2Ccreated_at%2Cupdated_at%2Cdisplay_id%2Cis_integrated%2Clinked_organization_id%2Ccontact_percent%2Cavatar_url%2Cavatar_seed%2Cowner_full_name&organization_id=eq.89427247-b09c-444b-ac85-17c1bf9fdf20&status=eq.active&order=name.asc | Mozilla/5.0 (Macintosh; Intel Mac OS X 10_15_7) AppleWebKit/537.36 (KHTML, like Gecko) Chrome/150.0.0.0 Safari/537.36",{},[],edge,0,null,[],null
31ecdffb-4010-4907-ab79-d26d60b3a3b2,"""2026-07-13T05:27:13.028Z""",2026-07-13T05:27:13.028000,error,57P03,,,,the database system is shutting down,{},[],postgres,0,null,[],null
66ee8cf9-9c75-4dee-bf6b-481e1f64474d,"""2026-07-13T05:27:12.500Z""",2026-07-13T05:27:12.500000,error,200,,,,"PoolingReplicationPreparationError: %DBConnection.ConnectionError{
  message: ""[Elixir.Extensions.PostgresCdcRls.DynamicSupervisor] connection not available and request was dropped from queue after 10120ms. This means requests are coming in and your connection pool cannot serve them fast enough. You can address this by:\n\n  1. Ensuring your database is available and that you can connect to it\n  2. Tracking down slow queries and making sure they are running fast enough\n  3. Increasing the pool_size (although this increases resource consumption)\n  4. Allowing requests to wait longer by increasing :queue_target and :queue_interval\n\nSee DBConnection.start_link/2 for more information\n"",
  severity: :error,
  reason: :queue_timeout
}",{},[],realtime,0,null,[],null
70da29e6-0276-4334-9986-d0e0b871dcb3,"""2026-07-13T05:27:11.993Z""",2026-07-13T05:27:11.993000,error,57P03,,,,the database system is shutting down,{},[],postgres,0,null,[],null
fc630b08-6e4f-4c44-b673-faebec76b90d,"""2026-07-13T05:27:10.704Z""",2026-07-13T05:27:10.704000,error,57P03,,,,the database system is shutting down,{},[],postgres,0,null,[],null
e78ccb94-cd1e-4be2-aff4-f2141e3050e9,"""2026-07-13T05:27:10.493Z""",2026-07-13T05:27:10.493000,error,57P03,,,,the database system is shutting down,{},[],postgres,0,null,[],null
92830c63-f698-4c5d-8d99-9ba815182091,"""2026-07-13T05:27:10.352Z""",2026-07-13T05:27:10.352000,error,57P03,,,,the database system is shutting down,{},[],postgres,0,null,[],null
96faf721-2992-465f-b266-4cfb5674e791,"""2026-07-13T05:27:10.251Z""",2026-07-13T05:27:10.251000,error,521,POST,,/rest/v1/rpc/get_driver_invites_received,"POST | 521 | https://nafxpivddesgsrthmosv.supabase.co/rest/v1/rpc/get_driver_invites_received | Mozilla/5.0 (iPhone; CPU iPhone OS 18_5 like Mac OS X) AppleWebKit/605.1.15 (KHTML, like Gecko) Version/18.5 Mobile/15E148 Safari/604.1",{},[],edge,0,null,[],null
cc566630-ea1c-46bf-b20d-582b3ada2c73,"""2026-07-13T05:27:10.251Z""",2026-07-13T05:27:10.251000,error,521,POST,,/rest/v1/rpc/sync_my_driver_rows_user_id,"POST | 521 | https://nafxpivddesgsrthmosv.supabase.co/rest/v1/rpc/sync_my_driver_rows_user_id | Mozilla/5.0 (iPhone; CPU iPhone OS 18_5 like Mac OS X) AppleWebKit/605.1.15 (KHTML, like Gecko) Version/18.5 Mobile/15E148 Safari/604.1",{},[],edge,0,null,[],null
f7872cbc-685e-4321-a1a8-155e356e568f,"""2026-07-13T05:27:10.251Z""",2026-07-13T05:27:10.251000,error,521,POST,,/rest/v1/rpc/get_driver_invites_received,"POST | 521 | https://nafxpivddesgsrthmosv.supabase.co/rest/v1/rpc/get_driver_invites_received | Mozilla/5.0 (iPhone; CPU iPhone OS 18_5 like Mac OS X) AppleWebKit/605.1.15 (KHTML, like Gecko) Version/18.5 Mobile/15E148 Safari/604.1",{},[],edge,0,null,[],null
dd0f37c0-5b36-4fad-97f5-e79f83817fff,"""2026-07-13T05:27:10.251Z""",2026-07-13T05:27:10.251000,error,521,POST,,/rest/v1/rpc/get_pending_otp_trips,"POST | 521 | https://nafxpivddesgsrthmosv.supabase.co/rest/v1/rpc/get_pending_otp_trips | Mozilla/5.0 (iPhone; CPU iPhone OS 18_5 like Mac OS X) AppleWebKit/605.1.15 (KHTML, like Gecko) Version/18.5 Mobile/15E148 Safari/604.1",{},[],edge,0,null,[],null
060a6eb2-d8bb-4833-a82e-c0a5aa83cd8b,"""2026-07-13T05:27:10.250Z""",2026-07-13T05:27:10.250000,error,521,GET,,/rest/v1/drivers,"GET | 521 | https://nafxpivddesgsrthmosv.supabase.co/rest/v1/drivers?select=id%2Corganization_id%2Cuser_id%2Cname%2Cphone%2Cemail%2Clicense_number%2Cemergency_name%2Cemergency_contact%2Cstatus%2Cassigned_vehicle_id%2Ccreated_at%2Cupdated_at%2Cleft_at%2Ctracking_only%2Cpayable_amount%2Ccommission_percent%2Ccommission_per_km%2Cavatar_url%2Cavatar_seed%2Corganizations%21left%28name%29&user_id=eq.ae81eb30-4f63-47cb-8c43-079d0d5ed570&order=created_at.desc&limit=20 | Mozilla/5.0 (iPhone; CPU iPhone OS 18_5 like Mac OS X) AppleWebKit/605.1.15 (KHTML, like Gecko) Version/18.5 Mobile/15E148 Safari/604.1",{},[],edge,0,null,[],null
19f68ed8-157d-4c2c-a0f4-f9397a4d30d1,"""2026-07-13T05:27:10.247Z""",2026-07-13T05:27:10.247000,error,521,GET,,/auth/v1/user,"GET | 521 | https://nafxpivddesgsrthmosv.supabase.co/auth/v1/user | Mozilla/5.0 (iPhone; CPU iPhone OS 18_5 like Mac OS X) AppleWebKit/605.1.15 (KHTML, like Gecko) Version/18.5 Mobile/15E148 Safari/604.1",{},[],edge,0,null,[],null
5e219996-6efa-481b-b7e5-76ead531c3d6,"""2026-07-13T05:27:10.055Z""",2026-07-13T05:27:10.055000,error,57P03,,,,the database system is shutting down,{},[],postgres,0,null,[],null
f743126c-8370-40c5-874e-c4efbb21de31,"""2026-07-13T05:27:09.936Z""",2026-07-13T05:27:09.936000,error,57P03,,,,the database system is shutting down,{},[],postgres,0,null,[],null
47b7737e-eee5-41e8-86a5-5a877c750610,"""2026-07-13T05:27:09.891Z""",2026-07-13T05:27:09.891000,error,57P03,,,,the database system is shutting down,{},[],postgres,0,null,[],null
abb0476d-e062-4fb1-885d-b40fc6e0c10b,"""2026-07-13T05:27:09.852Z""",2026-07-13T05:27:09.852000,error,57P03,,,,the database system is shutting down,{},[],postgres,0,null,[],null
d9154bfc-2ab2-4d92-984d-ae9bd2b456c4,"""2026-07-13T05:27:09.682Z""",2026-07-13T05:27:09.682000,error,57P03,,,,the database system is shutting down,{},[],postgres,0,null,[],null
8a872656-8cc2-4cb1-8113-568b891b07bd,"""2026-07-13T05:27:09.526Z""",2026-07-13T05:27:09.526000,error,57P03,,,,the database system is shutting down,{},[],postgres,0,null,[],null
9333310b-4452-440b-8f5c-c18d7afd386c,"""2026-07-13T05:27:08.935Z""",2026-07-13T05:27:08.935000,error,57P03,,,,the database system is shutting down,{},[],postgres,0,null,[],null
086bb920-d59b-401d-8ad1-0d63ecfe0d90,"""2026-07-13T05:27:08.248Z""",2026-07-13T05:27:08.248000,error,521,GET,,/rest/v1/clients,"GET | 521 | https://nafxpivddesgsrthmosv.supabase.co/rest/v1/clients?select=id%2Corganization_id%2Cname%2Ccontact_person%2Cphone%2Cemail%2Caddress%2Cgstin%2Cpan_number%2Cstatus%2Ccreated_at%2Cupdated_at%2Cdisplay_id%2Cis_integrated%2Clinked_organization_id%2Ccontact_percent%2Cavatar_url%2Cavatar_seed%2Cowner_full_name&organization_id=eq.89427247-b09c-444b-ac85-17c1bf9fdf20&status=eq.active&order=name.asc | Mozilla/5.0 (Macintosh; Intel Mac OS X 10_15_7) AppleWebKit/537.36 (KHTML, like Gecko) Chrome/150.0.0.0 Safari/537.36",{},[],edge,0,null,[],null
f76c3245-9e84-40e9-a34e-1a96f748d975,"""2026-07-13T05:27:08.245Z""",2026-07-13T05:27:08.245000,error,521,GET,,/auth/v1/user,"GET | 521 | https://nafxpivddesgsrthmosv.supabase.co/auth/v1/user | Mozilla/5.0 (Macintosh; Intel Mac OS X 10_15_7) AppleWebKit/537.36 (KHTML, like Gecko) Chrome/150.0.0.0 Safari/537.36",{},[],edge,0,null,[],null
7f3dfaec-b6e3-46f9-a5f8-e5fa30487d2d,"""2026-07-13T05:27:07.260Z""",2026-07-13T05:27:07.260000,error,521,POST,,/rest/v1/rpc/get_driver_invites_received,"POST | 521 | https://nafxpivddesgsrthmosv.supabase.co/rest/v1/rpc/get_driver_invites_received | Mozilla/5.0 (iPhone; CPU iPhone OS 18_5 like Mac OS X) AppleWebKit/605.1.15 (KHTML, like Gecko) Version/18.5 Mobile/15E148 Safari/604.1",{},[],edge,0,null,[],null
7f262d14-fa11-4e9e-8b96-4d0bf18120c2,"""2026-07-13T05:27:07.259Z""",2026-07-13T05:27:07.259000,error,521,POST,,/rest/v1/rpc/get_pending_otp_trips,"POST | 521 | https://nafxpivddesgsrthmosv.supabase.co/rest/v1/rpc/get_pending_otp_trips | Mozilla/5.0 (iPhone; CPU iPhone OS 18_5 like Mac OS X) AppleWebKit/605.1.15 (KHTML, like Gecko) Version/18.5 Mobile/15E148 Safari/604.1",{},[],edge,0,null,[],null
c3504109-d5e7-4001-87e3-de3f4d33372f,"""2026-07-13T05:27:07.257Z""",2026-07-13T05:27:07.257000,error,521,GET,,/rest/v1/drivers,"GET | 521 | https://nafxpivddesgsrthmosv.supabase.co/rest/v1/drivers?select=id%2Corganization_id%2Cuser_id%2Cname%2Cphone%2Cemail%2Clicense_number%2Cemergency_name%2Cemergency_contact%2Cstatus%2Cassigned_vehicle_id%2Ccreated_at%2Cupdated_at%2Cleft_at%2Ctracking_only%2Cpayable_amount%2Ccommission_percent%2Ccommission_per_km%2Cavatar_url%2Cavatar_seed%2Corganizations%21left%28name%29&user_id=eq.ae81eb30-4f63-47cb-8c43-079d0d5ed570&order=created_at.desc&limit=20 | Mozilla/5.0 (iPhone; CPU iPhone OS 18_5 like Mac OS X) AppleWebKit/605.1.15 (KHTML, like Gecko) Version/18.5 Mobile/15E148 Safari/604.1",{},[],edge,0,null,[],null
1987402e-1c37-4e95-b04a-33be457432e3,"""2026-07-13T05:27:07.255Z""",2026-07-13T05:27:07.255000,error,521,POST,,/rest/v1/rpc/get_driver_invites_received,"POST | 521 | https://nafxpivddesgsrthmosv.supabase.co/rest/v1/rpc/get_driver_invites_received | Mozilla/5.0 (iPhone; CPU iPhone OS 18_5 like Mac OS X) AppleWebKit/605.1.15 (KHTML, like Gecko) Version/18.5 Mobile/15E148 Safari/604.1",{},[],edge,0,null,[],null
ac703c41-0383-4132-8802-09577758e9c2,"""2026-07-13T05:27:07.253Z""",2026-07-13T05:27:07.253000,error,521,POST,,/rest/v1/rpc/sync_my_driver_rows_user_id,"POST | 521 | https://nafxpivddesgsrthmosv.supabase.co/rest/v1/rpc/sync_my_driver_rows_user_id | Mozilla/5.0 (iPhone; CPU iPhone OS 18_5 like Mac OS X) AppleWebKit/605.1.15 (KHTML, like Gecko) Version/18.5 Mobile/15E148 Safari/604.1",{},[],edge,0,null,[],null
e0d78485-4e06-4630-89d4-f7f0c5c01019,"""2026-07-13T05:27:07.246Z""",2026-07-13T05:27:07.246000,error,521,GET,,/auth/v1/user,"GET | 521 | https://nafxpivddesgsrthmosv.supabase.co/auth/v1/user | Mozilla/5.0 (iPhone; CPU iPhone OS 18_5 like Mac OS X) AppleWebKit/605.1.15 (KHTML, like Gecko) Version/18.5 Mobile/15E148 Safari/604.1",{},[],edge,0,null,[],null
5db6dc4f-30f3-41d7-8733-d1d204b9d246,"""2026-07-13T05:27:07.018Z""",2026-07-13T05:27:07.018000,error,57P03,,,,the database system is shutting down,{},[],postgres,0,null,[],null
d454131e-09bc-4b88-b084-2440b7fc13e8,"""2026-07-13T05:27:06.480Z""",2026-07-13T05:27:06.480000,error,57P03,,,,the database system is shutting down,{},[],postgres,0,null,[],null
2b40740c-680c-45d4-86f2-77e4fef80b53,"""2026-07-13T05:27:05.543Z""",2026-07-13T05:27:05.543000,error,57P03,,,,the database system is shutting down,{},[],postgres,0,null,[],null
490e472b-772d-4bc5-8072-a97e714cf58e,"""2026-07-13T05:27:05.302Z""",2026-07-13T05:27:05.302000,error,521,GET,,/auth/v1/user,"GET | 521 | https://nafxpivddesgsrthmosv.supabase.co/auth/v1/user | Mozilla/5.0 (iPhone; CPU iPhone OS 18_5 like Mac OS X) AppleWebKit/605.1.15 (KHTML, like Gecko) Version/18.5 Mobile/15E148 Safari/604.1",{},[],edge,0,null,[],null
0cc09306-16da-4a82-95ca-a67272433ee8,"""2026-07-13T05:27:05.301Z""",2026-07-13T05:27:05.301000,error,521,GET,,/rest/v1/drivers,"GET | 521 | https://nafxpivddesgsrthmosv.supabase.co/rest/v1/drivers?select=id%2Corganization_id%2Cuser_id%2Cname%2Cphone%2Cemail%2Clicense_number%2Cemergency_name%2Cemergency_contact%2Cstatus%2Cassigned_vehicle_id%2Ccreated_at%2Cupdated_at%2Cleft_at%2Ctracking_only%2Cpayable_amount%2Ccommission_percent%2Ccommission_per_km%2Cavatar_url%2Cavatar_seed%2Corganizations%21left%28name%29&user_id=eq.ae81eb30-4f63-47cb-8c43-079d0d5ed570&order=created_at.desc&limit=20 | Mozilla/5.0 (iPhone; CPU iPhone OS 18_5 like Mac OS X) AppleWebKit/605.1.15 (KHTML, like Gecko) Version/18.5 Mobile/15E148 Safari/604.1",{},[],edge,0,null,[],null
79568c30-0e04-4695-b3ef-2cb46a58cf9c,"""2026-07-13T05:27:05.300Z""",2026-07-13T05:27:05.300000,error,521,POST,,/rest/v1/rpc/get_driver_invites_received,"POST | 521 | https://nafxpivddesgsrthmosv.supabase.co/rest/v1/rpc/get_driver_invites_received | Mozilla/5.0 (iPhone; CPU iPhone OS 18_5 like Mac OS X) AppleWebKit/605.1.15 (KHTML, like Gecko) Version/18.5 Mobile/15E148 Safari/604.1",{},[],edge,0,null,[],null
93f1ae93-10bf-408c-a4a9-b0032f2970d2,"""2026-07-13T05:27:05.298Z""",2026-07-13T05:27:05.298000,error,521,POST,,/rest/v1/rpc/get_driver_invites_received,"POST | 521 | https://nafxpivddesgsrthmosv.supabase.co/rest/v1/rpc/get_driver_invites_received | Mozilla/5.0 (iPhone; CPU iPhone OS 18_5 like Mac OS X) AppleWebKit/605.1.15 (KHTML, like Gecko) Version/18.5 Mobile/15E148 Safari/604.1",{},[],edge,0,null,[],null
25764440-cc4f-4ba8-aea8-b438a9e740c6,"""2026-07-13T05:27:05.296Z""",2026-07-13T05:27:05.296000,error,521,POST,,/rest/v1/rpc/sync_my_driver_rows_user_id,"POST | 521 | https://nafxpivddesgsrthmosv.supabase.co/rest/v1/rpc/sync_my_driver_rows_user_id | Mozilla/5.0 (iPhone; CPU iPhone OS 18_5 like Mac OS X) AppleWebKit/605.1.15 (KHTML, like Gecko) Version/18.5 Mobile/15E148 Safari/604.1",{},[],edge,0,null,[],null
40a3d5c6-0f03-4feb-a871-dc4815c93821,"""2026-07-13T05:27:05.293Z""",2026-07-13T05:27:05.293000,error,521,POST,,/rest/v1/rpc/get_pending_otp_trips,"POST | 521 | https://nafxpivddesgsrthmosv.supabase.co/rest/v1/rpc/get_pending_otp_trips | Mozilla/5.0 (iPhone; CPU iPhone OS 18_5 like Mac OS X) AppleWebKit/605.1.15 (KHTML, like Gecko) Version/18.5 Mobile/15E148 Safari/604.1",{},[],edge,0,null,[],null
3fa733c1-4fba-489c-bcf2-f0ee9321b4bb,"""2026-07-13T05:27:05.247Z""",2026-07-13T05:27:05.247000,error,521,GET,,/rest/v1/clients,"GET | 521 | https://nafxpivddesgsrthmosv.supabase.co/rest/v1/clients?select=id%2Corganization_id%2Cname%2Ccontact_person%2Cphone%2Cemail%2Caddress%2Cgstin%2Cpan_number%2Cstatus%2Ccreated_at%2Cupdated_at%2Cdisplay_id%2Cis_integrated%2Clinked_organization_id%2Ccontact_percent%2Cavatar_url%2Cavatar_seed%2Cowner_full_name&organization_id=eq.89427247-b09c-444b-ac85-17c1bf9fdf20&status=eq.active&order=name.asc | Mozilla/5.0 (Macintosh; Intel Mac OS X 10_15_7) AppleWebKit/537.36 (KHTML, like Gecko) Chrome/150.0.0.0 Safari/537.36",{},[],edge,0,null,[],null
02d7b91e-1223-436a-930b-ae187472ee27,"""2026-07-13T05:27:05.244Z""",2026-07-13T05:27:05.244000,error,521,GET,,/auth/v1/user,"GET | 521 | https://nafxpivddesgsrthmosv.supabase.co/auth/v1/user | Mozilla/5.0 (iPhone; CPU iPhone OS 18_5 like Mac OS X) AppleWebKit/605.1.15 (KHTML, like Gecko) Version/18.5 Mobile/15E148 Safari/604.1",{},[],edge,0,null,[],null
794bcecb-1bf2-4d8a-848b-217b6bb3ea32,"""2026-07-13T05:27:05.243Z""",2026-07-13T05:27:05.243000,error,521,GET,,/auth/v1/user,"GET | 521 | https://nafxpivddesgsrthmosv.supabase.co/auth/v1/user | Mozilla/5.0 (Macintosh; Intel Mac OS X 10_15_7) AppleWebKit/537.36 (KHTML, like Gecko) Chrome/150.0.0.0 Safari/537.36",{},[],edge,0,null,[],null
e9f31a21-c568-4af6-93ae-e8ce59165805,"""2026-07-13T05:27:04.779Z""",2026-07-13T05:27:04.779000,error,57P03,,,,the database system is shutting down,{},[],postgres,0,null,[],null
2c5d93bf-805b-401f-8aa7-36304902a6ca,"""2026-07-13T05:27:04.044Z""",2026-07-13T05:27:04.044000,error,57P03,,,,the database system is shutting down,{},[],postgres,0,null,[],null
e8c3845e-d406-414a-bd33-240705f394d7,"""2026-07-13T05:27:03.505Z""",2026-07-13T05:27:03.505000,warning,200,,,,Disconnecting broadcast changes handler in the step : :streaming,{},[],realtime,0,null,[],null
7d7533fa-7487-4d53-9c1c-f386194223c6,"""2026-07-13T05:27:03.328Z""",2026-07-13T05:27:03.328000,error,521,GET,,/rest/v1/clients,"GET | 521 | https://nafxpivddesgsrthmosv.supabase.co/rest/v1/clients?select=id%2Corganization_id%2Cname%2Ccontact_person%2Cphone%2Cemail%2Caddress%2Cgstin%2Cpan_number%2Cstatus%2Ccreated_at%2Cupdated_at%2Cdisplay_id%2Cis_integrated%2Clinked_organization_id%2Ccontact_percent%2Cavatar_url%2Cavatar_seed%2Cowner_full_name&organization_id=eq.89427247-b09c-444b-ac85-17c1bf9fdf20&status=eq.active&order=name.asc | Mozilla/5.0 (Macintosh; Intel Mac OS X 10_15_7) AppleWebKit/537.36 (KHTML, like Gecko) Chrome/150.0.0.0 Safari/537.36",{},[],edge,0,null,[],null
b96e9384-bd55-4c3e-8e96-7e49b770d8cd,"""2026-07-13T05:27:03.295Z""",2026-07-13T05:27:03.295000,error,521,GET,,/auth/v1/user,"GET | 521 | https://nafxpivddesgsrthmosv.supabase.co/auth/v1/user | Mozilla/5.0 (Macintosh; Intel Mac OS X 10_15_7) AppleWebKit/537.36 (KHTML, like Gecko) Chrome/150.0.0.0 Safari/537.36",{},[],edge,0,null,[],null
a9f1f439-9aee-48ac-b632-bc8cc26fcced,"""2026-07-13T05:27:03.254Z""",2026-07-13T05:27:03.254000,error,521,POST,,/rest/v1/rpc/get_driver_invites_received,"POST | 521 | https://nafxpivddesgsrthmosv.supabase.co/rest/v1/rpc/get_driver_invites_received | Mozilla/5.0 (iPhone; CPU iPhone OS 18_5 like Mac OS X) AppleWebKit/605.1.15 (KHTML, like Gecko) Version/18.5 Mobile/15E148 Safari/604.1",{},[],edge,0,null,[],null
cde3ce47-d9bd-48c1-aec9-a36cba4e9b4e,"""2026-07-13T05:27:03.254Z""",2026-07-13T05:27:03.254000,error,521,POST,,/rest/v1/rpc/get_driver_invites_received,"POST | 521 | https://nafxpivddesgsrthmosv.supabase.co/rest/v1/rpc/get_driver_invites_received | Mozilla/5.0 (iPhone; CPU iPhone OS 18_5 like Mac OS X) AppleWebKit/605.1.15 (KHTML, like Gecko) Version/18.5 Mobile/15E148 Safari/604.1",{},[],edge,0,null,[],null
bc5444b8-8262-4418-bf5a-0da0b03fdffd,"""2026-07-13T05:27:03.253Z""",2026-07-13T05:27:03.253000,error,521,GET,,/rest/v1/profiles,"GET | 521 | https://nafxpivddesgsrthmosv.supabase.co/rest/v1/profiles?select=id%2Cemail%2Cfull_name%2Crole%2Caggregated%2Casset%2Ccompany_name%2Cphone%2Cavatar_url%2Cavatar_seed%2Cbio&id=eq.ae81eb30-4f63-47cb-8c43-079d0d5ed570 | Mozilla/5.0 (iPhone; CPU iPhone OS 18_5 like Mac OS X) AppleWebKit/605.1.15 (KHTML, like Gecko) Version/18.5 Mobile/15E148 Safari/604.1",{},[],edge,0,null,[],null
6f9effc1-a9ac-4af9-9fbc-432ddf1d1e7f,"""2026-07-13T05:27:03.253Z""",2026-07-13T05:27:03.253000,error,521,POST,,/rest/v1/rpc/get_pending_otp_trips,"POST | 521 | https://nafxpivddesgsrthmosv.supabase.co/rest/v1/rpc/get_pending_otp_trips | Mozilla/5.0 (iPhone; CPU iPhone OS 18_5 like Mac OS X) AppleWebKit/605.1.15 (KHTML, like Gecko) Version/18.5 Mobile/15E148 Safari/604.1",{},[],edge,0,null,[],null
3a418745-8453-4565-8736-8d955d1aede6,"""2026-07-13T05:27:03.253Z""",2026-07-13T05:27:03.253000,error,521,POST,,/rest/v1/rpc/sync_my_driver_rows_user_id,"POST | 521 | https://nafxpivddesgsrthmosv.supabase.co/rest/v1/rpc/sync_my_driver_rows_user_id | Mozilla/5.0 (iPhone; CPU iPhone OS 18_5 like Mac OS X) AppleWebKit/605.1.15 (KHTML, like Gecko) Version/18.5 Mobile/15E148 Safari/604.1",{},[],edge,0,null,[],null
39120153-8c8a-463d-af27-8491b7f1a510,"""2026-07-13T05:27:03.252Z""",2026-07-13T05:27:03.252000,error,521,POST,,/rest/v1/rpc/get_pending_otp_trips,"POST | 521 | https://nafxpivddesgsrthmosv.supabase.co/rest/v1/rpc/get_pending_otp_trips | Mozilla/5.0 (iPhone; CPU iPhone OS 18_5 like Mac OS X) AppleWebKit/605.1.15 (KHTML, like Gecko) Version/18.5 Mobile/15E148 Safari/604.1",{},[],edge,0,null,[],null
a356baf1-3024-43bb-abd2-f32652dc1eb7,"""2026-07-13T05:27:03.251Z""",2026-07-13T05:27:03.251000,error,521,POST,,/rest/v1/rpc/get_driver_invites_received,"POST | 521 | https://nafxpivddesgsrthmosv.supabase.co/rest/v1/rpc/get_driver_invites_received | Mozilla/5.0 (iPhone; CPU iPhone OS 18_5 like Mac OS X) AppleWebKit/605.1.15 (KHTML, like Gecko) Version/18.5 Mobile/15E148 Safari/604.1",{},[],edge,0,null,[],null
8544f1b9-2bbe-462d-8fc7-aaca89458b89,"""2026-07-13T05:27:03.251Z""",2026-07-13T05:27:03.251000,error,521,POST,,/rest/v1/rpc/sync_my_driver_rows_user_id,"POST | 521 | https://nafxpivddesgsrthmosv.supabase.co/rest/v1/rpc/sync_my_driver_rows_user_id | Mozilla/5.0 (iPhone; CPU iPhone OS 18_5 like Mac OS X) AppleWebKit/605.1.15 (KHTML, like Gecko) Version/18.5 Mobile/15E148 Safari/604.1",{},[],edge,0,null,[],null
b5ba1b2e-db01-43ce-b314-7bde1defb7a3,"""2026-07-13T05:27:03.250Z""",2026-07-13T05:27:03.250000,error,521,POST,,/rest/v1/rpc/get_driver_invites_received,"POST | 521 | https://nafxpivddesgsrthmosv.supabase.co/rest/v1/rpc/get_driver_invites_received | Mozilla/5.0 (iPhone; CPU iPhone OS 18_5 like Mac OS X) AppleWebKit/605.1.15 (KHTML, like Gecko) Version/18.5 Mobile/15E148 Safari/604.1",{},[],edge,0,null,[],null
d67327a4-579a-4d90-a8b1-e007eec7dee5,"""2026-07-13T05:27:03.249Z""",2026-07-13T05:27:03.249000,error,521,GET,,/auth/v1/user,"GET | 521 | https://nafxpivddesgsrthmosv.supabase.co/auth/v1/user | Mozilla/5.0 (Macintosh; Intel Mac OS X 10_15_7) AppleWebKit/537.36 (KHTML, like Gecko) Chrome/150.0.0.0 Safari/537.36",{},[],edge,0,null,[],null
bf08987c-088d-470d-be77-3f1e7b63b4b2,"""2026-07-13T05:27:03.056Z""",2026-07-13T05:27:03.056000,error,57P03,,,,the database system is shutting down,{},[],postgres,0,null,[],null
a8c87138-62ae-40da-953f-db841b2c76a4,"""2026-07-13T05:27:03.050Z""",2026-07-13T05:27:03.050000,error,57P03,,,,the database system is shutting down,{},[],postgres,0,null,[],null
e6d03bed-b087-4ce7-a7fc-2dbe9136710a,"""2026-07-13T05:27:02.868Z""",2026-07-13T05:27:02.868000,error,57P03,,,,the database system is shutting down,{},[],postgres,0,null,[],null
c13d90c1-2707-440c-81b3-02c968787b62,"""2026-07-13T05:27:02.367Z""",2026-07-13T05:27:02.367000,error,57P01,,,,terminating connection due to administrator command,{},[],postgres,0,null,[],null
a9169e66-1a65-43a1-b41b-3824f6b4b4ae,"""2026-07-13T05:27:02.327Z""",2026-07-13T05:27:02.327000,error,57P01,,,,terminating connection due to administrator command,{},[],postgres,0,null,[],null
f43d7b6f-2f2b-453b-aab4-6f48b3e77509,"""2026-07-13T05:27:02.230Z""",2026-07-13T05:27:02.230000,error,200,,,,"PgStatActivityQueryFailed: %Postgrex.Error{
  message: nil,
  postgres: %{
    code: :admin_shutdown,
    line: ""3315"",
    message: ""terminating connection due to administrator command"",
    file: ""postgres.c"",
    unknown: ""FATAL"",
    severity: ""FATAL"",
    pg_code: ""57P01"",
    routine: ""ProcessInterrupts""
  },
  connection_id: 109957,
  query: ""select\n         extract(\n          epoch from (now() - state_change)\n         )::int as diff\n         from pg_stat_activity where application_name = 'realtime_rls' and pid = $1""
}",{},[],realtime,0,null,[],null
abac5cc3-1a20-4563-96c0-56feb4ee16d8,"""2026-07-13T05:27:02.228Z""",2026-07-13T05:27:02.228000,error,57P01,,,,terminating connection due to administrator command,{},[],postgres,0,null,[],null
9b4b9398-6b13-434b-a4d1-0686d2c97c77,"""2026-07-13T05:27:02.222Z""",2026-07-13T05:27:02.222000,error,57P01,,,,terminating connection due to administrator command,{},[],postgres,0,null,[],null
c557d76c-c2ea-42b6-b445-5fa4d1e1d9ab,"""2026-07-13T05:27:02.209Z""",2026-07-13T05:27:02.209000,error,57P01,,,,terminating connection due to administrator command,{},[],postgres,0,null,[],null
a038058a-4838-401b-8540-3159d5285222,"""2026-07-13T05:27:02.193Z""",2026-07-13T05:27:02.193000,error,57P01,,,,terminating connection due to administrator command,{},[],postgres,0,null,[],null
01b7674b-fe66-4476-a47a-f123c6219fa7,"""2026-07-13T05:27:02.192Z""",2026-07-13T05:27:02.192000,error,57P01,,,,terminating connection due to administrator command,{},[],postgres,0,null,[],null
d6e739c7-95a2-4def-87f0-f81191209405,"""2026-07-13T05:27:02.192Z""",2026-07-13T05:27:02.192000,error,57P01,,,,terminating connection due to administrator command,{},[],postgres,0,null,[],null
2d60e6f5-e172-4aee-b4ca-211ae8cb0290,"""2026-07-13T05:27:02.190Z""",2026-07-13T05:27:02.190000,error,57P01,,,,terminating connection due to administrator command,{},[],postgres,0,null,[],null
06f1ac22-39e9-4241-be46-eaf02cd6d6df,"""2026-07-13T05:27:02.189Z""",2026-07-13T05:27:02.189000,error,57P01,,,,terminating connection due to administrator command,{},[],postgres,0,null,[],null
b6e21806-792c-47ab-8cc1-c73c76218908,"""2026-07-13T05:27:02.188Z""",2026-07-13T05:27:02.188000,error,57P01,,,,terminating connection due to administrator command,{},[],postgres,0,null,[],null
5c29b1b9-868c-4c08-a7fa-0374fc134655,"""2026-07-13T05:27:02.163Z""",2026-07-13T05:27:02.163000,error,200,,,,"ReplicationSlotBeingUsed: replication slot ""supabase_realtime_replication_slot_2_112_6_5042a0b"" is active for PID 109574",{},[],realtime,0,null,[],null
be09bd24-71d8-4f84-8978-7b3ef9a18d8f,"""2026-07-13T05:27:01.502Z""",2026-07-13T05:27:01.502000,warning,200,,,,Database PID 109574 found in pg_stat_activity with state_change diff of 383,{},[],realtime,0,null,[],null
b0045569-ca9c-4bfb-b4a8-e937b96dd8a2,"""2026-07-13T05:27:01.376Z""",2026-07-13T05:27:01.376000,error,200,,,,"ReplicationSlotBeingUsed: replication slot ""supabase_realtime_replication_slot_2_112_6_5042a0b"" is active for PID 109574",{},[],realtime,0,null,[],null
b0adff97-2214-49d1-8f09-70220f8de283,"""2026-07-13T05:27:00.777Z""",2026-07-13T05:27:00.777000,warning,200,,,,Database PID 109574 found in pg_stat_activity with state_change diff of 382,{},[],realtime,0,null,[],null
70560ee2-5c46-4f6b-b1f8-374fdd782224,"""2026-07-13T05:27:00.651Z""",2026-07-13T05:27:00.651000,error,200,,,,"ReplicationSlotBeingUsed: replication slot ""supabase_realtime_replication_slot_2_112_6_5042a0b"" is active for PID 109574",{},[],realtime,0,null,[],null
41204286-e671-4510-a349-49b6ab88839a,"""2026-07-13T05:27:00.239Z""",2026-07-13T05:27:00.239000,error,521,GET,,/auth/v1/user,"GET | 521 | https://nafxpivddesgsrthmosv.supabase.co/auth/v1/user | Mozilla/5.0 (iPhone; CPU iPhone OS 18_5 like Mac OS X) AppleWebKit/605.1.15 (KHTML, like Gecko) Version/18.5 Mobile/15E148 Safari/604.1",{},[],edge,0,null,[],null
d57c0b2c-5a4e-458f-bfdc-16809c269308,"""2026-07-13T05:27:00.060Z""",2026-07-13T05:27:00.060000,warning,200,,,,Database PID 109574 found in pg_stat_activity with state_change diff of 382,{},[],realtime,0,null,[],null
5c4e2c29-de2d-4525-8a63-76b51d77e443,"""2026-07-13T05:26:59.934Z""",2026-07-13T05:26:59.934000,error,200,,,,"ReplicationSlotBeingUsed: replication slot ""supabase_realtime_replication_slot_2_112_6_5042a0b"" is active for PID 109574",{},[],realtime,0,null,[],null
f57d4582-be20-4466-98be-18a751b4ae92,"""2026-07-13T05:26:59.438Z""",2026-07-13T05:26:59.438000,warning,200,,,,Database PID 109574 found in pg_stat_activity with state_change diff of 381,{},[],realtime,0,null,[],null
552c5f9c-1e43-4697-bfc8-1c708d7cc0bc,"""2026-07-13T05:26:59.311Z""",2026-07-13T05:26:59.311000,error,200,,,,"ReplicationSlotBeingUsed: replication slot ""supabase_realtime_replication_slot_2_112_6_5042a0b"" is active for PID 109574",{},[],realtime,0,null,[],null
0850ba86-14ad-4108-98cb-a05d02901600,"""2026-07-13T05:26:58.631Z""",2026-07-13T05:26:58.631000,warning,200,,,,Database PID 109574 found in pg_stat_activity with state_change diff of 380,{},[],realtime,0,null,[],null
41731bc8-3d68-4e61-97ae-0260fc78d65f,"""2026-07-13T05:26:58.505Z""",2026-07-13T05:26:58.505000,error,200,,,,"ReplicationSlotBeingUsed: replication slot ""supabase_realtime_replication_slot_2_112_6_5042a0b"" is active for PID 109574",{},[],realtime,0,null,[],null
4540a2e9-5e61-40a9-8877-9b76ae32c413,"""2026-07-13T05:26:58.268Z""",2026-07-13T05:26:58.268000,error,521,POST,,/rest/v1/rpc/get_pending_otp_trips,"POST | 521 | https://nafxpivddesgsrthmosv.supabase.co/rest/v1/rpc/get_pending_otp_trips | Mozilla/5.0 (iPhone; CPU iPhone OS 18_5 like Mac OS X) AppleWebKit/605.1.15 (KHTML, like Gecko) Version/18.5 Mobile/15E148 Safari/604.1",{},[],edge,0,null,[],null
c9f194a6-2b0f-4eee-8118-890e27e0bb07,"""2026-07-13T05:26:58.262Z""",2026-07-13T05:26:58.262000,error,521,POST,,/rest/v1/rpc/get_driver_invites_received,"POST | 521 | https://nafxpivddesgsrthmosv.supabase.co/rest/v1/rpc/get_driver_invites_received | Mozilla/5.0 (iPhone; CPU iPhone OS 18_5 like Mac OS X) AppleWebKit/605.1.15 (KHTML, like Gecko) Version/18.5 Mobile/15E148 Safari/604.1",{},[],edge,0,null,[],null
b4010f52-3cbd-4ea2-a293-8e33cb684674,"""2026-07-13T05:26:58.261Z""",2026-07-13T05:26:58.261000,error,521,POST,,/rest/v1/rpc/get_driver_invites_received,"POST | 521 | https://nafxpivddesgsrthmosv.supabase.co/rest/v1/rpc/get_driver_invites_received | Mozilla/5.0 (iPhone; CPU iPhone OS 18_5 like Mac OS X) AppleWebKit/605.1.15 (KHTML, like Gecko) Version/18.5 Mobile/15E148 Safari/604.1",{},[],edge,0,null,[],null
b2f51880-1cfc-4b4d-b0cc-097ed3ef0376,"""2026-07-13T05:26:58.260Z""",2026-07-13T05:26:58.260000,error,521,POST,,/rest/v1/rpc/sync_my_driver_rows_user_id,"POST | 521 | https://nafxpivddesgsrthmosv.supabase.co/rest/v1/rpc/sync_my_driver_rows_user_id | Mozilla/5.0 (iPhone; CPU iPhone OS 18_5 like Mac OS X) AppleWebKit/605.1.15 (KHTML, like Gecko) Version/18.5 Mobile/15E148 Safari/604.1",{},[],edge,0,null,[],null
24974b69-798f-4a6a-b44c-c0fad3d89dc2,"""2026-07-13T05:26:58.259Z""",2026-07-13T05:26:58.259000,error,521,POST,,/rest/v1/rpc/get_driver_invites_received,"POST | 521 | https://nafxpivddesgsrthmosv.supabase.co/rest/v1/rpc/get_driver_invites_received | Mozilla/5.0 (iPhone; CPU iPhone OS 18_5 like Mac OS X) AppleWebKit/605.1.15 (KHTML, like Gecko) Version/18.5 Mobile/15E148 Safari/604.1",{},[],edge,0,null,[],null
038262e1-0a0c-4d53-a95f-f1944d4266b6,"""2026-07-13T05:26:58.257Z""",2026-07-13T05:26:58.257000,error,521,POST,,/rest/v1/rpc/get_pending_otp_trips,"POST | 521 | https://nafxpivddesgsrthmosv.supabase.co/rest/v1/rpc/get_pending_otp_trips | Mozilla/5.0 (iPhone; CPU iPhone OS 18_5 like Mac OS X) AppleWebKit/605.1.15 (KHTML, like Gecko) Version/18.5 Mobile/15E148 Safari/604.1",{},[],edge,0,null,[],null
bca6f3c4-620e-48d1-932f-2835bef2fbc1,"""2026-07-13T05:26:58.256Z""",2026-07-13T05:26:58.256000,error,521,GET,,/rest/v1/profiles,"GET | 521 | https://nafxpivddesgsrthmosv.supabase.co/rest/v1/profiles?select=id%2Cemail%2Cfull_name%2Crole%2Caggregated%2Casset%2Ccompany_name%2Cphone%2Cavatar_url%2Cavatar_seed%2Cbio&id=eq.ae81eb30-4f63-47cb-8c43-079d0d5ed570 | Mozilla/5.0 (iPhone; CPU iPhone OS 18_5 like Mac OS X) AppleWebKit/605.1.15 (KHTML, like Gecko) Version/18.5 Mobile/15E148 Safari/604.1",{},[],edge,0,null,[],null
2cdabc8a-8c65-4347-b787-23db44a797fb,"""2026-07-13T05:26:58.254Z""",2026-07-13T05:26:58.254000,error,521,POST,,/rest/v1/rpc/sync_my_driver_rows_user_id,"POST | 521 | https://nafxpivddesgsrthmosv.supabase.co/rest/v1/rpc/sync_my_driver_rows_user_id | Mozilla/5.0 (iPhone; CPU iPhone OS 18_5 like Mac OS X) AppleWebKit/605.1.15 (KHTML, like Gecko) Version/18.5 Mobile/15E148 Safari/604.1",{},[],edge,0,null,[],null
bfc25ec4-d49b-4c5d-918b-49ce1fe50ce8,"""2026-07-13T05:26:58.252Z""",2026-07-13T05:26:58.252000,error,521,POST,,/rest/v1/rpc/get_driver_invites_received,"POST | 521 | https://nafxpivddesgsrthmosv.supabase.co/rest/v1/rpc/get_driver_invites_received | Mozilla/5.0 (iPhone; CPU iPhone OS 18_5 like Mac OS X) AppleWebKit/605.1.15 (KHTML, like Gecko) Version/18.5 Mobile/15E148 Safari/604.1",{},[],edge,0,null,[],null
d3461dbb-4a70-42a0-860c-3fe8adb4f15e,"""2026-07-13T05:26:58.250Z""",2026-07-13T05:26:58.250000,error,521,GET,,/auth/v1/user,"GET | 521 | https://nafxpivddesgsrthmosv.supabase.co/auth/v1/user | Mozilla/5.0 (Macintosh; Intel Mac OS X 10_15_7) AppleWebKit/537.36 (KHTML, like Gecko) Chrome/150.0.0.0 Safari/537.36",{},[],edge,0,null,[],null
1ef4b979-ebbf-42b7-9802-ccdcb87520d5,"""2026-07-13T05:26:57.897Z""",2026-07-13T05:26:57.897000,warning,200,,,,Database PID 109574 found in pg_stat_activity with state_change diff of 380,{},[],realtime,0,null,[],null
0eb8ea12-86d3-4c7b-ab6c-dd80dd397681,"""2026-07-13T05:26:57.771Z""",2026-07-13T05:26:57.771000,error,200,,,,"ReplicationSlotBeingUsed: replication slot ""supabase_realtime_replication_slot_2_112_6_5042a0b"" is active for PID 109574",{},[],realtime,0,null,[],null
0e6d759e-7e37-4182-b710-96634e39bd11,"""2026-07-13T05:26:57.245Z""",2026-07-13T05:26:57.245000,error,521,GET,,/auth/v1/user,"GET | 521 | https://nafxpivddesgsrthmosv.supabase.co/auth/v1/user | Mozilla/5.0 (iPhone; CPU iPhone OS 18_5 like Mac OS X) AppleWebKit/605.1.15 (KHTML, like Gecko) Version/18.5 Mobile/15E148 Safari/604.1",{},[],edge,0,null,[],null
55ebfaaf-7a61-40c6-973f-918e136b0290,"""2026-07-13T05:26:57.201Z""",2026-07-13T05:26:57.201000,warning,200,,,,Database PID 109574 found in pg_stat_activity with state_change diff of 379,{},[],realtime,0,null,[],null
fc400908-fd10-4342-b950-0a8dbf525d4b,"""2026-07-13T05:26:56.898Z""",2026-07-13T05:26:56.898000,error,200,,,,"ReplicationSlotBeingUsed: replication slot ""supabase_realtime_replication_slot_2_112_6_5042a0b"" is active for PID 109574",{},[],realtime,0,null,[],null
1bfed027-711b-4434-b2dc-f27937fcd5ad,"""2026-07-13T05:26:56.239Z""",2026-07-13T05:26:56.239000,warning,200,,,,Database PID 109574 found in pg_stat_activity with state_change diff of 378,{},[],realtime,0,null,[],null
c1e44a1b-3dfd-43ed-9ef6-ab25caa61035,"""2026-07-13T05:26:56.113Z""",2026-07-13T05:26:56.113000,error,200,,,,"ReplicationSlotBeingUsed: replication slot ""supabase_realtime_replication_slot_2_112_6_5042a0b"" is active for PID 109574",{},[],realtime,0,null,[],null
aba65f59-de00-417f-90ef-3016bfec31db,"""2026-07-13T05:26:55.442Z""",2026-07-13T05:26:55.442000,warning,200,,,,Database PID 109574 found in pg_stat_activity with state_change diff of 377,{},[],realtime,0,null,[],null
6e83968d-f543-4eb6-8ba7-6e2ab4cbbffc,"""2026-07-13T05:26:55.267Z""",2026-07-13T05:26:55.267000,error,57014,,,,canceling statement due to statement timeout,{},[],postgres,0,null,[],null
7926c5d7-7e20-4b8d-93ee-6a3f50c03327,"""2026-07-13T05:26:55.026Z""",2026-07-13T05:26:55.026000,error,200,,,,"ReplicationSlotBeingUsed: replication slot ""supabase_realtime_replication_slot_2_112_6_5042a0b"" is active for PID 109574",{},[],realtime,0,null,[],null
288d9668-6291-4727-9a3a-0c8a03237599,"""2026-07-13T05:26:53.306Z""",2026-07-13T05:26:53.306000,error,57014,,,,canceling statement due to user request,{},[],postgres,0,null,[],null
a6e0c016-97a0-4cf6-9f07-ea25feba0f4b,"""2026-07-13T05:26:53.276Z""",2026-07-13T05:26:53.276000,error,525,POST,,/rest/v1/rpc/sync_my_driver_rows_user_id,"POST | 525 | https://nafxpivddesgsrthmosv.supabase.co/rest/v1/rpc/sync_my_driver_rows_user_id | Mozilla/5.0 (iPhone; CPU iPhone OS 18_5 like Mac OS X) AppleWebKit/605.1.15 (KHTML, like Gecko) Version/18.5 Mobile/15E148 Safari/604.1",{},[],edge,0,null,[],null
846a9c23-c88a-448f-a188-d36efb6f6e48,"""2026-07-13T05:26:53.275Z""",2026-07-13T05:26:53.275000,error,525,POST,,/rest/v1/rpc/get_pending_otp_trips,"POST | 525 | https://nafxpivddesgsrthmosv.supabase.co/rest/v1/rpc/get_pending_otp_trips | Mozilla/5.0 (iPhone; CPU iPhone OS 18_5 like Mac OS X) AppleWebKit/605.1.15 (KHTML, like Gecko) Version/18.5 Mobile/15E148 Safari/604.1",{},[],edge,0,null,[],null
d2f2ebe6-4c7a-499f-ae19-4330ea8888c5,"""2026-07-13T05:26:53.274Z""",2026-07-13T05:26:53.274000,error,525,GET,,/rest/v1/profiles,"GET | 525 | https://nafxpivddesgsrthmosv.supabase.co/rest/v1/profiles?select=id%2Cemail%2Cfull_name%2Crole%2Caggregated%2Casset%2Ccompany_name%2Cphone%2Cavatar_url%2Cavatar_seed%2Cbio&id=eq.ae81eb30-4f63-47cb-8c43-079d0d5ed570 | Mozilla/5.0 (iPhone; CPU iPhone OS 18_5 like Mac OS X) AppleWebKit/605.1.15 (KHTML, like Gecko) Version/18.5 Mobile/15E148 Safari/604.1",{},[],edge,0,null,[],null
15d5f4eb-83b9-4c17-bb5e-0846882d6c9e,"""2026-07-13T05:26:53.273Z""",2026-07-13T05:26:53.273000,error,525,POST,,/rest/v1/rpc/get_driver_invites_received,"POST | 525 | https://nafxpivddesgsrthmosv.supabase.co/rest/v1/rpc/get_driver_invites_received | Mozilla/5.0 (iPhone; CPU iPhone OS 18_5 like Mac OS X) AppleWebKit/605.1.15 (KHTML, like Gecko) Version/18.5 Mobile/15E148 Safari/604.1",{},[],edge,0,null,[],null
93182a67-b482-4466-bab7-e89502dc1cf4,"""2026-07-13T05:26:53.272Z""",2026-07-13T05:26:53.272000,error,525,POST,,/rest/v1/rpc/get_driver_invites_received,"POST | 525 | https://nafxpivddesgsrthmosv.supabase.co/rest/v1/rpc/get_driver_invites_received | Mozilla/5.0 (iPhone; CPU iPhone OS 18_5 like Mac OS X) AppleWebKit/605.1.15 (KHTML, like Gecko) Version/18.5 Mobile/15E148 Safari/604.1",{},[],edge,0,null,[],null
66ac8e9c-f889-4cfc-89d7-c9e59411e5c4,"""2026-07-13T05:26:53.271Z""",2026-07-13T05:26:53.271000,error,525,POST,,/rest/v1/rpc/get_driver_invites_received,"POST | 525 | https://nafxpivddesgsrthmosv.supabase.co/rest/v1/rpc/get_driver_invites_received | Mozilla/5.0 (iPhone; CPU iPhone OS 18_5 like Mac OS X) AppleWebKit/605.1.15 (KHTML, like Gecko) Version/18.5 Mobile/15E148 Safari/604.1",{},[],edge,0,null,[],null
6d58160a-ea75-4ebd-878a-7a10ba1595e5,"""2026-07-13T05:26:53.269Z""",2026-07-13T05:26:53.269000,error,521,POST,,/rest/v1/rpc/sync_my_driver_rows_user_id,"POST | 521 | https://nafxpivddesgsrthmosv.supabase.co/rest/v1/rpc/sync_my_driver_rows_user_id | Mozilla/5.0 (iPhone; CPU iPhone OS 18_5 like Mac OS X) AppleWebKit/605.1.15 (KHTML, like Gecko) Version/18.5 Mobile/15E148 Safari/604.1",{},[],edge,0,null,[],null
6548ab0b-c986-4be8-b745-37d33b9ca0cb,"""2026-07-13T05:26:53.268Z""",2026-07-13T05:26:53.268000,error,525,POST,,/rest/v1/rpc/get_pending_otp_trips,"POST | 525 | https://nafxpivddesgsrthmosv.supabase.co/rest/v1/rpc/get_pending_otp_trips | Mozilla/5.0 (iPhone; CPU iPhone OS 18_5 like Mac OS X) AppleWebKit/605.1.15 (KHTML, like Gecko) Version/18.5 Mobile/15E148 Safari/604.1",{},[],edge,0,null,[],null
8e066e75-d2c1-4ae9-b464-71da59841d44,"""2026-07-13T05:26:53.266Z""",2026-07-13T05:26:53.266000,error,525,POST,,/rest/v1/rpc/get_driver_invites_received,"POST | 525 | https://nafxpivddesgsrthmosv.supabase.co/rest/v1/rpc/get_driver_invites_received | Mozilla/5.0 (iPhone; CPU iPhone OS 18_5 like Mac OS X) AppleWebKit/605.1.15 (KHTML, like Gecko) Version/18.5 Mobile/15E148 Safari/604.1",{},[],edge,0,null,[],null
883ba19f-5b85-442e-af23-5868cbb1541d,"""2026-07-13T05:26:52.246Z""",2026-07-13T05:26:52.246000,error,525,GET,,/auth/v1/user,"GET | 525 | https://nafxpivddesgsrthmosv.supabase.co/auth/v1/user | Mozilla/5.0 (Macintosh; Intel Mac OS X 10_15_7) AppleWebKit/537.36 (KHTML, like Gecko) Chrome/150.0.0.0 Safari/537.36",{},[],edge,0,null,[],null
ba3def2b-7ccd-49f0-8101-de6e40ba19a8,"""2026-07-13T05:26:49.255Z""",2026-07-13T05:26:49.255000,error,520,POST,,/rest/v1/rpc/get_driver_invites_received,"POST | 520 | https://nafxpivddesgsrthmosv.supabase.co/rest/v1/rpc/get_driver_invites_received | Mozilla/5.0 (iPhone; CPU iPhone OS 18_5 like Mac OS X) AppleWebKit/605.1.15 (KHTML, like Gecko) Version/18.5 Mobile/15E148 Safari/604.1",{},[],edge,0,null,[],null
92059242-51ec-4521-bf8e-d0b48c9b6504,"""2026-07-13T05:26:49.254Z""",2026-07-13T05:26:49.254000,error,520,POST,,/rest/v1/rpc/get_pending_otp_trips,"POST | 520 | https://nafxpivddesgsrthmosv.supabase.co/rest/v1/rpc/get_pending_otp_trips | Mozilla/5.0 (iPhone; CPU iPhone OS 18_5 like Mac OS X) AppleWebKit/605.1.15 (KHTML, like Gecko) Version/18.5 Mobile/15E148 Safari/604.1",{},[],edge,0,null,[],null
e588b064-b2c2-42ce-96ce-014981ae1bd0,"""2026-07-13T05:26:49.254Z""",2026-07-13T05:26:49.254000,error,525,GET,,/auth/v1/user,"GET | 525 | https://nafxpivddesgsrthmosv.supabase.co/auth/v1/user | Mozilla/5.0 (iPhone; CPU iPhone OS 18_5 like Mac OS X) AppleWebKit/605.1.15 (KHTML, like Gecko) Version/18.5 Mobile/15E148 Safari/604.1",{},[],edge,0,null,[],null
a912ce25-d69d-474b-9afa-a9cf09d932ea,"""2026-07-13T05:26:49.253Z""",2026-07-13T05:26:49.253000,error,520,POST,,/rest/v1/rpc/sync_my_driver_rows_user_id,"POST | 520 | https://nafxpivddesgsrthmosv.supabase.co/rest/v1/rpc/sync_my_driver_rows_user_id | Mozilla/5.0 (iPhone; CPU iPhone OS 18_5 like Mac OS X) AppleWebKit/605.1.15 (KHTML, like Gecko) Version/18.5 Mobile/15E148 Safari/604.1",{},[],edge,0,null,[],null
d495e890-d883-4b4e-980d-21e59ef705b9,"""2026-07-13T05:26:49.253Z""",2026-07-13T05:26:49.253000,error,520,POST,,/rest/v1/rpc/get_driver_invites_received,"POST | 520 | https://nafxpivddesgsrthmosv.supabase.co/rest/v1/rpc/get_driver_invites_received | Mozilla/5.0 (iPhone; CPU iPhone OS 18_5 like Mac OS X) AppleWebKit/605.1.15 (KHTML, like Gecko) Version/18.5 Mobile/15E148 Safari/604.1",{},[],edge,0,null,[],null
97a8d55d-9588-491a-af8a-493935a44869,"""2026-07-13T05:26:49.252Z""",2026-07-13T05:26:49.252000,error,520,POST,,/rest/v1/rpc/get_pending_otp_trips,"POST | 520 | https://nafxpivddesgsrthmosv.supabase.co/rest/v1/rpc/get_pending_otp_trips | Mozilla/5.0 (iPhone; CPU iPhone OS 18_5 like Mac OS X) AppleWebKit/605.1.15 (KHTML, like Gecko) Version/18.5 Mobile/15E148 Safari/604.1",{},[],edge,0,null,[],null
27daee2a-ded0-42a5-af37-d7b026ffd244,"""2026-07-13T05:26:49.252Z""",2026-07-13T05:26:49.252000,error,520,POST,,/rest/v1/rpc/get_driver_invites_received,"POST | 520 | https://nafxpivddesgsrthmosv.supabase.co/rest/v1/rpc/get_driver_invites_received | Mozilla/5.0 (iPhone; CPU iPhone OS 18_5 like Mac OS X) AppleWebKit/605.1.15 (KHTML, like Gecko) Version/18.5 Mobile/15E148 Safari/604.1",{},[],edge,0,null,[],null
53dfa830-9fd2-4110-884b-ac3e91767b08,"""2026-07-13T05:26:49.245Z""",2026-07-13T05:26:49.245000,error,520,POST,,/rest/v1/rpc/get_driver_invites_received,"POST | 520 | https://nafxpivddesgsrthmosv.supabase.co/rest/v1/rpc/get_driver_invites_received | Mozilla/5.0 (iPhone; CPU iPhone OS 18_5 like Mac OS X) AppleWebKit/605.1.15 (KHTML, like Gecko) Version/18.5 Mobile/15E148 Safari/604.1",{},[],edge,0,null,[],null
339ba1ce-2604-47d3-9dd4-129291023fbd,"""2026-07-13T05:26:49.244Z""",2026-07-13T05:26:49.244000,error,520,GET,,/rest/v1/profiles,"GET | 520 | https://nafxpivddesgsrthmosv.supabase.co/rest/v1/profiles?select=id%2Cemail%2Cfull_name%2Crole%2Caggregated%2Casset%2Ccompany_name%2Cphone%2Cavatar_url%2Cavatar_seed%2Cbio&id=eq.ae81eb30-4f63-47cb-8c43-079d0d5ed570 | Mozilla/5.0 (iPhone; CPU iPhone OS 18_5 like Mac OS X) AppleWebKit/605.1.15 (KHTML, like Gecko) Version/18.5 Mobile/15E148 Safari/604.1",{},[],edge,0,null,[],null
d1649cce-ea1a-4f89-acc5-6402c9aa944e,"""2026-07-13T05:26:49.242Z""",2026-07-13T05:26:49.242000,error,520,POST,,/rest/v1/rpc/sync_my_driver_rows_user_id,"POST | 520 | https://nafxpivddesgsrthmosv.supabase.co/rest/v1/rpc/sync_my_driver_rows_user_id | Mozilla/5.0 (iPhone; CPU iPhone OS 18_5 like Mac OS X) AppleWebKit/605.1.15 (KHTML, like Gecko) Version/18.5 Mobile/15E148 Safari/604.1",{},[],edge,0,null,[],null
4a8cff01-902f-4330-ba1a-3d551bd60ab2,"""2026-07-13T05:26:47.773Z""",2026-07-13T05:26:47.773000,error,500,POST,,,POST | 500 | https://nafxpivddesgsrthmosv.supabase.co/functions/v1/send-push-notifications,{},[],edge function,0,null,[],null
e53c0ae1-7a96-478d-853f-a2b4dfe5daa5,"""2026-07-13T05:26:40.669Z""",2026-07-13T05:26:40.669000,error,57014,,,,canceling statement due to statement timeout,{},[],postgres,0,null,[],null
e46422a6-6e16-4c90-b623-c7b79634d4bc,"""2026-07-13T05:26:32.484Z""",2026-07-13T05:26:32.484000,error,200,,,,"PoolingReplicationPreparationError: %DBConnection.ConnectionError{
  message: ""[Elixir.Extensions.PostgresCdcRls.DynamicSupervisor] connection not available and request was dropped from queue after 11983ms. This means requests are coming in and your connection pool cannot serve them fast enough. You can address this by:\n\n  1. Ensuring your database is available and that you can connect to it\n  2. Tracking down slow queries and making sure they are running fast enough\n  3. Increasing the pool_size (although this increases resource consumption)\n  4. Allowing requests to wait longer by increasing :queue_target and :queue_interval\n\nSee DBConnection.start_link/2 for more information\n"",
  severity: :error,
  reason: :queue_timeout
}",{},[],realtime,0,null,[],null
270bd52b-460b-4a85-ac98-b75a49996386,"""2026-07-13T05:26:31.502Z""",2026-07-13T05:26:31.502000,error,57014,,,,canceling statement due to user request,{},[],postgres,0,null,[],null
a478a9c7-90e9-48a8-937c-0e55cd3f33aa,"""2026-07-13T05:26:30.500Z""",2026-07-13T05:26:30.500000,error,200,,,,"CheckOidsError: %DBConnection.ConnectionError{
  message: ""[Elixir.Extensions.PostgresCdcRls.DynamicSupervisor] connection not available and request was dropped from queue after 11565ms. This means requests are coming in and your connection pool cannot serve them fast enough. You can address this by:\n\n  1. Ensuring your database is available and that you can connect to it\n  2. Tracking down slow queries and making sure they are running fast enough\n  3. Increasing the pool_size (although this increases resource consumption)\n  4. Allowing requests to wait longer by increasing :queue_target and :queue_interval\n\nSee DBConnection.start_link/2 for more information\n"",
  severity: :error,
  reason: :queue_timeout
}",{},[],realtime,0,null,[],null
8db89161-69b2-4169-9bf3-c222c43b6cd8,"""2026-07-13T05:26:28.641Z""",2026-07-13T05:26:28.641000,error,57014,,,,canceling statement due to user request,{},[],postgres,0,null,[],null
f251cdeb-bbbe-4427-a608-db2865f3c759,"""2026-07-13T05:26:26.932Z""",2026-07-13T05:26:26.932000,error,08006,,,,connection to client lost,{},[],postgres,0,null,[],null
d9e2210f-248f-4cbb-97f5-9741e6318114,"""2026-07-13T05:26:20.500Z""",2026-07-13T05:26:20.500000,error,200,,,,"CheckOidsError: %DBConnection.ConnectionError{
  message: ""[Elixir.Extensions.PostgresCdcRls.DynamicSupervisor] connection not available and request was dropped from queue after 12000ms. This means requests are coming in and your connection pool cannot serve them fast enough. You can address this by:\n\n  1. Ensuring your database is available and that you can connect to it\n  2. Tracking down slow queries and making sure they are running fast enough\n  3. Increasing the pool_size (although this increases resource consumption)\n  4. Allowing requests to wait longer by increasing :queue_target and :queue_interval\n\nSee DBConnection.start_link/2 for more information\n"",
  severity: :error,
  reason: :queue_timeout
}",{},[],realtime,0,null,[],null
78aacc2e-2022-4edc-95db-aa09bc7bdaca,"""2026-07-13T05:26:15.649Z""",2026-07-13T05:26:15.649000,error,08006,,,,connection to client lost,{},[],postgres,0,null,[],null
837a49ba-a485-44c0-b86d-5c5442392daf,"""2026-07-13T05:26:10.150Z""",2026-07-13T05:26:10.150000,error,57014,,,,canceling statement due to statement timeout,{},[],postgres,0,null,[],null
0d58529f-d5d0-42dc-ad12-6611c2081ace,"""2026-07-13T05:26:08.500Z""",2026-07-13T05:26:08.500000,error,200,,,,"PoolingReplicationPreparationError: %DBConnection.ConnectionError{
  message: ""[Elixir.Extensions.PostgresCdcRls.DynamicSupervisor] connection not available and request was dropped from queue after 10594ms. This means requests are coming in and your connection pool cannot serve them fast enough. You can address this by:\n\n  1. Ensuring your database is available and that you can connect to it\n  2. Tracking down slow queries and making sure they are running fast enough\n  3. Increasing the pool_size (although this increases resource consumption)\n  4. Allowing requests to wait longer by increasing :queue_target and :queue_interval\n\nSee DBConnection.start_link/2 for more information\n"",
  severity: :error,
  reason: :queue_timeout
}",{},[],realtime,0,null,[],null
26dcdaad-f3df-4750-a192-2912c3014174,"""2026-07-13T05:25:56.500Z""",2026-07-13T05:25:56.500000,error,200,,,,"PoolingReplicationPreparationError: %DBConnection.ConnectionError{
  message: ""[Elixir.Extensions.PostgresCdcRls.DynamicSupervisor] connection not available and request was dropped from queue after 11374ms. This means requests are coming in and your connection pool cannot serve them fast enough. You can address this by:\n\n  1. Ensuring your database is available and that you can connect to it\n  2. Tracking down slow queries and making sure they are running fast enough\n  3. Increasing the pool_size (although this increases resource consumption)\n  4. Allowing requests to wait longer by increasing :queue_target and :queue_interval\n\nSee DBConnection.start_link/2 for more information\n"",
  severity: :error,
  reason: :queue_timeout
}",{},[],realtime,0,null,[],null
911c6be7-9d06-4c7c-98a6-1ea61434a1fd,"""2026-07-13T05:25:56.459Z""",2026-07-13T05:25:56.459000,error,25P03,,,,terminating connection due to idle-in-transaction timeout,{},[],postgres,0,null,[],null
39259bbe-ffee-4458-aacb-6ce3f4d984a7,"""2026-07-13T05:25:51.935Z""",2026-07-13T05:25:51.935000,error,25P03,,,,terminating connection due to idle-in-transaction timeout,{},[],postgres,0,null,[],null
d3b4f26f-c950-4377-93fd-cee795ee50d1,"""2026-07-13T05:25:51.151Z""",2026-07-13T05:25:51.151000,error,57014,,,,canceling statement due to statement timeout,{},[],postgres,0,null,[],null
5c6f1778-82b7-4a0d-9649-de88fbfbcc2c,"""2026-07-13T05:25:50.383Z""",2026-07-13T05:25:50.383000,error,200,,,,"ErrorOnRpcCall: %{
  error: :timeout,
  mod: Extensions.PostgresCdcRls,
  func: :create_subscription,
  target: :""realtime@2406:da18:1b2:3602:7a7f:9594:6d52:f18c""
}",{},[],realtime,0,null,[],null
407e9a0c-d367-4c2f-b1a8-98f9dcd6284c,"""2026-07-13T05:25:44.500Z""",2026-07-13T05:25:44.500000,error,200,,,,"PoolingReplicationPreparationError: %DBConnection.ConnectionError{
  message: ""[Elixir.Extensions.PostgresCdcRls.DynamicSupervisor] connection not available and request was dropped from queue after 11650ms. This means requests are coming in and your connection pool cannot serve them fast enough. You can address this by:\n\n  1. Ensuring your database is available and that you can connect to it\n  2. Tracking down slow queries and making sure they are running fast enough\n  3. Increasing the pool_size (although this increases resource consumption)\n  4. Allowing requests to wait longer by increasing :queue_target and :queue_interval\n\nSee DBConnection.start_link/2 for more information\n"",
  severity: :error,
  reason: :queue_timeout
}",{},[],realtime,0,null,[],null
7ba549e9-6579-45e7-aa82-95ae0b9af5eb,"""2026-07-13T05:25:35.456Z""",2026-07-13T05:25:35.456000,warning,200,,,,nafxpivddesgsrthmosv | GET | ABORTED REQ | 10.102.84.50 | req-2ujh | /tenants/nafxpivddesgsrthmosv/health | @supabase-infra/mgmt-api/517545b,{},[],storage,0,null,[],null
e2d0ca1c-d065-4889-a1dd-83e8872e6706,"""2026-07-13T05:25:32.500Z""",2026-07-13T05:25:32.500000,error,200,,,,"PoolingReplicationPreparationError: %DBConnection.ConnectionError{
  message: ""[Elixir.Extensions.PostgresCdcRls.DynamicSupervisor] connection not available and request was dropped from queue after 11741ms. This means requests are coming in and your connection pool cannot serve them fast enough. You can address this by:\n\n  1. Ensuring your database is available and that you can connect to it\n  2. Tracking down slow queries and making sure they are running fast enough\n  3. Increasing the pool_size (although this increases resource consumption)\n  4. Allowing requests to wait longer by increasing :queue_target and :queue_interval\n\nSee DBConnection.start_link/2 for more information\n"",
  severity: :error,
  reason: :queue_timeout
}",{},[],realtime,0,null,[],null
7b6e1a26-1b6b-42db-b6c5-840dbc640262,"""2026-07-13T05:25:26.478Z""",2026-07-13T05:25:26.478000,error,200,,,,"ErrorOnRpcCall: %{
  error: :timeout,
  mod: Extensions.PostgresCdcRls,
  func: :create_subscription,
  target: :""realtime@2406:da18:1b2:3602:7a7f:9594:6d52:f18c""
}",{},[],realtime,0,null,[],null
ee34d9d3-1eba-4939-af05-8b8f4574c2e5,"""2026-07-13T05:25:20.586Z""",2026-07-13T05:25:20.586000,error,200,,,,"PoolingReplicationError: %DBConnection.ConnectionError{
  message: ""ssl recv: closed (the connection was closed by the pool, possibly due to a timeout or because the pool has been terminated)"",
  severity: :error,
  reason: :closed
}",{},[],realtime,0,null,[],null
066ebcad-b344-4817-8f43-09174a222817,"""2026-07-13T05:25:07.000Z""",2026-07-13T05:25:07.000000,error,200,,,,"{""component"":""api"",""error"":""context deadline exceeded"",""level"":""error"",""method"":""GET"",""msg"":""504: Processing this request timed out, please retry after a moment."",""path"":""/user"",""referer"":""http://localhost:8081/"",""remote_addr"":""183.82.32.193"",""request_id"":""019f59ef-5639-72b2-b98d-1325c97f138a"",""time"":""2026-07-13T05:25:07Z""}",{},[],auth,0,null,[],null
40189573-a194-4c1e-a569-6f03ec63dc11,"""2026-07-13T05:24:58.739Z""",2026-07-13T05:24:58.739000,error,25P03,,,,terminating connection due to idle-in-transaction timeout,{},[],postgres,0,null,[],null
c10380dd-a5dd-48ff-b18c-f5dbc0fe49bb,"""2026-07-13T05:24:52.323Z""",2026-07-13T05:24:52.323000,error,25P03,,,,terminating connection due to idle-in-transaction timeout,{},[],postgres,0,null,[],null
59c5262c-b4f0-4e7b-821c-94a8e2c1c579,"""2026-07-13T05:24:51.400Z""",2026-07-13T05:24:51.400000,warning,200,,,,Database PID 109574 found in pg_stat_activity with state_change diff of 252,{},[],realtime,0,null,[],null
f36d8da3-47c2-4f2a-8ab6-3690ed0d13ab,"""2026-07-13T05:24:51.160Z""",2026-07-13T05:24:51.160000,error,25P03,,,,terminating connection due to idle-in-transaction timeout,{},[],postgres,0,null,[],null
b8dd4ebb-dd63-465b-a524-85daacfcdd2e,"""2026-07-13T05:24:50.527Z""",2026-07-13T05:24:50.527000,error,200,,,,"ReplicationSlotBeingUsed: replication slot ""supabase_realtime_replication_slot_2_112_6_5042a0b"" is active for PID 109574",{},[],realtime,0,null,[],null
3cdb782a-08ca-4042-8bea-b56399f5f7ab,"""2026-07-13T05:24:47.604Z""",2026-07-13T05:24:47.604000,warning,200,,,,Database PID 109574 found in pg_stat_activity with state_change diff of 249,{},[],realtime,0,null,[],null
30001675-3dcc-4c80-b4d9-baa1f3e303f6,"""2026-07-13T05:24:47.395Z""",2026-07-13T05:24:47.395000,error,200,,,,"ReplicationSlotBeingUsed: replication slot ""supabase_realtime_replication_slot_2_112_6_5042a0b"" is active for PID 109574",{},[],realtime,0,null,[],null
500af35d-7617-4fb6-b383-cb9d6c0dbb99,"""2026-07-13T05:24:46.534Z""",2026-07-13T05:24:46.534000,warning,200,,,,Database PID 109574 found in pg_stat_activity with state_change diff of 248,{},[],realtime,0,null,[],null
a48cae16-a566-4031-bcd3-7a6515e18b1b,"""2026-07-13T05:24:46.346Z""",2026-07-13T05:24:46.346000,error,200,,,,"ReplicationSlotBeingUsed: replication slot ""supabase_realtime_replication_slot_2_112_6_5042a0b"" is active for PID 109574",{},[],realtime,0,null,[],null
f25d1abd-76d5-4ca5-9459-533d4be51083,"""2026-07-13T05:24:45.744Z""",2026-07-13T05:24:45.744000,warning,200,,,,Database PID 109574 found in pg_stat_activity with state_change diff of 247,{},[],realtime,0,null,[],null
79174f88-4dcc-4fe5-b05c-26110d7e49cb,"""2026-07-13T05:24:45.621Z""",2026-07-13T05:24:45.621000,error,200,,,,"ReplicationSlotBeingUsed: replication slot ""supabase_realtime_replication_slot_2_112_6_5042a0b"" is active for PID 109574",{},[],realtime,0,null,[],null
abb005ff-90b1-43a4-bccd-6c69b10d0991,"""2026-07-13T05:24:45.011Z""",2026-07-13T05:24:45.011000,warning,200,,,,Database PID 109574 found in pg_stat_activity with state_change diff of 247,{},[],realtime,0,null,[],null
0198ce5c-ddf5-427c-b66f-778a6ead26c3,"""2026-07-13T05:24:44.889Z""",2026-07-13T05:24:44.889000,error,200,,,,"ReplicationSlotBeingUsed: replication slot ""supabase_realtime_replication_slot_2_112_6_5042a0b"" is active for PID 109574",{},[],realtime,0,null,[],null
785508fc-a9e7-4cd9-9420-8847eadeece2,"""2026-07-13T05:24:44.366Z""",2026-07-13T05:24:44.366000,warning,200,,,,Database PID 109574 found in pg_stat_activity with state_change diff of 246,{},[],realtime,0,null,[],null
9a4c3f26-2771-4875-8b8c-ca03d445f096,"""2026-07-13T05:24:44.224Z""",2026-07-13T05:24:44.224000,error,200,,,,"ReplicationSlotBeingUsed: replication slot ""supabase_realtime_replication_slot_2_112_6_5042a0b"" is active for PID 109574",{},[],realtime,0,null,[],null
f8ae4245-46ed-4f84-90d8-053e9f4193a8,"""2026-07-13T05:24:43.403Z""",2026-07-13T05:24:43.403000,warning,200,,,,Database PID 109574 found in pg_stat_activity with state_change diff of 245,{},[],realtime,0,null,[],null
ba818ea8-35be-4a14-ac1d-b8b78d9f4924,"""2026-07-13T05:24:43.178Z""",2026-07-13T05:24:43.178000,error,200,,,,"ReplicationSlotBeingUsed: replication slot ""supabase_realtime_replication_slot_2_112_6_5042a0b"" is active for PID 109574",{},[],realtime,0,null,[],null
df7a537c-7a55-4c3e-9df2-2884777f7e58,"""2026-07-13T05:24:42.299Z""",2026-07-13T05:24:42.299000,warning,200,,,,Database PID 109574 found in pg_stat_activity with state_change diff of 244,{},[],realtime,0,null,[],null
0a876878-fa6b-4306-a66e-2a04a29cfc00,"""2026-07-13T05:24:42.158Z""",2026-07-13T05:24:42.158000,error,200,,,,"ReplicationSlotBeingUsed: replication slot ""supabase_realtime_replication_slot_2_112_6_5042a0b"" is active for PID 109574",{},[],realtime,0,null,[],null
7aab11c3-d9aa-40be-8447-8434a8207ac7,"""2026-07-13T05:24:41.470Z""",2026-07-13T05:24:41.470000,warning,200,,,,Database PID 109574 found in pg_stat_activity with state_change diff of 243,{},[],realtime,0,null,[],null
7020bf5c-6112-49e1-8f4f-fc5a2ac1022f,"""2026-07-13T05:24:41.348Z""",2026-07-13T05:24:41.348000,error,200,,,,"ReplicationSlotBeingUsed: replication slot ""supabase_realtime_replication_slot_2_112_6_5042a0b"" is active for PID 109574",{},[],realtime,0,null,[],null
4f8f83ac-7395-46f8-ac1c-fb46c0baad4b,"""2026-07-13T05:24:40.703Z""",2026-07-13T05:24:40.703000,warning,200,,,,Database PID 109574 found in pg_stat_activity with state_change diff of 242,{},[],realtime,0,null,[],null
c5e44568-31d9-4160-9f7f-fb0aa12f2ec2,"""2026-07-13T05:24:40.580Z""",2026-07-13T05:24:40.580000,error,200,,,,"ReplicationSlotBeingUsed: replication slot ""supabase_realtime_replication_slot_2_112_6_5042a0b"" is active for PID 109574",{},[],realtime,0,null,[],null
edaa2062-1abc-4067-8bc0-2100bfdb545e,"""2026-07-13T05:24:39.948Z""",2026-07-13T05:24:39.948000,warning,200,,,,Database PID 109574 found in pg_stat_activity with state_change diff of 241,{},[],realtime,0,null,[],null
c33ee7bb-8210-4fce-8d40-105ed3d81e5c,"""2026-07-13T05:24:39.763Z""",2026-07-13T05:24:39.763000,error,200,,,,"ReplicationSlotBeingUsed: replication slot ""supabase_realtime_replication_slot_2_112_6_5042a0b"" is active for PID 109574",{},[],realtime,0,null,[],null
e69cd40e-2d81-40e6-ac5b-8312c3d6a80c,"""2026-07-13T05:24:38.389Z""",2026-07-13T05:24:38.389000,warning,200,,,,Database PID 109574 found in pg_stat_activity with state_change diff of 240,{},[],realtime,0,null,[],null
735b7372-4cf6-4c4a-968b-1214e658a540,"""2026-07-13T05:24:38.149Z""",2026-07-13T05:24:38.149000,error,200,,,,"ReplicationSlotBeingUsed: replication slot ""supabase_realtime_replication_slot_2_112_6_5042a0b"" is active for PID 109574",{},[],realtime,0,null,[],null
9e449504-d5a2-4b55-8908-7d6d69b3650b,"""2026-07-13T05:24:37.640Z""",2026-07-13T05:24:37.640000,error,25P03,,,,terminating connection due to idle-in-transaction timeout,{},[],postgres,0,null,[],null
185d093c-7507-4d57-b4ce-977dea7752fb,"""2026-07-13T05:24:37.394Z""",2026-07-13T05:24:37.394000,warning,200,,,,Database PID 109574 found in pg_stat_activity with state_change diff of 239,{},[],realtime,0,null,[],null
2ca3cafe-cbfa-4e34-a960-1092e0af8cf2,"""2026-07-13T05:24:37.181Z""",2026-07-13T05:24:37.181000,error,200,,,,"ReplicationSlotBeingUsed: replication slot ""supabase_realtime_replication_slot_2_112_6_5042a0b"" is active for PID 109574",{},[],realtime,0,null,[],null
247a3fcb-2758-48cc-8c61-9e0f8bb6e7de,"""2026-07-13T05:24:36.561Z""",2026-07-13T05:24:36.561000,error,25P03,,,,terminating connection due to idle-in-transaction timeout,{},[],postgres,0,null,[],null
965b39bf-fc48-4755-aff5-d9eeddefd7fc,"""2026-07-13T05:24:35.467Z""",2026-07-13T05:24:35.467000,warning,200,,,,Database PID 109574 found in pg_stat_activity with state_change diff of 237,{},[],realtime,0,null,[],null
5dd40d71-fc97-4938-9598-167c67a6ae88,"""2026-07-13T05:24:35.211Z""",2026-07-13T05:24:35.211000,error,200,,,,"ReplicationSlotBeingUsed: replication slot ""supabase_realtime_replication_slot_2_112_6_5042a0b"" is active for PID 109574",{},[],realtime,0,null,[],null
886b5c3c-37bd-402a-ad18-26a18bcc6c34,"""2026-07-13T05:24:34.308Z""",2026-07-13T05:24:34.308000,warning,200,,,,Database PID 109574 found in pg_stat_activity with state_change diff of 236,{},[],realtime,0,null,[],null
9a8f2f3b-c454-4b3a-a3d9-a1123d5960de,"""2026-07-13T05:24:34.058Z""",2026-07-13T05:24:34.058000,error,200,,,,"ReplicationSlotBeingUsed: replication slot ""supabase_realtime_replication_slot_2_112_6_5042a0b"" is active for PID 109574",{},[],realtime,0,null,[],null
0e89f8c6-d36a-4e93-856e-a87a6bfe1776,"""2026-07-13T05:24:32.938Z""",2026-07-13T05:24:32.938000,warning,200,,,,Database PID 109574 found in pg_stat_activity with state_change diff of 235,{},[],realtime,0,null,[],null
ec6941e7-80b5-43d5-8a4e-320ad3e98eeb,"""2026-07-13T05:24:32.815Z""",2026-07-13T05:24:32.815000,error,200,,,,"ReplicationSlotBeingUsed: replication slot ""supabase_realtime_replication_slot_2_112_6_5042a0b"" is active for PID 109574",{},[],realtime,0,null,[],null
b4692089-d28d-42c8-9aeb-d28bf280831f,"""2026-07-13T05:24:32.151Z""",2026-07-13T05:24:32.151000,warning,200,,,,Database PID 109574 found in pg_stat_activity with state_change diff of 234,{},[],realtime,0,null,[],null
7d187fb3-4e33-41d0-8fce-97ba98ae8973,"""2026-07-13T05:24:31.989Z""",2026-07-13T05:24:31.989000,error,200,,,,"ReplicationSlotBeingUsed: replication slot ""supabase_realtime_replication_slot_2_112_6_5042a0b"" is active for PID 109574",{},[],realtime,0,null,[],null
fef94e1b-7839-4c9c-8a47-67254d1a2acc,"""2026-07-13T05:24:31.198Z""",2026-07-13T05:24:31.198000,warning,200,,,,Database PID 109574 found in pg_stat_activity with state_change diff of 233,{},[],realtime,0,null,[],null
c51f0488-1bda-403c-937a-b80b5455746b,"""2026-07-13T05:24:31.004Z""",2026-07-13T05:24:31.004000,error,200,,,,"ReplicationSlotBeingUsed: replication slot ""supabase_realtime_replication_slot_2_112_6_5042a0b"" is active for PID 109574",{},[],realtime,0,null,[],null
60f23792-da79-463f-9e67-a324cf3d69f9,"""2026-07-13T05:24:30.089Z""",2026-07-13T05:24:30.089000,warning,200,,,,Database PID 109574 found in pg_stat_activity with state_change diff of 232,{},[],realtime,0,null,[],null
4448eedc-9c6f-467e-93ec-aa9868163769,"""2026-07-13T05:24:29.841Z""",2026-07-13T05:24:29.841000,error,200,,,,"ReplicationSlotBeingUsed: replication slot ""supabase_realtime_replication_slot_2_112_6_5042a0b"" is active for PID 109574",{},[],realtime,0,null,[],null
59724df9-a876-46c8-8005-a3b2dbb34154,"""2026-07-13T05:24:28.956Z""",2026-07-13T05:24:28.956000,warning,200,,,,Database PID 109574 found in pg_stat_activity with state_change diff of 230,{},[],realtime,0,null,[],null
a9e9555b-1531-4ae6-a1d7-bdc4d2b12b23,"""2026-07-13T05:24:28.741Z""",2026-07-13T05:24:28.741000,error,200,,,,"ReplicationSlotBeingUsed: replication slot ""supabase_realtime_replication_slot_2_112_6_5042a0b"" is active for PID 109574",{},[],realtime,0,null,[],null
a77ba6a5-a3d4-494b-9c37-45b9a51bd268,"""2026-07-13T05:24:27.897Z""",2026-07-13T05:24:27.897000,warning,200,,,,Database PID 109574 found in pg_stat_activity with state_change diff of 229,{},[],realtime,0,null,[],null
b8f04ec7-5722-4f53-8340-c1ff67352499,"""2026-07-13T05:24:27.677Z""",2026-07-13T05:24:27.677000,error,200,,,,"ReplicationSlotBeingUsed: replication slot ""supabase_realtime_replication_slot_2_112_6_5042a0b"" is active for PID 109574",{},[],realtime,0,null,[],null
88fa1b6a-e114-402e-9819-e9e35b3ff682,"""2026-07-13T05:24:26.435Z""",2026-07-13T05:24:26.435000,warning,200,,,,Database PID 109574 found in pg_stat_activity with state_change diff of 228,{},[],realtime,0,null,[],null
42379c8d-a6c4-404e-aba8-5dfaa43a696f,"""2026-07-13T05:24:26.284Z""",2026-07-13T05:24:26.284000,error,200,,,,"ReplicationSlotBeingUsed: replication slot ""supabase_realtime_replication_slot_2_112_6_5042a0b"" is active for PID 109574",{},[],realtime,0,null,[],null
77465d5a-9bc4-4c73-8d88-ce2560bf4f9e,"""2026-07-13T05:24:25.564Z""",2026-07-13T05:24:25.564000,warning,200,,,,Database PID 109574 found in pg_stat_activity with state_change diff of 227,{},[],realtime,0,null,[],null
81e5e6cc-6714-485c-a2d7-1babf08cfaea,"""2026-07-13T05:24:25.441Z""",2026-07-13T05:24:25.441000,error,200,,,,"ReplicationSlotBeingUsed: replication slot ""supabase_realtime_replication_slot_2_112_6_5042a0b"" is active for PID 109574",{},[],realtime,0,null,[],null
c55c4796-7f6e-4cbc-8613-b0a1de888d27,"""2026-07-13T05:24:25.158Z""",2026-07-13T05:24:25.158000,error,25P03,,,,terminating connection due to idle-in-transaction timeout,{},[],postgres,0,null,[],null
be054095-77e0-47a0-aafc-853b87f67877,"""2026-07-13T05:24:24.844Z""",2026-07-13T05:24:24.844000,warning,200,,,,Database PID 109574 found in pg_stat_activity with state_change diff of 226,{},[],realtime,0,null,[],null
8d4b93e7-af1f-4bc8-b77c-ee39cb366c03,"""2026-07-13T05:24:24.721Z""",2026-07-13T05:24:24.721000,error,200,,,,"ReplicationSlotBeingUsed: replication slot ""supabase_realtime_replication_slot_2_112_6_5042a0b"" is active for PID 109574",{},[],realtime,0,null,[],null
155c3dc2-89e2-49d0-8b5f-235ced076e6e,"""2026-07-13T05:24:24.243Z""",2026-07-13T05:24:24.243000,warning,200,,,,Database PID 109574 found in pg_stat_activity with state_change diff of 226,{},[],realtime,0,null,[],null
256cf5a3-11ab-4a54-86c6-7b5a2bdc7829,"""2026-07-13T05:24:23.988Z""",2026-07-13T05:24:23.988000,error,200,,,,"ReplicationSlotBeingUsed: replication slot ""supabase_realtime_replication_slot_2_112_6_5042a0b"" is active for PID 109574",{},[],realtime,0,null,[],null
ac48ec90-5425-4c4a-ac86-40a7483d04ef,"""2026-07-13T05:24:22.803Z""",2026-07-13T05:24:22.803000,warning,200,,,,Database PID 109574 found in pg_stat_activity with state_change diff of 224,{},[],realtime,0,null,[],null
5652007d-7335-4246-b431-c79917d38540,"""2026-07-13T05:24:22.395Z""",2026-07-13T05:24:22.395000,error,200,,,,"ReplicationSlotBeingUsed: replication slot ""supabase_realtime_replication_slot_2_112_6_5042a0b"" is active for PID 109574",{},[],realtime,0,null,[],null
f66e7d33-bcdc-4f51-8b95-856e8574cadb,"""2026-07-13T05:24:21.377Z""",2026-07-13T05:24:21.377000,warning,200,,,,Database PID 109574 found in pg_stat_activity with state_change diff of 223,{},[],realtime,0,null,[],null
8049e777-9fef-4c08-9e67-0797c2c8b261,"""2026-07-13T05:24:21.241Z""",2026-07-13T05:24:21.241000,error,200,,,,"ReplicationSlotBeingUsed: replication slot ""supabase_realtime_replication_slot_2_112_6_5042a0b"" is active for PID 109574",{},[],realtime,0,null,[],null
8526156b-a5c3-4f86-adcd-274967df7b31,"""2026-07-13T05:24:20.584Z""",2026-07-13T05:24:20.584000,warning,200,,,,Database PID 109574 found in pg_stat_activity with state_change diff of 222,{},[],realtime,0,null,[],null
e411d12f-416f-4f22-827a-3f90f08b75b8,"""2026-07-13T05:24:20.581Z""",2026-07-13T05:24:20.581000,error,504,GET,,/rest/v1/chat_push_outbox,GET | 504 | https://nafxpivddesgsrthmosv.supabase.co/rest/v1/chat_push_outbox?select=*&sent_at=is.null&order=created_at.asc&limit=100 | Deno/2.1.4 (variant; SupabaseEdgeRuntime/1.74.2),{},[],edge,0,null,[],null
58fa7229-27bc-47cc-9f20-de7c5edb7ace,"""2026-07-13T05:24:20.391Z""",2026-07-13T05:24:20.391000,error,200,,,,"ReplicationSlotBeingUsed: replication slot ""supabase_realtime_replication_slot_2_112_6_5042a0b"" is active for PID 109574",{},[],realtime,0,null,[],null
474ee195-4513-4d01-b86a-df42947daa25,"""2026-07-13T05:24:19.808Z""",2026-07-13T05:24:19.808000,warning,200,,,,Database PID 109574 found in pg_stat_activity with state_change diff of 221,{},[],realtime,0,null,[],null
d82cda5b-41ec-461d-9a7a-53855e325342,"""2026-07-13T05:24:19.686Z""",2026-07-13T05:24:19.686000,error,200,,,,"ReplicationSlotBeingUsed: replication slot ""supabase_realtime_replication_slot_2_112_6_5042a0b"" is active for PID 109574",{},[],realtime,0,null,[],null
e9b3bfce-2820-4d48-a731-a9851b194b8a,"""2026-07-13T05:24:19.068Z""",2026-07-13T05:24:19.068000,warning,200,,,,Database PID 109574 found in pg_stat_activity with state_change diff of 221,{},[],realtime,0,null,[],null
8483f571-3156-43d5-a5da-72dd03382b62,"""2026-07-13T05:24:18.945Z""",2026-07-13T05:24:18.945000,error,200,,,,"ReplicationSlotBeingUsed: replication slot ""supabase_realtime_replication_slot_2_112_6_5042a0b"" is active for PID 109574",{},[],realtime,0,null,[],null
e5ffb41f-8ffa-48bc-839e-20110e6b7ad0,"""2026-07-13T05:24:18.405Z""",2026-07-13T05:24:18.405000,warning,200,,,,Database PID 109574 found in pg_stat_activity with state_change diff of 220,{},[],realtime,0,null,[],null
795fd18c-f128-44fc-be54-77a281b86a81,"""2026-07-13T05:24:18.282Z""",2026-07-13T05:24:18.282000,error,200,,,,"ReplicationSlotBeingUsed: replication slot ""supabase_realtime_replication_slot_2_112_6_5042a0b"" is active for PID 109574",{},[],realtime,0,null,[],null
54ddf610-a1d1-4a1c-9c8d-d4aff5da1459,"""2026-07-13T05:24:17.715Z""",2026-07-13T05:24:17.715000,warning,200,,,,Database PID 109574 found in pg_stat_activity with state_change diff of 219,{},[],realtime,0,null,[],null
9c120ef4-4030-46f8-bd0e-a3b51a8d59b5,"""2026-07-13T05:24:17.587Z""",2026-07-13T05:24:17.587000,error,200,,,,"ReplicationSlotBeingUsed: replication slot ""supabase_realtime_replication_slot_2_112_6_5042a0b"" is active for PID 109574",{},[],realtime,0,null,[],null
6935003b-066e-427f-bb0d-58b96a25059f,"""2026-07-13T05:24:17.009Z""",2026-07-13T05:24:17.009000,warning,200,,,,Database PID 109574 found in pg_stat_activity with state_change diff of 219,{},[],realtime,0,null,[],null
6bdff390-699e-4040-9cab-1bfa37a058ac,"""2026-07-13T05:24:16.886Z""",2026-07-13T05:24:16.886000,error,200,,,,"ReplicationSlotBeingUsed: replication slot ""supabase_realtime_replication_slot_2_112_6_5042a0b"" is active for PID 109574",{},[],realtime,0,null,[],null
7e9bd319-3333-40b1-9fe4-f2f0b91a4376,"""2026-07-13T05:24:16.253Z""",2026-07-13T05:24:16.253000,warning,200,,,,Database PID 109574 found in pg_stat_activity with state_change diff of 218,{},[],realtime,0,null,[],null
13c37fb8-f99b-4e5d-86d5-9efdc22a1ed6,"""2026-07-13T05:24:16.131Z""",2026-07-13T05:24:16.131000,error,200,,,,"ReplicationSlotBeingUsed: replication slot ""supabase_realtime_replication_slot_2_112_6_5042a0b"" is active for PID 109574",{},[],realtime,0,null,[],null
c00f29ca-e035-45da-a236-4b7e72cb7032,"""2026-07-13T05:24:15.773Z""",2026-07-13T05:24:15.773000,error,25P03,,,,terminating connection due to idle-in-transaction timeout,{},[],postgres,0,null,[],null
d86e7511-1539-4172-a341-d48bf90e82af,"""2026-07-13T05:24:15.456Z""",2026-07-13T05:24:15.456000,warning,200,,,,Database PID 109574 found in pg_stat_activity with state_change diff of 217,{},[],realtime,0,null,[],null
7fee0a82-c278-44b6-b35f-9fe34c835744,"""2026-07-13T05:24:15.287Z""",2026-07-13T05:24:15.287000,error,200,,,,"ReplicationSlotBeingUsed: replication slot ""supabase_realtime_replication_slot_2_112_6_5042a0b"" is active for PID 109574",{},[],realtime,0,null,[],null
8ee4b420-b9bf-47f7-b28d-7ee1b3e1d35a,"""2026-07-13T05:24:14.653Z""",2026-07-13T05:24:14.653000,warning,200,,,,Database PID 109574 found in pg_stat_activity with state_change diff of 216,{},[],realtime,0,null,[],null
7094ccdb-d66e-4709-b6f1-9d1b18e5f9f2,"""2026-07-13T05:24:14.421Z""",2026-07-13T05:24:14.421000,error,200,,,,"ReplicationSlotBeingUsed: replication slot ""supabase_realtime_replication_slot_2_112_6_5042a0b"" is active for PID 109574",{},[],realtime,0,null,[],null
5830627c-2d79-40ef-b5f2-a6d70f3e5e19,"""2026-07-13T05:24:12.999Z""",2026-07-13T05:24:12.999000,warning,200,,,,Database PID 109574 found in pg_stat_activity with state_change diff of 215,{},[],realtime,0,null,[],null
e9defd53-4f26-4ebf-8ec1-d0fe8aa1875e,"""2026-07-13T05:24:12.782Z""",2026-07-13T05:24:12.782000,error,200,,,,"ReplicationSlotBeingUsed: replication slot ""supabase_realtime_replication_slot_2_112_6_5042a0b"" is active for PID 109574",{},[],realtime,0,null,[],null
5696da7c-00af-4467-a2be-71832ec73a2a,"""2026-07-13T05:24:11.937Z""",2026-07-13T05:24:11.937000,warning,200,,,,Database PID 109574 found in pg_stat_activity with state_change diff of 214,{},[],realtime,0,null,[],null
aadac7f1-30e0-4f02-b750-408fbeb3dd78,"""2026-07-13T05:24:11.792Z""",2026-07-13T05:24:11.792000,error,200,,,,"ReplicationSlotBeingUsed: replication slot ""supabase_realtime_replication_slot_2_112_6_5042a0b"" is active for PID 109574",{},[],realtime,0,null,[],null
e17d9ef0-2c52-4ac3-ab12-aa3b202b6f68,"""2026-07-13T05:24:11.279Z""",2026-07-13T05:24:11.279000,warning,200,,,,Database PID 109574 found in pg_stat_activity with state_change diff of 213,{},[],realtime,0,null,[],null
4b7c871f-0387-407f-a594-6864a0a46c3d,"""2026-07-13T05:24:11.156Z""",2026-07-13T05:24:11.156000,error,200,,,,"ReplicationSlotBeingUsed: replication slot ""supabase_realtime_replication_slot_2_112_6_5042a0b"" is active for PID 109574",{},[],realtime,0,null,[],null
0a40c4ee-ebea-4f3a-8eeb-8b9d613cebd8,"""2026-07-13T05:24:10.628Z""",2026-07-13T05:24:10.628000,warning,200,,,,Database PID 109574 found in pg_stat_activity with state_change diff of 212,{},[],realtime,0,null,[],null
62b0fe15-6dd3-4934-a415-c6d946549df3,"""2026-07-13T05:24:10.505Z""",2026-07-13T05:24:10.505000,error,200,,,,"ReplicationSlotBeingUsed: replication slot ""supabase_realtime_replication_slot_2_112_6_5042a0b"" is active for PID 109574",{},[],realtime,0,null,[],null
1cce249f-4cbb-469a-8349-ab1db5c3cff6,"""2026-07-13T05:24:09.924Z""",2026-07-13T05:24:09.924000,warning,200,,,,Database PID 109574 found in pg_stat_activity with state_change diff of 212,{},[],realtime,0,null,[],null
cd778e8a-fe86-4bd3-8208-3926fe7a9a44,"""2026-07-13T05:24:09.801Z""",2026-07-13T05:24:09.801000,error,200,,,,"ReplicationSlotBeingUsed: replication slot ""supabase_realtime_replication_slot_2_112_6_5042a0b"" is active for PID 109574",{},[],realtime,0,null,[],null
c99dbbe6-a103-40ef-865b-434982eef1a3,"""2026-07-13T05:24:09.141Z""",2026-07-13T05:24:09.141000,warning,200,,,,Database PID 109574 found in pg_stat_activity with state_change diff of 211,{},[],realtime,0,null,[],null
0b8dacc4-7128-4ef8-bf10-abf4e9a17a17,"""2026-07-13T05:24:08.908Z""",2026-07-13T05:24:08.908000,error,200,,,,"ReplicationSlotBeingUsed: replication slot ""supabase_realtime_replication_slot_2_112_6_5042a0b"" is active for PID 109574",{},[],realtime,0,null,[],null
2f215700-0999-4f3c-b6c2-a87d87338739,"""2026-07-13T05:24:08.324Z""",2026-07-13T05:24:08.324000,warning,200,,,,Database PID 109574 found in pg_stat_activity with state_change diff of 210,{},[],realtime,0,null,[],null
c22ce5e3-72eb-484f-9ef4-40b3dec148fa,"""2026-07-13T05:24:08.201Z""",2026-07-13T05:24:08.201000,error,200,,,,"ReplicationSlotBeingUsed: replication slot ""supabase_realtime_replication_slot_2_112_6_5042a0b"" is active for PID 109574",{},[],realtime,0,null,[],null
9914659e-25ec-4ac8-9fbd-51646d511150,"""2026-07-13T05:24:07.447Z""",2026-07-13T05:24:07.447000,warning,200,,,,Database PID 109574 found in pg_stat_activity with state_change diff of 209,{},[],realtime,0,null,[],null
82b99f0d-f48d-47ed-b04b-b341caf2ca95,"""2026-07-13T05:24:07.320Z""",2026-07-13T05:24:07.320000,error,200,,,,"ReplicationSlotBeingUsed: replication slot ""supabase_realtime_replication_slot_2_112_6_5042a0b"" is active for PID 109574",{},[],realtime,0,null,[],null
f461c794-722b-4392-9ee1-2d0bb08b3c76,"""2026-07-13T05:24:06.632Z""",2026-07-13T05:24:06.632000,warning,200,,,,Database PID 109574 found in pg_stat_activity with state_change diff of 208,{},[],realtime,0,null,[],null
83091ca9-6ce3-4a4c-a666-1fa2d518a14e,"""2026-07-13T05:24:06.510Z""",2026-07-13T05:24:06.510000,error,200,,,,"ReplicationSlotBeingUsed: replication slot ""supabase_realtime_replication_slot_2_112_6_5042a0b"" is active for PID 109574",{},[],realtime,0,null,[],null
251ae3c1-3ee8-46c9-a563-ddb8bf60f6e7,"""2026-07-13T05:24:05.888Z""",2026-07-13T05:24:05.888000,warning,200,,,,Database PID 109574 found in pg_stat_activity with state_change diff of 207,{},[],realtime,0,null,[],null
73e15881-2828-43e9-acd8-6201969204a2,"""2026-07-13T05:24:05.765Z""",2026-07-13T05:24:05.765000,error,200,,,,"ReplicationSlotBeingUsed: replication slot ""supabase_realtime_replication_slot_2_112_6_5042a0b"" is active for PID 109574",{},[],realtime,0,null,[],null
e41d8432-99d2-4354-848a-56d2007d2a25,"""2026-07-13T05:24:05.212Z""",2026-07-13T05:24:05.212000,warning,200,,,,Database PID 109574 found in pg_stat_activity with state_change diff of 207,{},[],realtime,0,null,[],null
5ff0e495-60e7-4e13-9333-1565e819e0c5,"""2026-07-13T05:24:05.076Z""",2026-07-13T05:24:05.076000,error,200,,,,"ReplicationSlotBeingUsed: replication slot ""supabase_realtime_replication_slot_2_112_6_5042a0b"" is active for PID 109574",{},[],realtime,0,null,[],null
0fffe27e-49aa-4a87-bfc6-1fa4c0d3742a,"""2026-07-13T05:24:04.489Z""",2026-07-13T05:24:04.489000,warning,200,,,,Database PID 109574 found in pg_stat_activity with state_change diff of 206,{},[],realtime,0,null,[],null
f468a623-e1de-488a-b68e-d62f14ce79f8,"""2026-07-13T05:24:04.361Z""",2026-07-13T05:24:04.361000,error,200,,,,"ReplicationSlotBeingUsed: replication slot ""supabase_realtime_replication_slot_2_112_6_5042a0b"" is active for PID 109574",{},[],realtime,0,null,[],null
291983f2-f796-4c51-9ecf-a337926f72da,"""2026-07-13T05:24:03.748Z""",2026-07-13T05:24:03.748000,warning,200,,,,Database PID 109574 found in pg_stat_activity with state_change diff of 204,{},[],realtime,0,null,[],null
b5375212-dc42-4903-b428-ed8434fda38e,"""2026-07-13T05:24:03.126Z""",2026-07-13T05:24:03.126000,error,25P03,,,,terminating connection due to idle-in-transaction timeout,{},[],postgres,0,null,[],null
6c77e9aa-82a5-49d5-a404-6895272a3841,"""2026-07-13T05:24:01.939Z""",2026-07-13T05:24:01.939000,error,200,,,,"ReplicationSlotBeingUsed: replication slot ""supabase_realtime_replication_slot_2_112_6_5042a0b"" is active for PID 109574",{},[],realtime,0,null,[],null
25b51ea4-8f85-4fa3-b7dc-d87cc961a094,"""2026-07-13T05:24:01.627Z""",2026-07-13T05:24:01.627000,error,25P03,,,,terminating connection due to idle-in-transaction timeout,{},[],postgres,0,null,[],null
0e9bef3e-d50e-406e-9122-cc9c7e82f3dd,"""2026-07-13T05:24:01.116Z""",2026-07-13T05:24:01.116000,error,25P03,,,,terminating connection due to idle-in-transaction timeout,{},[],postgres,0,null,[],null
ce7329e6-04d2-4e03-abd4-59b707e65ec8,"""2026-07-13T05:24:00.612Z""",2026-07-13T05:24:00.612000,warning,200,,,,Database PID 109574 found in pg_stat_activity with state_change diff of 201,{},[],realtime,0,null,[],null
31d36677-d9c8-4e12-a73a-6df2dcac1102,"""2026-07-13T05:24:00.485Z""",2026-07-13T05:24:00.485000,error,25P03,,,,terminating connection due to idle-in-transaction timeout,{},[],postgres,0,null,[],null
7692ffbe-27c2-4f7b-a25b-948ff0e68528,"""2026-07-13T05:23:59.754Z""",2026-07-13T05:23:59.754000,error,200,,,,"ReplicationSlotBeingUsed: replication slot ""supabase_realtime_replication_slot_2_112_6_5042a0b"" is active for PID 109574",{},[],realtime,0,null,[],null
de4ba04c-35d1-40eb-859e-74228a22d298,"""2026-07-13T05:23:58.547Z""",2026-07-13T05:23:58.547000,warning,200,,,,Database PID 109574 found in pg_stat_activity with state_change diff of 200,{},[],realtime,0,null,[],null
5ac943a9-a11a-46c1-a08a-8e806fbb316e,"""2026-07-13T05:23:58.425Z""",2026-07-13T05:23:58.425000,error,200,,,,"ReplicationSlotBeingUsed: replication slot ""supabase_realtime_replication_slot_2_112_6_5042a0b"" is active for PID 109574",{},[],realtime,0,null,[],null
8465cc82-8baf-4652-8890-7079374f9eb0,"""2026-07-13T05:23:57.750Z""",2026-07-13T05:23:57.750000,warning,200,,,,Database PID 109574 found in pg_stat_activity with state_change diff of 199,{},[],realtime,0,null,[],null
2bf02432-e6eb-47a9-8de2-e4fa04a4dfc7,"""2026-07-13T05:23:57.627Z""",2026-07-13T05:23:57.627000,error,200,,,,"ReplicationSlotBeingUsed: replication slot ""supabase_realtime_replication_slot_2_112_6_5042a0b"" is active for PID 109574",{},[],realtime,0,null,[],null
81947ddc-505f-4e91-9960-3f3cb3346768,"""2026-07-13T05:23:57.072Z""",2026-07-13T05:23:57.072000,warning,200,,,,Database PID 109574 found in pg_stat_activity with state_change diff of 199,{},[],realtime,0,null,[],null
ed430107-9408-46ce-b749-0be4e1b4188c,"""2026-07-13T05:23:56.946Z""",2026-07-13T05:23:56.946000,error,200,,,,"ReplicationSlotBeingUsed: replication slot ""supabase_realtime_replication_slot_2_112_6_5042a0b"" is active for PID 109574",{},[],realtime,0,null,[],null
dc306804-aebb-4637-bd6e-8f56489b8807,"""2026-07-13T05:23:56.175Z""",2026-07-13T05:23:56.175000,warning,200,,,,Database PID 109574 found in pg_stat_activity with state_change diff of 198,{},[],realtime,0,null,[],null
1600489a-217a-44e4-97b6-c07c6d62c864,"""2026-07-13T05:23:56.004Z""",2026-07-13T05:23:56.004000,error,200,,,,"ReplicationSlotBeingUsed: replication slot ""supabase_realtime_replication_slot_2_112_6_5042a0b"" is active for PID 109574",{},[],realtime,0,null,[],null
e6711834-1c3f-4893-8f1e-96194951a590,"""2026-07-13T05:23:55.266Z""",2026-07-13T05:23:55.266000,warning,200,,,,Database PID 109574 found in pg_stat_activity with state_change diff of 197,{},[],realtime,0,null,[],null
4a09efc6-96df-4da3-9833-75b0580bd268,"""2026-07-13T05:23:55.117Z""",2026-07-13T05:23:55.117000,error,200,,,,"ReplicationSlotBeingUsed: replication slot ""supabase_realtime_replication_slot_2_112_6_5042a0b"" is active for PID 109574",{},[],realtime,0,null,[],null
646bc582-d287-46fc-aebe-201deffa618d,"""2026-07-13T05:23:54.372Z""",2026-07-13T05:23:54.372000,warning,200,,,,Database PID 109574 found in pg_stat_activity with state_change diff of 196,{},[],realtime,0,null,[],null
359fa1f9-9a22-4e44-ba24-94b2a16891e1,"""2026-07-13T05:23:54.200Z""",2026-07-13T05:23:54.200000,error,200,,,,"ReplicationSlotBeingUsed: replication slot ""supabase_realtime_replication_slot_2_112_6_5042a0b"" is active for PID 109574",{},[],realtime,0,null,[],null
b2d323cb-9408-4291-919e-ffda9f9463e7,"""2026-07-13T05:23:52.937Z""",2026-07-13T05:23:52.937000,warning,200,,,,Database PID 109574 found in pg_stat_activity with state_change diff of 195,{},[],realtime,0,null,[],null
fe340fd5-4dea-4406-881f-9c79f036f991,"""2026-07-13T05:23:52.814Z""",2026-07-13T05:23:52.814000,error,200,,,,"ReplicationSlotBeingUsed: replication slot ""supabase_realtime_replication_slot_2_112_6_5042a0b"" is active for PID 109574",{},[],realtime,0,null,[],null
92c24b47-6567-4a35-97f3-6bbd1fc67316,"""2026-07-13T05:23:52.032Z""",2026-07-13T05:23:52.032000,warning,200,,,,Database PID 109574 found in pg_stat_activity with state_change diff of 194,{},[],realtime,0,null,[],null
0e90e8ee-13b5-4ad1-802a-d9c5b3acffe0,"""2026-07-13T05:23:51.871Z""",2026-07-13T05:23:51.871000,error,200,,,,"ReplicationSlotBeingUsed: replication slot ""supabase_realtime_replication_slot_2_112_6_5042a0b"" is active for PID 109574",{},[],realtime,0,null,[],null
45fe3d5c-2b47-4bd8-aa31-d9b48d1ac4fc,"""2026-07-13T05:23:45.792Z""",2026-07-13T05:23:45.792000,warning,200,,,,Database PID 109574 found in pg_stat_activity with state_change diff of 187,{},[],realtime,0,null,[],null
bb793421-7ede-4ff8-a74d-0abf04860962,"""2026-07-13T05:23:45.447Z""",2026-07-13T05:23:45.447000,error,200,,,,"ReplicationSlotBeingUsed: replication slot ""supabase_realtime_replication_slot_2_112_6_5042a0b"" is active for PID 109574",{},[],realtime,0,null,[],null
a46cff96-3d4d-4929-948c-d90dbb2ab412,"""2026-07-13T05:23:42.891Z""",2026-07-13T05:23:42.891000,warning,200,,,,Database PID 109574 found in pg_stat_activity with state_change diff of 184,{},[],realtime,0,null,[],null
20bf6252-f82c-453b-8551-25c7416ff6a4,"""2026-07-13T05:23:41.882Z""",2026-07-13T05:23:41.882000,error,200,,,,"ReplicationSlotBeingUsed: replication slot ""supabase_realtime_replication_slot_2_112_6_5042a0b"" is active for PID 109574",{},[],realtime,0,null,[],null
4d2d6e83-c9cf-40ff-95d4-e372c3031d82,"""2026-07-13T05:23:40.713Z""",2026-07-13T05:23:40.713000,warning,200,,,,Database PID 109574 found in pg_stat_activity with state_change diff of 182,{},[],realtime,0,null,[],null
6802a126-afcc-41bc-b750-92a1db36ca81,"""2026-07-13T05:23:40.365Z""",2026-07-13T05:23:40.365000,error,200,,,,"ReplicationSlotBeingUsed: replication slot ""supabase_realtime_replication_slot_2_112_6_5042a0b"" is active for PID 109574",{},[],realtime,0,null,[],null
cbcb5203-624c-46dd-8d71-fbf3a2984897,"""2026-07-13T05:23:39.434Z""",2026-07-13T05:23:39.434000,warning,200,,,,Database PID 109574 found in pg_stat_activity with state_change diff of 181,{},[],realtime,0,null,[],null
86337e4a-dc78-4273-a6cd-7dee1ea55867,"""2026-07-13T05:23:39.204Z""",2026-07-13T05:23:39.204000,error,200,,,,"ReplicationSlotBeingUsed: replication slot ""supabase_realtime_replication_slot_2_112_6_5042a0b"" is active for PID 109574",{},[],realtime,0,null,[],null
8ffdf21e-ca29-408e-83bf-17df50e3a18c,"""2026-07-13T05:23:36.184Z""",2026-07-13T05:23:36.184000,error,25P03,,,,terminating connection due to idle-in-transaction timeout,{},[],postgres,0,null,[],null
73b3128d-6041-4ad4-8315-98dba194b434,"""2026-07-13T05:23:35.387Z""",2026-07-13T05:23:35.387000,warning,200,,,,Database PID 109574 found in pg_stat_activity with state_change diff of 177,{},[],realtime,0,null,[],null
e07dc50a-4c9b-41db-9853-262acd406a83,"""2026-07-13T05:23:35.010Z""",2026-07-13T05:23:35.010000,error,200,,,,"ReplicationSlotBeingUsed: replication slot ""supabase_realtime_replication_slot_2_112_6_5042a0b"" is active for PID 109574",{},[],realtime,0,null,[],null
643ec497-b19b-4d40-b7bb-0b3f2e3a7ba9,"""2026-07-13T05:23:31.830Z""",2026-07-13T05:23:31.830000,warning,200,,,,Database PID 109574 found in pg_stat_activity with state_change diff of 173,{},[],realtime,0,null,[],null
55f19226-2282-4597-8c8c-baa802c83872,"""2026-07-13T05:23:31.617Z""",2026-07-13T05:23:31.617000,error,200,,,,"ReplicationSlotBeingUsed: replication slot ""supabase_realtime_replication_slot_2_112_6_5042a0b"" is active for PID 109574",{},[],realtime,0,null,[],null
af9cb713-8f11-4e5b-93f3-b955eabfb683,"""2026-07-13T05:23:30.827Z""",2026-07-13T05:23:30.827000,warning,200,,,,Database PID 109574 found in pg_stat_activity with state_change diff of 172,{},[],realtime,0,null,[],null
65a8c237-0a38-479f-8009-50d24eca6317,"""2026-07-13T05:23:30.583Z""",2026-07-13T05:23:30.583000,error,200,,,,"ReplicationSlotBeingUsed: replication slot ""supabase_realtime_replication_slot_2_112_6_5042a0b"" is active for PID 109574",{},[],realtime,0,null,[],null
9879d9c4-71ec-40e6-a887-7cb2feb2f774,"""2026-07-13T05:23:27.264Z""",2026-07-13T05:23:27.264000,warning,200,,,,Database PID 109574 found in pg_stat_activity with state_change diff of 168,{},[],realtime,0,null,[],null
a97416f2-3863-47f8-9f3a-90666e1dd1fa,"""2026-07-13T05:23:26.196Z""",2026-07-13T05:23:26.196000,error,200,,,,"ReplicationSlotBeingUsed: replication slot ""supabase_realtime_replication_slot_2_112_6_5042a0b"" is active for PID 109574",{},[],realtime,0,null,[],null
3524d35e-07ec-4cc4-8eb5-c0c19900dda7,"""2026-07-13T05:23:22.263Z""",2026-07-13T05:23:22.263000,warning,200,,,,Database PID 109574 found in pg_stat_activity with state_change diff of 163,{},[],realtime,0,null,[],null
829fe9f0-bd70-417b-8e6b-9bd85c56b64d,"""2026-07-13T05:23:21.284Z""",2026-07-13T05:23:21.284000,error,200,,,,"ReplicationSlotBeingUsed: replication slot ""supabase_realtime_replication_slot_2_112_6_5042a0b"" is active for PID 109574",{},[],realtime,0,null,[],null
e5e4b695-224c-4a7f-9d1c-b453e21b03e1,"""2026-07-13T05:23:19.819Z""",2026-07-13T05:23:19.819000,error,55P03,,,,canceling statement due to lock timeout,{},[],postgres,0,null,[],null
46d4a497-99d8-4473-af22-a375addf8c57,"""2026-07-13T05:23:17.163Z""",2026-07-13T05:23:17.163000,warning,200,,,,Database PID 109574 found in pg_stat_activity with state_change diff of 158,{},[],realtime,0,null,[],null
bd677662-6ef4-40fd-8786-cab818d59fcf,"""2026-07-13T05:23:16.274Z""",2026-07-13T05:23:16.274000,error,200,,,,"ReplicationSlotBeingUsed: replication slot ""supabase_realtime_replication_slot_2_112_6_5042a0b"" is active for PID 109574",{},[],realtime,0,null,[],null
6f47d4e6-c9ce-4c98-a3e5-da07ea145658,"""2026-07-13T05:23:12.800Z""",2026-07-13T05:23:12.800000,error,25P03,,,,terminating connection due to idle-in-transaction timeout,{},[],postgres,0,null,[],null
5947631b-ef9e-46dc-8938-8f2c92780be8,"""2026-07-13T05:23:12.449Z""",2026-07-13T05:23:12.449000,error,25P03,,,,terminating connection due to idle-in-transaction timeout,{},[],postgres,0,null,[],null
4e1b473f-8b16-4016-805d-da8dab583fff,"""2026-07-13T05:23:11.400Z""",2026-07-13T05:23:11.400000,error,25P03,,,,terminating connection due to idle-in-transaction timeout,{},[],postgres,0,null,[],null
cf19b122-0846-4c9c-884f-2d63c248287f,"""2026-07-13T05:23:07.609Z""",2026-07-13T05:23:07.609000,warning,200,,,,Database PID 109574 found in pg_stat_activity with state_change diff of 149,{},[],realtime,0,null,[],null
14ac3900-ed43-4941-98ea-e688897168dd,"""2026-07-13T05:23:07.373Z""",2026-07-13T05:23:07.373000,error,200,,,,"ReplicationSlotBeingUsed: replication slot ""supabase_realtime_replication_slot_2_112_6_5042a0b"" is active for PID 109574",{},[],realtime,0,null,[],null
c3cab8f3-9c90-415e-826c-929ee8fb8a61,"""2026-07-13T05:23:03.814Z""",2026-07-13T05:23:03.814000,warning,200,,,,Database PID 109574 found in pg_stat_activity with state_change diff of 144,{},[],realtime,0,null,[],null
44a70aba-c5ec-4fbd-a459-c9e0e9ae7c50,"""2026-07-13T05:23:02.065Z""",2026-07-13T05:23:02.065000,error,200,,,,"ReplicationSlotBeingUsed: replication slot ""supabase_realtime_replication_slot_2_112_6_5042a0b"" is active for PID 109574",{},[],realtime,0,null,[],null
7a4dff46-a615-4210-8663-d1a817673347,"""2026-07-13T05:23:00.297Z""",2026-07-13T05:23:00.297000,warning,200,,,,Database PID 109574 found in pg_stat_activity with state_change diff of 141,{},[],realtime,0,null,[],null
2e8a8d9b-9e12-4abe-8534-287050d1fab2,"""2026-07-13T05:23:00.064Z""",2026-07-13T05:23:00.064000,warning,200,,,,nafxpivddesgsrthmosv | GET | ABORTED REQ | 10.102.13.104 | req-2u28 | /tenants/nafxpivddesgsrthmosv/health | @supabase-infra/mgmt-api/517545b,{},[],storage,0,null,[],null
243aa9ff-5398-464e-9d0c-3546e0fc2802,"""2026-07-13T05:22:59.622Z""",2026-07-13T05:22:59.622000,error,200,,,,"ReplicationSlotBeingUsed: replication slot ""supabase_realtime_replication_slot_2_112_6_5042a0b"" is active for PID 109574",{},[],realtime,0,null,[],null
66d57db2-d3f9-4e93-a048-a56ae43f4c14,"""2026-07-13T05:22:58.327Z""",2026-07-13T05:22:58.327000,warning,200,,,,Database PID 109574 found in pg_stat_activity with state_change diff of 140,{},[],realtime,0,null,[],null
60eaf721-c786-4598-867b-b3aca7cd3846,"""2026-07-13T05:22:58.193Z""",2026-07-13T05:22:58.193000,error,200,,,,"ReplicationSlotBeingUsed: replication slot ""supabase_realtime_replication_slot_2_112_6_5042a0b"" is active for PID 109574",{},[],realtime,0,null,[],null
529fa59b-0e29-4371-9bf9-270607d6b3fc,"""2026-07-13T05:22:57.531Z""",2026-07-13T05:22:57.531000,warning,200,,,,Database PID 109574 found in pg_stat_activity with state_change diff of 139,{},[],realtime,0,null,[],null
95c35da6-fcfe-4692-b457-f2e1b36ef46b,"""2026-07-13T05:22:57.367Z""",2026-07-13T05:22:57.367000,error,200,,,,"ReplicationSlotBeingUsed: replication slot ""supabase_realtime_replication_slot_2_112_6_5042a0b"" is active for PID 109574",{},[],realtime,0,null,[],null
f3d0ce57-ca70-4cbb-9fca-a0d288926aae,"""2026-07-13T05:22:56.128Z""",2026-07-13T05:22:56.128000,warning,200,,,,Database PID 109574 found in pg_stat_activity with state_change diff of 138,{},[],realtime,0,null,[],null
d6b39242-b926-4e79-966c-0c78620ef3fc,"""2026-07-13T05:22:56.002Z""",2026-07-13T05:22:56.002000,error,200,,,,"ReplicationSlotBeingUsed: replication slot ""supabase_realtime_replication_slot_2_112_6_5042a0b"" is active for PID 109574",{},[],realtime,0,null,[],null
7fa3eb12-c7cd-4203-8586-2372df30a334,"""2026-07-13T05:22:54.826Z""",2026-07-13T05:22:54.826000,warning,200,,,,Database PID 109574 found in pg_stat_activity with state_change diff of 136,{},[],realtime,0,null,[],null
4bbd5851-b406-4c27-ae70-9e1f415a0f73,"""2026-07-13T05:22:54.704Z""",2026-07-13T05:22:54.704000,error,200,,,,"ReplicationSlotBeingUsed: replication slot ""supabase_realtime_replication_slot_2_112_6_5042a0b"" is active for PID 109574",{},[],realtime,0,null,[],null
d74a228e-2dbe-40dd-87d1-378769d1ef8c,"""2026-07-13T05:22:54.136Z""",2026-07-13T05:22:54.136000,warning,200,,,,Database PID 109574 found in pg_stat_activity with state_change diff of 136,{},[],realtime,0,null,[],null
4293fb25-bac4-4089-b44e-ae1bd5e91aeb,"""2026-07-13T05:22:54.007Z""",2026-07-13T05:22:54.007000,error,200,,,,"ReplicationSlotBeingUsed: replication slot ""supabase_realtime_replication_slot_2_112_6_5042a0b"" is active for PID 109574",{},[],realtime,0,null,[],null
976cc7bf-e216-4c73-b086-7d22a77a9cfa,"""2026-07-13T05:22:53.487Z""",2026-07-13T05:22:53.487000,warning,200,,,,Database PID 109574 found in pg_stat_activity with state_change diff of 135,{},[],realtime,0,null,[],null
64729418-b07d-44f7-b5ca-a8dd66c1e480,"""2026-07-13T05:22:53.364Z""",2026-07-13T05:22:53.364000,error,200,,,,"ReplicationSlotBeingUsed: replication slot ""supabase_realtime_replication_slot_2_112_6_5042a0b"" is active for PID 109574",{},[],realtime,0,null,[],null
f48bc0cf-912b-48cd-b7ed-7f88410a349f,"""2026-07-13T05:22:52.747Z""",2026-07-13T05:22:52.747000,warning,200,,,,Database PID 109574 found in pg_stat_activity with state_change diff of 134,{},[],realtime,0,null,[],null
d79499d4-ee51-4836-b0ec-b48b3ad403ab,"""2026-07-13T05:22:52.259Z""",2026-07-13T05:22:52.259000,error,200,,,,"ReplicationSlotBeingUsed: replication slot ""supabase_realtime_replication_slot_2_112_6_5042a0b"" is active for PID 109574",{},[],realtime,0,null,[],null
915b81d0-d2d8-4e2b-bbea-970dde490c44,"""2026-07-13T05:22:48.797Z""",2026-07-13T05:22:48.797000,warning,200,,,,Database PID 109574 found in pg_stat_activity with state_change diff of 129,{},[],realtime,0,null,[],null
3dd24512-7ba1-4d05-8da4-4935b0a95606,"""2026-07-13T05:22:47.162Z""",2026-07-13T05:22:47.162000,error,200,,,,"ReplicationSlotBeingUsed: replication slot ""supabase_realtime_replication_slot_2_112_6_5042a0b"" is active for PID 109574",{},[],realtime,0,null,[],null
c305d773-42c9-43aa-a825-c5de9b646228,"""2026-07-13T05:22:24.720Z""",2026-07-13T05:22:24.720000,error,57014,,,,canceling statement due to statement timeout,{},[],postgres,0,null,[],null
64d08cda-cdb2-453e-9bef-a1f9e66de25c,"""2026-07-13T05:22:22.220Z""",2026-07-13T05:22:22.220000,error,57014,,,,canceling statement due to statement timeout,{},[],postgres,0,null,[],null
9cb0bcdc-1dd0-4bc6-967c-5e0016d0d333,"""2026-07-13T05:22:08.446Z""",2026-07-13T05:22:08.446000,error,57014,,,,canceling statement due to user request,{},[],postgres,0,null,[],null
ea625d88-b59e-406a-b468-98ac4f454882,"""2026-07-13T05:22:00.065Z""",2026-07-13T05:22:00.065000,warning,200,,,,Database PID 109574 found in pg_stat_activity with state_change diff of 81,{},[],realtime,0,null,[],null
cd389e9e-7f2c-4710-b543-ec52a45c94ee,"""2026-07-13T05:21:59.461Z""",2026-07-13T05:21:59.461000,error,200,,,,"ReplicationSlotBeingUsed: replication slot ""supabase_realtime_replication_slot_2_112_6_5042a0b"" is active for PID 109574",{},[],realtime,0,null,[],null
579ad45a-bc0c-4475-b082-11ebf5608eee,"""2026-07-13T05:21:58.831Z""",2026-07-13T05:21:58.831000,warning,200,,,,Database PID 109574 found in pg_stat_activity with state_change diff of 80,{},[],realtime,0,null,[],null
331ab9a3-cfeb-485e-ae37-7d55e610a372,"""2026-07-13T05:21:58.710Z""",2026-07-13T05:21:58.710000,error,200,,,,"ReplicationSlotBeingUsed: replication slot ""supabase_realtime_replication_slot_2_112_6_5042a0b"" is active for PID 109574",{},[],realtime,0,null,[],null
f63880fa-e493-45ec-afa4-aa4c8419fe39,"""2026-07-13T05:21:58.087Z""",2026-07-13T05:21:58.087000,warning,200,,,,Database PID 109574 found in pg_stat_activity with state_change diff of 80,{},[],realtime,0,null,[],null
5aa16a06-53ff-4075-805a-850351af9874,"""2026-07-13T05:21:57.966Z""",2026-07-13T05:21:57.966000,error,200,,,,"ReplicationSlotBeingUsed: replication slot ""supabase_realtime_replication_slot_2_112_6_5042a0b"" is active for PID 109574",{},[],realtime,0,null,[],null
49d46e80-1e65-48bd-b7f7-78eb1dbb8b1f,"""2026-07-13T05:21:57.359Z""",2026-07-13T05:21:57.359000,warning,200,,,,Database PID 109574 found in pg_stat_activity with state_change diff of 79,{},[],realtime,0,null,[],null
c9ca2ff7-a786-437c-a05b-6bbd8afb86d4,"""2026-07-13T05:21:57.237Z""",2026-07-13T05:21:57.237000,error,200,,,,"ReplicationSlotBeingUsed: replication slot ""supabase_realtime_replication_slot_2_112_6_5042a0b"" is active for PID 109574",{},[],realtime,0,null,[],null
fd491fc6-064a-49f1-8e1d-f2adc6ed3df0,"""2026-07-13T05:21:56.698Z""",2026-07-13T05:21:56.698000,warning,200,,,,Database PID 109574 found in pg_stat_activity with state_change diff of 78,{},[],realtime,0,null,[],null
acdd8527-3c22-43c0-aaed-f0f72b833391,"""2026-07-13T05:21:56.577Z""",2026-07-13T05:21:56.577000,error,200,,,,"ReplicationSlotBeingUsed: replication slot ""supabase_realtime_replication_slot_2_112_6_5042a0b"" is active for PID 109574",{},[],realtime,0,null,[],null
cc4c579b-adf4-4943-bd72-da2fc37623e4,"""2026-07-13T05:21:56.039Z""",2026-07-13T05:21:56.039000,warning,200,,,,Database PID 109574 found in pg_stat_activity with state_change diff of 78,{},[],realtime,0,null,[],null
f84786e5-9db3-435e-8f1a-42a4fdd60b0f,"""2026-07-13T05:21:55.917Z""",2026-07-13T05:21:55.917000,error,200,,,,"ReplicationSlotBeingUsed: replication slot ""supabase_realtime_replication_slot_2_112_6_5042a0b"" is active for PID 109574",{},[],realtime,0,null,[],null
64448f6b-56b9-4086-a607-e611b0b3f74c,"""2026-07-13T05:21:55.370Z""",2026-07-13T05:21:55.370000,warning,200,,,,Database PID 109574 found in pg_stat_activity with state_change diff of 77,{},[],realtime,0,null,[],null
b19ed5a4-30eb-43fb-9966-9442af344667,"""2026-07-13T05:21:55.249Z""",2026-07-13T05:21:55.249000,error,200,,,,"ReplicationSlotBeingUsed: replication slot ""supabase_realtime_replication_slot_2_112_6_5042a0b"" is active for PID 109574",{},[],realtime,0,null,[],null
1ea2cfea-748d-484e-b7ab-4f5677a2a9a8,"""2026-07-13T05:21:54.732Z""",2026-07-13T05:21:54.732000,warning,200,,,,Database PID 109574 found in pg_stat_activity with state_change diff of 76,{},[],realtime,0,null,[],null
3d6ceca8-e813-44de-bfa3-6a28f85664e4,"""2026-07-13T05:21:54.611Z""",2026-07-13T05:21:54.611000,error,200,,,,"ReplicationSlotBeingUsed: replication slot ""supabase_realtime_replication_slot_2_112_6_5042a0b"" is active for PID 109574",{},[],realtime,0,null,[],null
e6cea781-111d-4cef-ab1a-de5a24b01b1e,"""2026-07-13T05:21:53.967Z""",2026-07-13T05:21:53.967000,warning,200,,,,Database PID 109574 found in pg_stat_activity with state_change diff of 76,{},[],realtime,0,null,[],null
47a44c05-1242-4716-be82-c65372fb2986,"""2026-07-13T05:21:53.846Z""",2026-07-13T05:21:53.846000,error,200,,,,"ReplicationSlotBeingUsed: replication slot ""supabase_realtime_replication_slot_2_112_6_5042a0b"" is active for PID 109574",{},[],realtime,0,null,[],null
0f62de07-cf41-41fa-a09c-da90324746c5,"""2026-07-13T05:21:53.202Z""",2026-07-13T05:21:53.202000,warning,200,,,,Database PID 109574 found in pg_stat_activity with state_change diff of 75,{},[],realtime,0,null,[],null
ab0feb86-21fb-4bd1-80a1-7c42175ab726,"""2026-07-13T05:21:53.081Z""",2026-07-13T05:21:53.081000,error,200,,,,"ReplicationSlotBeingUsed: replication slot ""supabase_realtime_replication_slot_2_112_6_5042a0b"" is active for PID 109574",{},[],realtime,0,null,[],null
a5c02af5-b857-4ff4-a9c0-0f0c4dbf6c03,"""2026-07-13T05:21:52.949Z""",2026-07-13T05:21:52.949000,error,22P02,,,,"invalid input syntax for type uuid: ""__date__2026-07-10""",{},[],postgres,0,null,[],null
40f65bdd-671e-457b-905d-162bf24456be,"""2026-07-13T05:21:52.483Z""",2026-07-13T05:21:52.483000,warning,200,,,,Database PID 109574 found in pg_stat_activity with state_change diff of 74,{},[],realtime,0,null,[],null
6b95871e-45f0-4b7f-b980-ab51b2310a47,"""2026-07-13T05:21:52.361Z""",2026-07-13T05:21:52.361000,error,200,,,,"ReplicationSlotBeingUsed: replication slot ""supabase_realtime_replication_slot_2_112_6_5042a0b"" is active for PID 109574",{},[],realtime,0,null,[],null
4315aa32-567b-46ac-97d4-51393b9176ba,"""2026-07-13T05:21:51.787Z""",2026-07-13T05:21:51.787000,warning,200,,,,Database PID 109574 found in pg_stat_activity with state_change diff of 73,{},[],realtime,0,null,[],null
80c9dcaa-2689-41e0-b4b1-969380f92305,"""2026-07-13T05:21:51.665Z""",2026-07-13T05:21:51.665000,error,200,,,,"ReplicationSlotBeingUsed: replication slot ""supabase_realtime_replication_slot_2_112_6_5042a0b"" is active for PID 109574",{},[],realtime,0,null,[],null
556055c7-888c-43d0-b3d2-61bfdaacb2cd,"""2026-07-13T05:21:51.026Z""",2026-07-13T05:21:51.026000,warning,200,,,,Database PID 109574 found in pg_stat_activity with state_change diff of 73,{},[],realtime,0,null,[],null
c34d023e-83cd-4278-8162-f6cdf22329ed,"""2026-07-13T05:21:50.904Z""",2026-07-13T05:21:50.904000,error,200,,,,"ReplicationSlotBeingUsed: replication slot ""supabase_realtime_replication_slot_2_112_6_5042a0b"" is active for PID 109574",{},[],realtime,0,null,[],null
7106b332-ccad-4602-b2f9-8ae91d83332e,"""2026-07-13T05:21:50.405Z""",2026-07-13T05:21:50.405000,warning,200,,,,Database PID 109574 found in pg_stat_activity with state_change diff of 72,{},[],realtime,0,null,[],null
fa1d7f34-61b9-432e-83b6-0f0a86a8b7b6,"""2026-07-13T05:21:50.284Z""",2026-07-13T05:21:50.284000,error,200,,,,"ReplicationSlotBeingUsed: replication slot ""supabase_realtime_replication_slot_2_112_6_5042a0b"" is active for PID 109574",{},[],realtime,0,null,[],null
f5309788-c7b0-4078-a9f4-f8d4b8048fc0,"""2026-07-13T05:21:49.775Z""",2026-07-13T05:21:49.775000,warning,200,,,,Database PID 109574 found in pg_stat_activity with state_change diff of 71,{},[],realtime,0,null,[],null
fc99d846-9c27-4728-b491-21a85237fba9,"""2026-07-13T05:21:49.654Z""",2026-07-13T05:21:49.654000,error,200,,,,"ReplicationSlotBeingUsed: replication slot ""supabase_realtime_replication_slot_2_112_6_5042a0b"" is active for PID 109574",{},[],realtime,0,null,[],null
d9357642-b3cc-49a5-9d3c-8d053478af76,"""2026-07-13T05:21:48.990Z""",2026-07-13T05:21:48.990000,warning,200,,,,Database PID 109574 found in pg_stat_activity with state_change diff of 71,{},[],realtime,0,null,[],null
70272cb3-64cf-4847-a6b7-8953ca76e836,"""2026-07-13T05:21:48.869Z""",2026-07-13T05:21:48.869000,error,200,,,,"ReplicationSlotBeingUsed: replication slot ""supabase_realtime_replication_slot_2_112_6_5042a0b"" is active for PID 109574",{},[],realtime,0,null,[],null
40075ae4-7266-47ab-a6e0-aa3066f26fae,"""2026-07-13T05:21:48.303Z""",2026-07-13T05:21:48.303000,warning,200,,,,Database PID 109574 found in pg_stat_activity with state_change diff of 70,{},[],realtime,0,null,[],null
b2692943-153a-4ddb-a28b-9a6af17f68c4,"""2026-07-13T05:21:48.182Z""",2026-07-13T05:21:48.182000,error,200,,,,"ReplicationSlotBeingUsed: replication slot ""supabase_realtime_replication_slot_2_112_6_5042a0b"" is active for PID 109574",{},[],realtime,0,null,[],null
f5ba3cc9-4617-49be-9eb0-3d19a0a3fd31,"""2026-07-13T05:21:47.519Z""",2026-07-13T05:21:47.519000,warning,200,,,,Database PID 109574 found in pg_stat_activity with state_change diff of 69,{},[],realtime,0,null,[],null
141e712d-aea5-4230-b38b-882f5e1d6244,"""2026-07-13T05:21:47.397Z""",2026-07-13T05:21:47.397000,error,200,,,,"ReplicationSlotBeingUsed: replication slot ""supabase_realtime_replication_slot_2_112_6_5042a0b"" is active for PID 109574",{},[],realtime,0,null,[],null
1eede625-54a2-4d07-becc-e02381ab0226,"""2026-07-13T05:21:47.011Z""",2026-07-13T05:21:47.011000,warning,400,POST,,/rest/v1/rpc/mark_messages_seen,"POST | 400 | https://nafxpivddesgsrthmosv.supabase.co/rest/v1/rpc/mark_messages_seen | Mozilla/5.0 (Macintosh; Intel Mac OS X 10_15_7) AppleWebKit/537.36 (KHTML, like Gecko) Chrome/150.0.0.0 Safari/537.36",{},[],edge,0,null,[],null
0d39b3b2-9956-4ac6-954c-085504689a53,"""2026-07-13T05:21:46.831Z""",2026-07-13T05:21:46.831000,warning,200,,,,Database PID 109574 found in pg_stat_activity with state_change diff of 68,{},[],realtime,0,null,[],null
25db03ae-2dc7-41af-b8b0-43ee09916981,"""2026-07-13T05:21:46.709Z""",2026-07-13T05:21:46.709000,error,200,,,,"ReplicationSlotBeingUsed: replication slot ""supabase_realtime_replication_slot_2_112_6_5042a0b"" is active for PID 109574",{},[],realtime,0,null,[],null
a49ec532-ee9b-4701-b433-eb17f6e64ebc,"""2026-07-13T05:21:46.136Z""",2026-07-13T05:21:46.136000,warning,200,,,,Database PID 109574 found in pg_stat_activity with state_change diff of 68,{},[],realtime,0,null,[],null
4b455b07-91cd-4bc4-8f34-89ee8b916b0d,"""2026-07-13T05:21:46.014Z""",2026-07-13T05:21:46.014000,error,200,,,,"ReplicationSlotBeingUsed: replication slot ""supabase_realtime_replication_slot_2_112_6_5042a0b"" is active for PID 109574",{},[],realtime,0,null,[],null
6ab1cb84-9d13-4f89-bc88-1e6339b0dd02,"""2026-07-13T05:21:45.409Z""",2026-07-13T05:21:45.409000,warning,200,,,,Database PID 109574 found in pg_stat_activity with state_change diff of 67,{},[],realtime,0,null,[],null
a92cbd02-73a0-4355-aca7-abed75f39c66,"""2026-07-13T05:21:45.288Z""",2026-07-13T05:21:45.288000,error,200,,,,"ReplicationSlotBeingUsed: replication slot ""supabase_realtime_replication_slot_2_112_6_5042a0b"" is active for PID 109574",{},[],realtime,0,null,[],null
314f86e3-0472-4765-a6c5-90180350b101,"""2026-07-13T05:21:44.688Z""",2026-07-13T05:21:44.688000,warning,200,,,,Database PID 109574 found in pg_stat_activity with state_change diff of 66,{},[],realtime,0,null,[],null
5e2232cb-b334-499a-a4b5-7d41d0463439,"""2026-07-13T05:21:44.566Z""",2026-07-13T05:21:44.566000,error,200,,,,"ReplicationSlotBeingUsed: replication slot ""supabase_realtime_replication_slot_2_112_6_5042a0b"" is active for PID 109574",{},[],realtime,0,null,[],null
ce017f6a-def8-420e-9adc-a7b5dc1cf465,"""2026-07-13T05:21:44.058Z""",2026-07-13T05:21:44.058000,warning,200,,,,Database PID 109574 found in pg_stat_activity with state_change diff of 66,{},[],realtime,0,null,[],null
9e5f975e-340b-40f1-a5bd-85ec3d296399,"""2026-07-13T05:21:43.935Z""",2026-07-13T05:21:43.935000,error,200,,,,"ReplicationSlotBeingUsed: replication slot ""supabase_realtime_replication_slot_2_112_6_5042a0b"" is active for PID 109574",{},[],realtime,0,null,[],null
d3fd995c-ab4a-4e59-957c-7a678112c61e,"""2026-07-13T05:21:43.288Z""",2026-07-13T05:21:43.288000,warning,200,,,,Database PID 109574 found in pg_stat_activity with state_change diff of 65,{},[],realtime,0,null,[],null
ea1f1c99-bc86-4781-a8fb-dd7e997a3dca,"""2026-07-13T05:21:43.167Z""",2026-07-13T05:21:43.167000,error,200,,,,"ReplicationSlotBeingUsed: replication slot ""supabase_realtime_replication_slot_2_112_6_5042a0b"" is active for PID 109574",{},[],realtime,0,null,[],null
9b9798c0-fe92-4b35-92c6-cb9899b2da32,"""2026-07-13T05:21:42.506Z""",2026-07-13T05:21:42.506000,warning,200,,,,Database PID 109574 found in pg_stat_activity with state_change diff of 64,{},[],realtime,0,null,[],null
fca9d380-ff2d-4550-9e56-f419478d6b62,"""2026-07-13T05:21:42.385Z""",2026-07-13T05:21:42.385000,error,200,,,,"ReplicationSlotBeingUsed: replication slot ""supabase_realtime_replication_slot_2_112_6_5042a0b"" is active for PID 109574",{},[],realtime,0,null,[],null
e4c38b84-9d6a-40a4-bcda-c2f8f1dbb9ca,"""2026-07-13T05:21:41.811Z""",2026-07-13T05:21:41.811000,warning,200,,,,Database PID 109574 found in pg_stat_activity with state_change diff of 63,{},[],realtime,0,null,[],null
7365c0d6-b07d-43d4-af5f-622a7a868538,"""2026-07-13T05:21:41.689Z""",2026-07-13T05:21:41.689000,error,200,,,,"ReplicationSlotBeingUsed: replication slot ""supabase_realtime_replication_slot_2_112_6_5042a0b"" is active for PID 109574",{},[],realtime,0,null,[],null
612f8091-a8c6-4eab-8c28-e4688748ff53,"""2026-07-13T05:21:41.199Z""",2026-07-13T05:21:41.199000,warning,200,,,,Database PID 109574 found in pg_stat_activity with state_change diff of 63,{},[],realtime,0,null,[],null
29e09df8-9710-418b-9b0f-eca4a5b50645,"""2026-07-13T05:21:41.078Z""",2026-07-13T05:21:41.078000,error,200,,,,"ReplicationSlotBeingUsed: replication slot ""supabase_realtime_replication_slot_2_112_6_5042a0b"" is active for PID 109574",{},[],realtime,0,null,[],null
0f45a566-57f4-4430-b05b-764e67a00ebc,"""2026-07-13T05:21:40.432Z""",2026-07-13T05:21:40.432000,warning,200,,,,Database PID 109574 found in pg_stat_activity with state_change diff of 62,{},[],realtime,0,null,[],null
44bf5002-c90b-44cb-ab62-0d8a65aee5b0,"""2026-07-13T05:21:40.310Z""",2026-07-13T05:21:40.310000,error,200,,,,"ReplicationSlotBeingUsed: replication slot ""supabase_realtime_replication_slot_2_112_6_5042a0b"" is active for PID 109574",{},[],realtime,0,null,[],null
972530e4-c277-44b0-beec-04789ea51aed,"""2026-07-13T05:21:39.751Z""",2026-07-13T05:21:39.751000,warning,200,,,,Database PID 109574 found in pg_stat_activity with state_change diff of 61,{},[],realtime,0,null,[],null
2cac3513-1147-4994-81ad-3156d491cf12,"""2026-07-13T05:21:39.629Z""",2026-07-13T05:21:39.629000,error,200,,,,"ReplicationSlotBeingUsed: replication slot ""supabase_realtime_replication_slot_2_112_6_5042a0b"" is active for PID 109574",{},[],realtime,0,null,[],null
cb42e6c5-e536-4eb6-b5f8-0b5c8a8e0a86,"""2026-07-13T05:21:39.130Z""",2026-07-13T05:21:39.130000,warning,200,,,,Database PID 109574 found in pg_stat_activity with state_change diff of 61,{},[],realtime,0,null,[],null
ca2a80cc-2f05-4357-aeb2-9beb14acb8be,"""2026-07-13T05:21:38.991Z""",2026-07-13T05:21:38.991000,error,200,,,,"ReplicationSlotBeingUsed: replication slot ""supabase_realtime_replication_slot_2_112_6_5042a0b"" is active for PID 109574",{},[],realtime,0,null,[],null
1a448b8b-d9ff-4781-b93d-d13230a77a54,"""2026-07-13T05:21:38.475Z""",2026-07-13T05:21:38.475000,warning,200,,,,Database PID 109574 found in pg_stat_activity with state_change diff of 60,{},[],realtime,0,null,[],null
60e1fc4d-afc3-4fd5-9d7d-238f755f781f,"""2026-07-13T05:21:38.354Z""",2026-07-13T05:21:38.354000,error,200,,,,"ReplicationSlotBeingUsed: replication slot ""supabase_realtime_replication_slot_2_112_6_5042a0b"" is active for PID 109574",{},[],realtime,0,null,[],null
f93bacac-9033-4b26-935b-cba650ea3e2f,"""2026-07-13T05:21:37.704Z""",2026-07-13T05:21:37.704000,warning,200,,,,Database PID 109574 found in pg_stat_activity with state_change diff of 59,{},[],realtime,0,null,[],null
5abbc30a-7d22-4eb8-bc0b-e05c7ff1273c,"""2026-07-13T05:21:37.582Z""",2026-07-13T05:21:37.582000,error,200,,,,"ReplicationSlotBeingUsed: replication slot ""supabase_realtime_replication_slot_2_112_6_5042a0b"" is active for PID 109574",{},[],realtime,0,null,[],null
9da0e635-e623-4869-a220-311736c6af1f,"""2026-07-13T05:21:36.926Z""",2026-07-13T05:21:36.926000,warning,200,,,,Database PID 109574 found in pg_stat_activity with state_change diff of 59,{},[],realtime,0,null,[],null
de2cdfb4-09a8-4709-8c6e-97f444f1d1de,"""2026-07-13T05:21:36.805Z""",2026-07-13T05:21:36.805000,error,200,,,,"ReplicationSlotBeingUsed: replication slot ""supabase_realtime_replication_slot_2_112_6_5042a0b"" is active for PID 109574",{},[],realtime,0,null,[],null
3950d4c4-84aa-4a35-b3bf-10342bbe0504,"""2026-07-13T05:21:36.235Z""",2026-07-13T05:21:36.235000,warning,200,,,,Database PID 109574 found in pg_stat_activity with state_change diff of 58,{},[],realtime,0,null,[],null
e7424fde-89d0-4011-bc3d-a9f9e82ceae6,"""2026-07-13T05:21:36.113Z""",2026-07-13T05:21:36.113000,error,200,,,,"ReplicationSlotBeingUsed: replication slot ""supabase_realtime_replication_slot_2_112_6_5042a0b"" is active for PID 109574",{},[],realtime,0,null,[],null
e689e1d4-e245-4218-9df1-74b371b49d97,"""2026-07-13T05:21:35.635Z""",2026-07-13T05:21:35.635000,warning,200,,,,Database PID 109574 found in pg_stat_activity with state_change diff of 57,{},[],realtime,0,null,[],null
77cdc379-ab21-46d2-997c-b780119a057d,"""2026-07-13T05:21:35.514Z""",2026-07-13T05:21:35.514000,error,200,,,,"ReplicationSlotBeingUsed: replication slot ""supabase_realtime_replication_slot_2_112_6_5042a0b"" is active for PID 109574",{},[],realtime,0,null,[],null
184a094a-6640-438d-b88c-4265a7ee77df,"""2026-07-13T05:21:34.899Z""",2026-07-13T05:21:34.899000,warning,200,,,,Database PID 109574 found in pg_stat_activity with state_change diff of 57,{},[],realtime,0,null,[],null
e8a5dfd0-8006-488c-b9a4-da381b1b7e03,"""2026-07-13T05:21:34.777Z""",2026-07-13T05:21:34.777000,error,200,,,,"ReplicationSlotBeingUsed: replication slot ""supabase_realtime_replication_slot_2_112_6_5042a0b"" is active for PID 109574",{},[],realtime,0,null,[],null
30938c65-637c-45d8-b4ab-c676ace973a8,"""2026-07-13T05:21:34.229Z""",2026-07-13T05:21:34.229000,warning,200,,,,Database PID 109574 found in pg_stat_activity with state_change diff of 56,{},[],realtime,0,null,[],null
4df0e771-d2b4-40c9-9259-4bf9e849c7d0,"""2026-07-13T05:21:34.108Z""",2026-07-13T05:21:34.108000,error,200,,,,"ReplicationSlotBeingUsed: replication slot ""supabase_realtime_replication_slot_2_112_6_5042a0b"" is active for PID 109574",{},[],realtime,0,null,[],null
bfc85962-cd6d-4d32-a911-f602621cdca8,"""2026-07-13T05:21:33.435Z""",2026-07-13T05:21:33.435000,warning,200,,,,Database PID 109574 found in pg_stat_activity with state_change diff of 55,{},[],realtime,0,null,[],null
5f278e22-97e1-4f2d-bd6a-4a782e6b3bc2,"""2026-07-13T05:21:33.314Z""",2026-07-13T05:21:33.314000,error,200,,,,"ReplicationSlotBeingUsed: replication slot ""supabase_realtime_replication_slot_2_112_6_5042a0b"" is active for PID 109574",{},[],realtime,0,null,[],null
c345385b-d979-4bf1-913d-9dbc8a0c79eb,"""2026-07-13T05:21:32.831Z""",2026-07-13T05:21:32.831000,warning,200,,,,Database PID 109574 found in pg_stat_activity with state_change diff of 54,{},[],realtime,0,null,[],null
46e9dc07-2079-4b93-b04c-609864b72df6,"""2026-07-13T05:21:32.708Z""",2026-07-13T05:21:32.708000,error,200,,,,"ReplicationSlotBeingUsed: replication slot ""supabase_realtime_replication_slot_2_112_6_5042a0b"" is active for PID 109574",{},[],realtime,0,null,[],null
bd809247-4357-40c2-97b9-ccbce5d157c5,"""2026-07-13T05:21:32.187Z""",2026-07-13T05:21:32.187000,warning,200,,,,Database PID 109574 found in pg_stat_activity with state_change diff of 54,{},[],realtime,0,null,[],null
12c337e9-b830-4a50-8a41-8a5c19087acd,"""2026-07-13T05:21:32.066Z""",2026-07-13T05:21:32.066000,error,200,,,,"ReplicationSlotBeingUsed: replication slot ""supabase_realtime_replication_slot_2_112_6_5042a0b"" is active for PID 109574",{},[],realtime,0,null,[],null
4d758379-2b9e-47fc-94fa-7dcf448f5aa5,"""2026-07-13T05:21:31.533Z""",2026-07-13T05:21:31.533000,warning,200,,,,Database PID 109574 found in pg_stat_activity with state_change diff of 53,{},[],realtime,0,null,[],null
c0ceb28d-0a80-4288-a321-62fa49469e31,"""2026-07-13T05:21:31.412Z""",2026-07-13T05:21:31.412000,error,200,,,,"ReplicationSlotBeingUsed: replication slot ""supabase_realtime_replication_slot_2_112_6_5042a0b"" is active for PID 109574",{},[],realtime,0,null,[],null
abf008ff-9180-49e5-85a3-2bf1f2fdc651,"""2026-07-13T05:21:30.766Z""",2026-07-13T05:21:30.766000,warning,200,,,,Database PID 109574 found in pg_stat_activity with state_change diff of 52,{},[],realtime,0,null,[],null
9a1ccc7e-6b70-4b9b-a6e1-ec90aa56ca95,"""2026-07-13T05:21:30.645Z""",2026-07-13T05:21:30.645000,error,200,,,,"ReplicationSlotBeingUsed: replication slot ""supabase_realtime_replication_slot_2_112_6_5042a0b"" is active for PID 109574",{},[],realtime,0,null,[],null
0358d180-566a-4800-82be-353adc3e3987,"""2026-07-13T05:21:30.122Z""",2026-07-13T05:21:30.122000,warning,200,,,,Database PID 109574 found in pg_stat_activity with state_change diff of 52,{},[],realtime,0,null,[],null
13ac435d-8cfb-4689-ba00-a71c0516f81c,"""2026-07-13T05:21:30.001Z""",2026-07-13T05:21:30.001000,error,200,,,,"ReplicationSlotBeingUsed: replication slot ""supabase_realtime_replication_slot_2_112_6_5042a0b"" is active for PID 109574",{},[],realtime,0,null,[],null
c38fa3e8-6548-47df-97cd-c3c1070015d7,"""2026-07-13T05:21:29.442Z""",2026-07-13T05:21:29.442000,warning,200,,,,Database PID 109574 found in pg_stat_activity with state_change diff of 51,{},[],realtime,0,null,[],null
30e05985-2022-4342-9871-0ee7b110f618,"""2026-07-13T05:21:29.320Z""",2026-07-13T05:21:29.320000,error,200,,,,"ReplicationSlotBeingUsed: replication slot ""supabase_realtime_replication_slot_2_112_6_5042a0b"" is active for PID 109574",{},[],realtime,0,null,[],null
9bd505cb-8b02-4a2f-92b5-35f2fc604c64,"""2026-07-13T05:21:28.747Z""",2026-07-13T05:21:28.747000,warning,200,,,,Database PID 109574 found in pg_stat_activity with state_change diff of 50,{},[],realtime,0,null,[],null
94b23afc-dea7-4e2e-8c69-d3e84e66bf58,"""2026-07-13T05:21:28.625Z""",2026-07-13T05:21:28.625000,error,200,,,,"ReplicationSlotBeingUsed: replication slot ""supabase_realtime_replication_slot_2_112_6_5042a0b"" is active for PID 109574",{},[],realtime,0,null,[],null
8a800769-2aad-4014-8770-24de07b3dca4,"""2026-07-13T05:21:27.998Z""",2026-07-13T05:21:27.998000,warning,200,,,,Database PID 109574 found in pg_stat_activity with state_change diff of 50,{},[],realtime,0,null,[],null
9e0b22cc-324a-41aa-ada7-5945993bc477,"""2026-07-13T05:21:27.877Z""",2026-07-13T05:21:27.877000,error,200,,,,"ReplicationSlotBeingUsed: replication slot ""supabase_realtime_replication_slot_2_112_6_5042a0b"" is active for PID 109574",{},[],realtime,0,null,[],null
0da8f383-6f40-4cf3-a221-752b6840fbca,"""2026-07-13T05:21:27.316Z""",2026-07-13T05:21:27.316000,warning,200,,,,Database PID 109574 found in pg_stat_activity with state_change diff of 49,{},[],realtime,0,null,[],null
e7aa0a82-0cc2-4a52-b0a8-590874618235,"""2026-07-13T05:21:27.194Z""",2026-07-13T05:21:27.194000,error,200,,,,"ReplicationSlotBeingUsed: replication slot ""supabase_realtime_replication_slot_2_112_6_5042a0b"" is active for PID 109574",{},[],realtime,0,null,[],null
460c1fec-0e76-45da-936d-1323a0ec0b0f,"""2026-07-13T05:21:26.588Z""",2026-07-13T05:21:26.588000,warning,200,,,,Database PID 109574 found in pg_stat_activity with state_change diff of 48,{},[],realtime,0,null,[],null
ae6bec1e-0467-4d58-84d1-7c2c3ac96279,"""2026-07-13T05:21:26.466Z""",2026-07-13T05:21:26.466000,error,200,,,,"ReplicationSlotBeingUsed: replication slot ""supabase_realtime_replication_slot_2_112_6_5042a0b"" is active for PID 109574",{},[],realtime,0,null,[],null
3f7967c4-e866-4fba-a7f4-a9bbcd25dc63,"""2026-07-13T05:21:25.917Z""",2026-07-13T05:21:25.917000,warning,200,,,,Database PID 109574 found in pg_stat_activity with state_change diff of 48,{},[],realtime,0,null,[],null
71fcd444-8650-413e-add1-e14173418110,"""2026-07-13T05:21:25.795Z""",2026-07-13T05:21:25.795000,error,200,,,,"ReplicationSlotBeingUsed: replication slot ""supabase_realtime_replication_slot_2_112_6_5042a0b"" is active for PID 109574",{},[],realtime,0,null,[],null
a1539382-03de-4f91-a824-a4afd36574c3,"""2026-07-13T05:21:25.176Z""",2026-07-13T05:21:25.176000,warning,200,,,,Database PID 109574 found in pg_stat_activity with state_change diff of 47,{},[],realtime,0,null,[],null
5b5dcbad-e3a7-45a0-b8a3-26dfdd6ea692,"""2026-07-13T05:21:25.055Z""",2026-07-13T05:21:25.055000,error,200,,,,"ReplicationSlotBeingUsed: replication slot ""supabase_realtime_replication_slot_2_112_6_5042a0b"" is active for PID 109574",{},[],realtime,0,null,[],null
6871351a-a4df-4685-b11f-1e101bd2b9ca,"""2026-07-13T05:21:24.472Z""",2026-07-13T05:21:24.472000,warning,200,,,,Database PID 109574 found in pg_stat_activity with state_change diff of 46,{},[],realtime,0,null,[],null
3bbaf62d-979b-4d34-80e8-273a23279cbe,"""2026-07-13T05:21:24.350Z""",2026-07-13T05:21:24.350000,error,200,,,,"ReplicationSlotBeingUsed: replication slot ""supabase_realtime_replication_slot_2_112_6_5042a0b"" is active for PID 109574",{},[],realtime,0,null,[],null
37dca140-3a4e-4d93-a172-571ee81e9df1,"""2026-07-13T05:21:23.841Z""",2026-07-13T05:21:23.841000,warning,200,,,,Database PID 109574 found in pg_stat_activity with state_change diff of 45,{},[],realtime,0,null,[],null
5718f8b0-3e10-41ac-82d5-4b4f5f568696,"""2026-07-13T05:21:23.719Z""",2026-07-13T05:21:23.719000,error,200,,,,"ReplicationSlotBeingUsed: replication slot ""supabase_realtime_replication_slot_2_112_6_5042a0b"" is active for PID 109574",{},[],realtime,0,null,[],null
7c725c5d-a168-4f83-9115-20307a7d91b6,"""2026-07-13T05:21:23.112Z""",2026-07-13T05:21:23.112000,warning,200,,,,Database PID 109574 found in pg_stat_activity with state_change diff of 45,{},[],realtime,0,null,[],null
56335479-1e09-4698-a9e8-d01b7692da7f,"""2026-07-13T05:21:22.991Z""",2026-07-13T05:21:22.991000,error,200,,,,"ReplicationSlotBeingUsed: replication slot ""supabase_realtime_replication_slot_2_112_6_5042a0b"" is active for PID 109574",{},[],realtime,0,null,[],null
517dd789-9845-4793-8f4d-5c87b5d6f724,"""2026-07-13T05:21:22.498Z""",2026-07-13T05:21:22.498000,warning,200,,,,Database PID 109574 found in pg_stat_activity with state_change diff of 44,{},[],realtime,0,null,[],null
53a7a4bd-9b2e-4d14-99d2-b8d4dbcb7ece,"""2026-07-13T05:21:22.376Z""",2026-07-13T05:21:22.376000,error,200,,,,"ReplicationSlotBeingUsed: replication slot ""supabase_realtime_replication_slot_2_112_6_5042a0b"" is active for PID 109574",{},[],realtime,0,null,[],null
2ef13c82-c525-48b6-94b8-5d4f34e42b27,"""2026-07-13T05:21:21.824Z""",2026-07-13T05:21:21.824000,warning,200,,,,Database PID 109574 found in pg_stat_activity with state_change diff of 43,{},[],realtime,0,null,[],null
b101be36-d1e7-41f5-b23c-4122834d03f7,"""2026-07-13T05:21:21.702Z""",2026-07-13T05:21:21.702000,error,200,,,,"ReplicationSlotBeingUsed: replication slot ""supabase_realtime_replication_slot_2_112_6_5042a0b"" is active for PID 109574",{},[],realtime,0,null,[],null
847e1369-21d4-42aa-948e-5a103fd394ec,"""2026-07-13T05:21:21.141Z""",2026-07-13T05:21:21.141000,warning,200,,,,Database PID 109574 found in pg_stat_activity with state_change diff of 43,{},[],realtime,0,null,[],null
22d1ce90-e326-4632-b291-5d2c00cb7b3a,"""2026-07-13T05:21:21.019Z""",2026-07-13T05:21:21.019000,error,200,,,,"ReplicationSlotBeingUsed: replication slot ""supabase_realtime_replication_slot_2_112_6_5042a0b"" is active for PID 109574",{},[],realtime,0,null,[],null
2ab7b3f3-6c12-47d3-9e65-92bb6d2a9e34,"""2026-07-13T05:21:20.182Z""",2026-07-13T05:21:20.182000,warning,200,,,,Database PID 109574 found in pg_stat_activity with state_change diff of 42,{},[],realtime,0,null,[],null
8204771e-4ae6-4ef5-98dd-0b93960bfda9,"""2026-07-13T05:21:20.061Z""",2026-07-13T05:21:20.061000,error,200,,,,"ReplicationSlotBeingUsed: replication slot ""supabase_realtime_replication_slot_2_112_6_5042a0b"" is active for PID 109574",{},[],realtime,0,null,[],null
d2089d34-08fc-45c2-bb56-b288e8059eb1,"""2026-07-13T05:21:19.424Z""",2026-07-13T05:21:19.424000,warning,200,,,,Database PID 109574 found in pg_stat_activity with state_change diff of 41,{},[],realtime,0,null,[],null
148f4ac1-c08d-4c1a-aed3-98138ead4e4b,"""2026-07-13T05:21:19.303Z""",2026-07-13T05:21:19.303000,error,200,,,,"ReplicationSlotBeingUsed: replication slot ""supabase_realtime_replication_slot_2_112_6_5042a0b"" is active for PID 109574",{},[],realtime,0,null,[],null
a1c97741-8b6b-4bc0-85b2-2f6aeb073e92,"""2026-07-13T05:21:18.754Z""",2026-07-13T05:21:18.754000,warning,200,,,,Database PID 109574 found in pg_stat_activity with state_change diff of 40,{},[],realtime,0,null,[],null
cf07da4c-d609-4cdd-bbfc-d3ec74aae59e,"""2026-07-13T05:21:18.632Z""",2026-07-13T05:21:18.632000,error,200,,,,"ReplicationSlotBeingUsed: replication slot ""supabase_realtime_replication_slot_2_112_6_5042a0b"" is active for PID 109574",{},[],realtime,0,null,[],null
7daf6d48-ce41-467e-92a6-f2e67ad211bd,"""2026-07-13T05:21:17.737Z""",2026-07-13T05:21:17.737000,warning,200,,,,Database PID 109574 found in pg_stat_activity with state_change diff of 39,{},[],realtime,0,null,[],null
e2b0bb54-c73c-40e9-b55e-cf7f35cb38da,"""2026-07-13T05:21:17.616Z""",2026-07-13T05:21:17.616000,error,200,,,,"ReplicationSlotBeingUsed: replication slot ""supabase_realtime_replication_slot_2_112_6_5042a0b"" is active for PID 109574",{},[],realtime,0,null,[],null
38b89d80-1b7b-4f12-b713-f352936f5f3e,"""2026-07-13T05:21:17.078Z""",2026-07-13T05:21:17.078000,warning,200,,,,Database PID 109574 found in pg_stat_activity with state_change diff of 39,{},[],realtime,0,null,[],null
bfcbca7e-06a4-41cf-b153-e863d2fa38fb,"""2026-07-13T05:21:16.957Z""",2026-07-13T05:21:16.957000,error,200,,,,"ReplicationSlotBeingUsed: replication slot ""supabase_realtime_replication_slot_2_112_6_5042a0b"" is active for PID 109574",{},[],realtime,0,null,[],null
ca855c69-3af0-4bcb-950d-fa29f7fe5b98,"""2026-07-13T05:21:16.434Z""",2026-07-13T05:21:16.434000,warning,200,,,,Database PID 109574 found in pg_stat_activity with state_change diff of 38,{},[],realtime,0,null,[],null
36484cd3-b21f-49ca-a8d5-3dd23a345eee,"""2026-07-13T05:21:16.312Z""",2026-07-13T05:21:16.312000,error,200,,,,"ReplicationSlotBeingUsed: replication slot ""supabase_realtime_replication_slot_2_112_6_5042a0b"" is active for PID 109574",{},[],realtime,0,null,[],null
d9829ed1-655b-4bc7-a5fe-a0576853c92a,"""2026-07-13T05:21:15.671Z""",2026-07-13T05:21:15.671000,warning,200,,,,Database PID 109574 found in pg_stat_activity with state_change diff of 37,{},[],realtime,0,null,[],null
d621a521-0e8f-4076-a670-9e4466edca5c,"""2026-07-13T05:21:15.549Z""",2026-07-13T05:21:15.549000,error,200,,,,"ReplicationSlotBeingUsed: replication slot ""supabase_realtime_replication_slot_2_112_6_5042a0b"" is active for PID 109574",{},[],realtime,0,null,[],null
4bbd510a-434a-434f-ba91-b191f4ce90c7,"""2026-07-13T05:21:14.895Z""",2026-07-13T05:21:14.895000,warning,200,,,,Database PID 109574 found in pg_stat_activity with state_change diff of 37,{},[],realtime,0,null,[],null
bdbfaa27-8214-4829-ae63-69a90443a70f,"""2026-07-13T05:21:14.774Z""",2026-07-13T05:21:14.774000,error,200,,,,"ReplicationSlotBeingUsed: replication slot ""supabase_realtime_replication_slot_2_112_6_5042a0b"" is active for PID 109574",{},[],realtime,0,null,[],null
699a1792-68d0-4389-aff2-58f4cf7d077a,"""2026-07-13T05:21:14.276Z""",2026-07-13T05:21:14.276000,warning,200,,,,Database PID 109574 found in pg_stat_activity with state_change diff of 36,{},[],realtime,0,null,[],null
6c42da5c-a762-490c-a44e-3b9bc02e564f,"""2026-07-13T05:21:14.155Z""",2026-07-13T05:21:14.155000,error,200,,,,"ReplicationSlotBeingUsed: replication slot ""supabase_realtime_replication_slot_2_112_6_5042a0b"" is active for PID 109574",{},[],realtime,0,null,[],null
641e1203-26ef-41eb-bda8-14909651ab9d,"""2026-07-13T05:21:13.559Z""",2026-07-13T05:21:13.559000,warning,200,,,,Database PID 109574 found in pg_stat_activity with state_change diff of 35,{},[],realtime,0,null,[],null
201efdb1-4565-4b78-8649-06825edff81c,"""2026-07-13T05:21:13.437Z""",2026-07-13T05:21:13.437000,error,200,,,,"ReplicationSlotBeingUsed: replication slot ""supabase_realtime_replication_slot_2_112_6_5042a0b"" is active for PID 109574",{},[],realtime,0,null,[],null
1da91b3b-4b5d-4897-9833-d4cd574369c2,"""2026-07-13T05:21:12.805Z""",2026-07-13T05:21:12.805000,warning,200,,,,Database PID 109574 found in pg_stat_activity with state_change diff of 34,{},[],realtime,0,null,[],null
5a252ea4-8c6f-479a-851f-f4075192e11e,"""2026-07-13T05:21:12.683Z""",2026-07-13T05:21:12.683000,error,200,,,,"ReplicationSlotBeingUsed: replication slot ""supabase_realtime_replication_slot_2_112_6_5042a0b"" is active for PID 109574",{},[],realtime,0,null,[],null
d1e31b80-aadd-46e0-a80e-ed30b09de681,"""2026-07-13T05:21:12.215Z""",2026-07-13T05:21:12.215000,warning,200,,,,Database PID 109574 found in pg_stat_activity with state_change diff of 34,{},[],realtime,0,null,[],null
67d325c0-ac4e-4d8b-a90a-d78d81b9b5fb,"""2026-07-13T05:21:12.092Z""",2026-07-13T05:21:12.092000,error,200,,,,"ReplicationSlotBeingUsed: replication slot ""supabase_realtime_replication_slot_2_112_6_5042a0b"" is active for PID 109574",{},[],realtime,0,null,[],null
95d0916a-d482-4ba3-ae8c-aeb3b3aaea02,"""2026-07-13T05:21:11.573Z""",2026-07-13T05:21:11.573000,warning,200,,,,Database PID 109574 found in pg_stat_activity with state_change diff of 33,{},[],realtime,0,null,[],null
ae81b1e9-818d-4a49-962a-556fcdd71f57,"""2026-07-13T05:21:11.452Z""",2026-07-13T05:21:11.452000,error,200,,,,"ReplicationSlotBeingUsed: replication slot ""supabase_realtime_replication_slot_2_112_6_5042a0b"" is active for PID 109574",{},[],realtime,0,null,[],null
da83a3d1-2367-4f7d-a9a7-19d066888d67,"""2026-07-13T05:21:10.942Z""",2026-07-13T05:21:10.942000,warning,200,,,,Database PID 109574 found in pg_stat_activity with state_change diff of 33,{},[],realtime,0,null,[],null
fddb3712-fb06-40df-9ddf-081df0a6dbd6,"""2026-07-13T05:21:10.820Z""",2026-07-13T05:21:10.820000,error,200,,,,"ReplicationSlotBeingUsed: replication slot ""supabase_realtime_replication_slot_2_112_6_5042a0b"" is active for PID 109574",{},[],realtime,0,null,[],null
ac460fda-3c14-4fdb-a9fa-fcc49e9730fb,"""2026-07-13T05:21:10.195Z""",2026-07-13T05:21:10.195000,warning,200,,,,Database PID 109574 found in pg_stat_activity with state_change diff of 32,{},[],realtime,0,null,[],null
9e079453-4e21-4712-ba73-a670c8759fb1,"""2026-07-13T05:21:10.073Z""",2026-07-13T05:21:10.073000,error,200,,,,"ReplicationSlotBeingUsed: replication slot ""supabase_realtime_replication_slot_2_112_6_5042a0b"" is active for PID 109574",{},[],realtime,0,null,[],null
744cc7a2-b5d7-45a8-85e0-6a7a07c45202,"""2026-07-13T05:21:09.382Z""",2026-07-13T05:21:09.382000,warning,200,,,,Database PID 109574 found in pg_stat_activity with state_change diff of 31,{},[],realtime,0,null,[],null
f28e58f3-efe4-43cb-9aef-549cd66ecc76,"""2026-07-13T05:21:09.260Z""",2026-07-13T05:21:09.260000,error,200,,,,"ReplicationSlotBeingUsed: replication slot ""supabase_realtime_replication_slot_2_112_6_5042a0b"" is active for PID 109574",{},[],realtime,0,null,[],null
13aa80cc-e4da-4900-a6f8-fb540256fc15,"""2026-07-13T05:21:08.571Z""",2026-07-13T05:21:08.571000,warning,200,,,,Database PID 109574 found in pg_stat_activity with state_change diff of 30,{},[],realtime,0,null,[],null
278d04fa-a2d4-4d3f-a84a-44bf5eb264ed,"""2026-07-13T05:21:08.442Z""",2026-07-13T05:21:08.442000,error,200,,,,"ReplicationSlotBeingUsed: replication slot ""supabase_realtime_replication_slot_2_112_6_5042a0b"" is active for PID 109574",{},[],realtime,0,null,[],null
8d9b67c3-823d-4581-80e6-03acf2fa20a0,"""2026-07-13T05:21:07.749Z""",2026-07-13T05:21:07.749000,warning,200,,,,Database PID 109574 found in pg_stat_activity with state_change diff of 29,{},[],realtime,0,null,[],null
592c9cf6-31dc-41af-9ab5-911445d3599a,"""2026-07-13T05:21:07.628Z""",2026-07-13T05:21:07.628000,error,200,,,,"ReplicationSlotBeingUsed: replication slot ""supabase_realtime_replication_slot_2_112_6_5042a0b"" is active for PID 109574",{},[],realtime,0,null,[],null
d5461927-4ba0-4956-bd42-c4084fd5d5d6,"""2026-07-13T05:21:06.960Z""",2026-07-13T05:21:06.960000,warning,200,,,,Database PID 109574 found in pg_stat_activity with state_change diff of 29,{},[],realtime,0,null,[],null
59217574-3afc-4819-9d47-c8ab53cf0219,"""2026-07-13T05:21:06.839Z""",2026-07-13T05:21:06.839000,error,200,,,,"ReplicationSlotBeingUsed: replication slot ""supabase_realtime_replication_slot_2_112_6_5042a0b"" is active for PID 109574",{},[],realtime,0,null,[],null
4983ea72-0876-482a-8dbb-8c13372e72fb,"""2026-07-13T05:21:05.522Z""",2026-07-13T05:21:05.522000,warning,200,,,,Database PID 109574 found in pg_stat_activity with state_change diff of 27,{},[],realtime,0,null,[],null
d621cca2-7361-490d-9fa2-9e11c0bce3fe,"""2026-07-13T05:21:04.880Z""",2026-07-13T05:21:04.880000,error,200,,,,"ReplicationSlotBeingUsed: replication slot ""supabase_realtime_replication_slot_2_112_6_5042a0b"" is active for PID 109574",{},[],realtime,0,null,[],null
55ac8ede-3c74-4b86-82d5-46a5839848e4,"""2026-07-13T05:20:53.928Z""",2026-07-13T05:20:53.928000,error,25P03,,,,terminating connection due to idle-in-transaction timeout,{},[],postgres,0,null,[],null
d3f39dd1-19f8-4b7e-9562-768957d5235c,"""2026-07-13T05:20:53.847Z""",2026-07-13T05:20:53.847000,error,25P03,,,,terminating connection due to idle-in-transaction timeout,{},[],postgres,0,null,[],null
e244191f-1bca-4bd2-8597-72068ea9d35f,"""2026-07-13T05:20:14.615Z""",2026-07-13T05:20:14.615000,error,08006,,,,connection to client lost,{},[],postgres,0,null,[],null
e7ac060d-88bf-4c61-af04-a195011ace4a,"""2026-07-13T05:20:12.814Z""",2026-07-13T05:20:12.814000,warning,200,,,,Database PID 107012 found in pg_stat_activity with state_change diff of 90,{},[],realtime,0,null,[],null
b6ccf380-ca5c-49c0-ba21-9d7becd87a74,"""2026-07-13T05:20:12.692Z""",2026-07-13T05:20:12.692000,error,200,,,,"ReplicationSlotBeingUsed: replication slot ""supabase_realtime_replication_slot_2_112_6_5042a0b"" is active for PID 107012",{},[],realtime,0,null,[],null
828236e7-fdb0-4764-b716-0d389bc87d5f,"""2026-07-13T05:20:12.089Z""",2026-07-13T05:20:12.089000,warning,200,,,,Database PID 107012 found in pg_stat_activity with state_change diff of 89,{},[],realtime,0,null,[],null
538838e7-cf47-47ff-b556-974840dae88f,"""2026-07-13T05:20:11.967Z""",2026-07-13T05:20:11.967000,error,200,,,,"ReplicationSlotBeingUsed: replication slot ""supabase_realtime_replication_slot_2_112_6_5042a0b"" is active for PID 107012",{},[],realtime,0,null,[],null
cf349524-5495-4ca5-9760-49cb6a577463,"""2026-07-13T05:20:11.370Z""",2026-07-13T05:20:11.370000,warning,200,,,,Database PID 107012 found in pg_stat_activity with state_change diff of 88,{},[],realtime,0,null,[],null
36dff5fc-04cb-41e6-8255-a4ab594a98f5,"""2026-07-13T05:20:11.248Z""",2026-07-13T05:20:11.248000,error,200,,,,"ReplicationSlotBeingUsed: replication slot ""supabase_realtime_replication_slot_2_112_6_5042a0b"" is active for PID 107012",{},[],realtime,0,null,[],null
65f8ea48-6666-4420-a29c-7a2fddae6b20,"""2026-07-13T05:20:10.603Z""",2026-07-13T05:20:10.603000,warning,200,,,,Database PID 107012 found in pg_stat_activity with state_change diff of 87,{},[],realtime,0,null,[],null
27a0ce5f-4e16-4e6e-860f-43bbe796ebc6,"""2026-07-13T05:20:10.481Z""",2026-07-13T05:20:10.481000,error,200,,,,"ReplicationSlotBeingUsed: replication slot ""supabase_realtime_replication_slot_2_112_6_5042a0b"" is active for PID 107012",{},[],realtime,0,null,[],null
8e750020-3b0f-4f9a-b538-8642dd07a25c,"""2026-07-13T05:20:09.861Z""",2026-07-13T05:20:09.861000,warning,200,,,,Database PID 107012 found in pg_stat_activity with state_change diff of 87,{},[],realtime,0,null,[],null
4a179d3e-6f5d-48a5-99f3-94dad513dc95,"""2026-07-13T05:20:09.739Z""",2026-07-13T05:20:09.739000,error,200,,,,"ReplicationSlotBeingUsed: replication slot ""supabase_realtime_replication_slot_2_112_6_5042a0b"" is active for PID 107012",{},[],realtime,0,null,[],null
8d80d104-999c-4d5b-9726-dc50d9515afb,"""2026-07-13T05:20:09.152Z""",2026-07-13T05:20:09.152000,warning,200,,,,Database PID 107012 found in pg_stat_activity with state_change diff of 86,{},[],realtime,0,null,[],null
4c89fd2b-5b59-4595-bd92-79c74cd5cee2,"""2026-07-13T05:20:09.029Z""",2026-07-13T05:20:09.029000,error,200,,,,"ReplicationSlotBeingUsed: replication slot ""supabase_realtime_replication_slot_2_112_6_5042a0b"" is active for PID 107012",{},[],realtime,0,null,[],null
69996284-acdd-4221-9ccc-ea0a88d366af,"""2026-07-13T05:20:08.385Z""",2026-07-13T05:20:08.385000,warning,200,,,,Database PID 107012 found in pg_stat_activity with state_change diff of 85,{},[],realtime,0,null,[],null
ed393a20-2d11-47d3-a9c7-80cba7e0d827,"""2026-07-13T05:20:08.263Z""",2026-07-13T05:20:08.263000,error,200,,,,"ReplicationSlotBeingUsed: replication slot ""supabase_realtime_replication_slot_2_112_6_5042a0b"" is active for PID 107012",{},[],realtime,0,null,[],null
fff69f04-3761-48ec-8256-5320096bbc08,"""2026-07-13T05:20:07.615Z""",2026-07-13T05:20:07.615000,warning,200,,,,Database PID 107012 found in pg_stat_activity with state_change diff of 84,{},[],realtime,0,null,[],null
6c14f4d1-6e26-4e4a-aa1a-1d71b67925b7,"""2026-07-13T05:20:07.493Z""",2026-07-13T05:20:07.493000,error,200,,,,"ReplicationSlotBeingUsed: replication slot ""supabase_realtime_replication_slot_2_112_6_5042a0b"" is active for PID 107012",{},[],realtime,0,null,[],null
1a15b71f-1eef-4d23-b8f6-1fe0c8daaf1e,"""2026-07-13T05:20:06.836Z""",2026-07-13T05:20:06.836000,warning,200,,,,Database PID 107012 found in pg_stat_activity with state_change diff of 84,{},[],realtime,0,null,[],null
dd2e4bfa-bd51-4950-9007-cbb8b9f748e0,"""2026-07-13T05:20:06.713Z""",2026-07-13T05:20:06.713000,error,200,,,,"ReplicationSlotBeingUsed: replication slot ""supabase_realtime_replication_slot_2_112_6_5042a0b"" is active for PID 107012",{},[],realtime,0,null,[],null
c3710783-7f44-4c85-8570-b862dce5a233,"""2026-07-13T05:20:06.073Z""",2026-07-13T05:20:06.073000,warning,200,,,,Database PID 107012 found in pg_stat_activity with state_change diff of 83,{},[],realtime,0,null,[],null
868b1c01-643d-43a4-86a0-c1bb42c562aa,"""2026-07-13T05:20:05.951Z""",2026-07-13T05:20:05.951000,error,200,,,,"ReplicationSlotBeingUsed: replication slot ""supabase_realtime_replication_slot_2_112_6_5042a0b"" is active for PID 107012",{},[],realtime,0,null,[],null
f91d07a5-2446-4196-a42c-130a8538f723,"""2026-07-13T05:20:05.403Z""",2026-07-13T05:20:05.403000,warning,200,,,,Database PID 107012 found in pg_stat_activity with state_change diff of 82,{},[],realtime,0,null,[],null
3b2068ee-579e-4851-bb2f-fdb6bdd4a58d,"""2026-07-13T05:20:05.281Z""",2026-07-13T05:20:05.281000,error,200,,,,"ReplicationSlotBeingUsed: replication slot ""supabase_realtime_replication_slot_2_112_6_5042a0b"" is active for PID 107012",{},[],realtime,0,null,[],null
694ae4ec-b3f6-46fe-9314-b33441f8fb1c,"""2026-07-13T05:20:04.775Z""",2026-07-13T05:20:04.775000,warning,200,,,,Database PID 107012 found in pg_stat_activity with state_change diff of 82,{},[],realtime,0,null,[],null
16300197-ec8d-49b8-845c-3eff182de170,"""2026-07-13T05:20:04.653Z""",2026-07-13T05:20:04.653000,error,200,,,,"ReplicationSlotBeingUsed: replication slot ""supabase_realtime_replication_slot_2_112_6_5042a0b"" is active for PID 107012",{},[],realtime,0,null,[],null
3f40d556-2115-4e52-b9ab-ef0ab768a3f9,"""2026-07-13T05:20:04.067Z""",2026-07-13T05:20:04.067000,warning,200,,,,Database PID 107012 found in pg_stat_activity with state_change diff of 81,{},[],realtime,0,null,[],null
7cb684fa-80fc-4bc8-a5e5-794cb4aa119e,"""2026-07-13T05:20:03.945Z""",2026-07-13T05:20:03.945000,error,200,,,,"ReplicationSlotBeingUsed: replication slot ""supabase_realtime_replication_slot_2_112_6_5042a0b"" is active for PID 107012",{},[],realtime,0,null,[],null
5ac66b99-a8ce-4718-8e86-07d19c59193d,"""2026-07-13T05:20:03.439Z""",2026-07-13T05:20:03.439000,warning,200,,,,Database PID 107012 found in pg_stat_activity with state_change diff of 80,{},[],realtime,0,null,[],null
9df97351-41a5-44ff-951f-cadcdbfb5c3d,"""2026-07-13T05:20:03.317Z""",2026-07-13T05:20:03.317000,error,200,,,,"ReplicationSlotBeingUsed: replication slot ""supabase_realtime_replication_slot_2_112_6_5042a0b"" is active for PID 107012",{},[],realtime,0,null,[],null
0554861c-9de5-4c77-829d-7b8646524ffb,"""2026-07-13T05:20:02.800Z""",2026-07-13T05:20:02.800000,warning,200,,,,Database PID 107012 found in pg_stat_activity with state_change diff of 80,{},[],realtime,0,null,[],null
e01156b6-2a0b-4d8b-9df5-9d9afac6705d,"""2026-07-13T05:20:02.678Z""",2026-07-13T05:20:02.678000,error,200,,,,"ReplicationSlotBeingUsed: replication slot ""supabase_realtime_replication_slot_2_112_6_5042a0b"" is active for PID 107012",{},[],realtime,0,null,[],null
e5ad56fd-e490-40b1-8390-46640a5dcc03,"""2026-07-13T05:20:02.070Z""",2026-07-13T05:20:02.070000,warning,200,,,,Database PID 107012 found in pg_stat_activity with state_change diff of 79,{},[],realtime,0,null,[],null
a0f3bfef-8c8a-45c5-b544-a10695729e42,"""2026-07-13T05:20:01.948Z""",2026-07-13T05:20:01.948000,error,200,,,,"ReplicationSlotBeingUsed: replication slot ""supabase_realtime_replication_slot_2_112_6_5042a0b"" is active for PID 107012",{},[],realtime,0,null,[],null
52d97344-04ea-4b7b-b4d0-f53754cf6b2d,"""2026-07-13T05:20:01.328Z""",2026-07-13T05:20:01.328000,warning,200,,,,Database PID 107012 found in pg_stat_activity with state_change diff of 78,{},[],realtime,0,null,[],null
7403d9ed-06e2-41ec-ae29-67eb294fa767,"""2026-07-13T05:20:01.206Z""",2026-07-13T05:20:01.206000,error,200,,,,"ReplicationSlotBeingUsed: replication slot ""supabase_realtime_replication_slot_2_112_6_5042a0b"" is active for PID 107012",{},[],realtime,0,null,[],null
0d918277-4388-461e-955f-f4169b34717d,"""2026-07-13T05:20:00.413Z""",2026-07-13T05:20:00.413000,warning,200,,,,Database PID 107012 found in pg_stat_activity with state_change diff of 77,{},[],realtime,0,null,[],null
1b21f98d-59a4-4bf6-8827-94e42e9f2d60,"""2026-07-13T05:20:00.291Z""",2026-07-13T05:20:00.291000,error,200,,,,"ReplicationSlotBeingUsed: replication slot ""supabase_realtime_replication_slot_2_112_6_5042a0b"" is active for PID 107012",{},[],realtime,0,null,[],null
d3c5fd3d-f070-47ef-9bcc-320308a87375,"""2026-07-13T05:19:59.801Z""",2026-07-13T05:19:59.801000,warning,200,,,,Database PID 107012 found in pg_stat_activity with state_change diff of 77,{},[],realtime,0,null,[],null
b8200c0e-cca7-47cb-99ea-cba541c0a8ab,"""2026-07-13T05:19:59.679Z""",2026-07-13T05:19:59.679000,error,200,,,,"ReplicationSlotBeingUsed: replication slot ""supabase_realtime_replication_slot_2_112_6_5042a0b"" is active for PID 107012",{},[],realtime,0,null,[],null
d1e521fc-02f3-4dc2-a0b6-85b5e335c0b6,"""2026-07-13T05:19:59.067Z""",2026-07-13T05:19:59.067000,warning,200,,,,Database PID 107012 found in pg_stat_activity with state_change diff of 76,{},[],realtime,0,null,[],null
adf22995-1069-43ce-b51a-b00d5833f046,"""2026-07-13T05:19:58.945Z""",2026-07-13T05:19:58.945000,error,200,,,,"ReplicationSlotBeingUsed: replication slot ""supabase_realtime_replication_slot_2_112_6_5042a0b"" is active for PID 107012",{},[],realtime,0,null,[],null
002aa64c-8e90-46a6-a5d1-a0450a3891d0,"""2026-07-13T05:19:58.292Z""",2026-07-13T05:19:58.292000,warning,200,,,,Database PID 107012 found in pg_stat_activity with state_change diff of 75,{},[],realtime,0,null,[],null
7c62fe5c-a5b6-43a8-a394-7b669f959c7e,"""2026-07-13T05:19:58.170Z""",2026-07-13T05:19:58.170000,error,200,,,,"ReplicationSlotBeingUsed: replication slot ""supabase_realtime_replication_slot_2_112_6_5042a0b"" is active for PID 107012",{},[],realtime,0,null,[],null
f3b77ae6-95a9-4575-9c90-d0cc4923d18f,"""2026-07-13T05:19:57.577Z""",2026-07-13T05:19:57.577000,warning,200,,,,Database PID 107012 found in pg_stat_activity with state_change diff of 74,{},[],realtime,0,null,[],null
9ac8edcb-5895-4aca-99ca-28a6a3f15fc7,"""2026-07-13T05:19:57.455Z""",2026-07-13T05:19:57.455000,error,200,,,,"ReplicationSlotBeingUsed: replication slot ""supabase_realtime_replication_slot_2_112_6_5042a0b"" is active for PID 107012",{},[],realtime,0,null,[],null
02f0a0f8-6418-4041-8f4a-a22f65bf4591,"""2026-07-13T05:19:56.887Z""",2026-07-13T05:19:56.887000,warning,200,,,,Database PID 107012 found in pg_stat_activity with state_change diff of 74,{},[],realtime,0,null,[],null
37bc2de1-605f-4856-a658-68647e0ea078,"""2026-07-13T05:19:56.765Z""",2026-07-13T05:19:56.765000,error,200,,,,"ReplicationSlotBeingUsed: replication slot ""supabase_realtime_replication_slot_2_112_6_5042a0b"" is active for PID 107012",{},[],realtime,0,null,[],null
47941a77-bca0-4938-80af-59f9d8781fec,"""2026-07-13T05:19:56.101Z""",2026-07-13T05:19:56.101000,warning,200,,,,Database PID 107012 found in pg_stat_activity with state_change diff of 73,{},[],realtime,0,null,[],null
977ef264-fc18-4d39-8c0b-84b882f51aa4,"""2026-07-13T05:19:55.978Z""",2026-07-13T05:19:55.978000,error,200,,,,"ReplicationSlotBeingUsed: replication slot ""supabase_realtime_replication_slot_2_112_6_5042a0b"" is active for PID 107012",{},[],realtime,0,null,[],null
82bfe0c0-8ffc-4061-a391-22ada528957d,"""2026-07-13T05:19:55.441Z""",2026-07-13T05:19:55.441000,warning,200,,,,Database PID 107012 found in pg_stat_activity with state_change diff of 72,{},[],realtime,0,null,[],null
bd38f975-7c67-4b0b-8907-b14222d33c0e,"""2026-07-13T05:19:55.318Z""",2026-07-13T05:19:55.318000,error,200,,,,"ReplicationSlotBeingUsed: replication slot ""supabase_realtime_replication_slot_2_112_6_5042a0b"" is active for PID 107012",{},[],realtime,0,null,[],null
207ce0e7-9c23-45a9-9309-6a77d549c0a8,"""2026-07-13T05:19:54.677Z""",2026-07-13T05:19:54.677000,warning,200,,,,Database PID 107012 found in pg_stat_activity with state_change diff of 71,{},[],realtime,0,null,[],null
fe45d9a6-0c7d-4139-be32-470a93074b8a,"""2026-07-13T05:19:54.555Z""",2026-07-13T05:19:54.555000,error,200,,,,"ReplicationSlotBeingUsed: replication slot ""supabase_realtime_replication_slot_2_112_6_5042a0b"" is active for PID 107012",{},[],realtime,0,null,[],null
26fd21af-d3d3-4af8-a464-e5790a96610f,"""2026-07-13T05:19:53.931Z""",2026-07-13T05:19:53.931000,warning,200,,,,Database PID 107012 found in pg_stat_activity with state_change diff of 71,{},[],realtime,0,null,[],null
59d4878d-74f6-4342-abf6-b36aa17a27b1,"""2026-07-13T05:19:53.809Z""",2026-07-13T05:19:53.809000,error,200,,,,"ReplicationSlotBeingUsed: replication slot ""supabase_realtime_replication_slot_2_112_6_5042a0b"" is active for PID 107012",{},[],realtime,0,null,[],null
194f202e-8734-4cee-be54-5cd394167659,"""2026-07-13T05:19:53.076Z""",2026-07-13T05:19:53.076000,warning,200,,,,Database PID 107012 found in pg_stat_activity with state_change diff of 70,{},[],realtime,0,null,[],null
a7cc2181-9127-43b8-9d7b-b1c551406002,"""2026-07-13T05:19:52.954Z""",2026-07-13T05:19:52.954000,error,200,,,,"ReplicationSlotBeingUsed: replication slot ""supabase_realtime_replication_slot_2_112_6_5042a0b"" is active for PID 107012",{},[],realtime,0,null,[],null
4ea675f3-48d0-4a06-8c51-c5766584443e,"""2026-07-13T05:19:52.452Z""",2026-07-13T05:19:52.452000,warning,200,,,,Database PID 107012 found in pg_stat_activity with state_change diff of 69,{},[],realtime,0,null,[],null
3d31de10-af73-422b-b520-73347dc6e8a8,"""2026-07-13T05:19:52.330Z""",2026-07-13T05:19:52.330000,error,200,,,,"ReplicationSlotBeingUsed: replication slot ""supabase_realtime_replication_slot_2_112_6_5042a0b"" is active for PID 107012",{},[],realtime,0,null,[],null
8c5e5024-c415-4c5b-9b25-6fd47d6f65c9,"""2026-07-13T05:19:51.790Z""",2026-07-13T05:19:51.790000,warning,200,,,,Database PID 107012 found in pg_stat_activity with state_change diff of 69,{},[],realtime,0,null,[],null
b1e76c20-e574-42f8-8c31-61e0d7eb234b,"""2026-07-13T05:19:51.667Z""",2026-07-13T05:19:51.667000,error,200,,,,"ReplicationSlotBeingUsed: replication slot ""supabase_realtime_replication_slot_2_112_6_5042a0b"" is active for PID 107012",{},[],realtime,0,null,[],null
2f726d8a-95fe-4e20-b7cd-dd7b036a9f16,"""2026-07-13T05:19:51.136Z""",2026-07-13T05:19:51.136000,warning,200,,,,Database PID 107012 found in pg_stat_activity with state_change diff of 68,{},[],realtime,0,null,[],null
46c0bf0e-67e0-4631-9a4d-d5795cb88d1e,"""2026-07-13T05:19:51.014Z""",2026-07-13T05:19:51.014000,error,200,,,,"ReplicationSlotBeingUsed: replication slot ""supabase_realtime_replication_slot_2_112_6_5042a0b"" is active for PID 107012",{},[],realtime,0,null,[],null
07ccd312-2249-4669-8061-aaab98be4190,"""2026-07-13T05:19:50.335Z""",2026-07-13T05:19:50.335000,warning,200,,,,Database PID 107012 found in pg_stat_activity with state_change diff of 67,{},[],realtime,0,null,[],null
a693ad25-7fd6-4e5f-b704-897957329e44,"""2026-07-13T05:19:50.213Z""",2026-07-13T05:19:50.213000,error,200,,,,"ReplicationSlotBeingUsed: replication slot ""supabase_realtime_replication_slot_2_112_6_5042a0b"" is active for PID 107012",{},[],realtime,0,null,[],null
6a62dd54-de7c-428d-bf9d-35b5f56be98e,"""2026-07-13T05:19:49.581Z""",2026-07-13T05:19:49.581000,warning,200,,,,Database PID 107012 found in pg_stat_activity with state_change diff of 66,{},[],realtime,0,null,[],null
766d3cc2-99c4-4fbd-b23d-5f9b2171217c,"""2026-07-13T05:19:49.459Z""",2026-07-13T05:19:49.459000,error,200,,,,"ReplicationSlotBeingUsed: replication slot ""supabase_realtime_replication_slot_2_112_6_5042a0b"" is active for PID 107012",{},[],realtime,0,null,[],null
44cc25ff-750c-404d-a1aa-1a3a4337d369,"""2026-07-13T05:19:48.789Z""",2026-07-13T05:19:48.789000,warning,200,,,,Database PID 107012 found in pg_stat_activity with state_change diff of 66,{},[],realtime,0,null,[],null
1c9c90e3-3210-453a-973e-814d3ac44086,"""2026-07-13T05:19:48.667Z""",2026-07-13T05:19:48.667000,error,200,,,,"ReplicationSlotBeingUsed: replication slot ""supabase_realtime_replication_slot_2_112_6_5042a0b"" is active for PID 107012",{},[],realtime,0,null,[],null
8e2de0fd-93b8-4c2e-9681-5bb72fc6eb33,"""2026-07-13T05:19:48.014Z""",2026-07-13T05:19:48.014000,warning,200,,,,Database PID 107012 found in pg_stat_activity with state_change diff of 65,{},[],realtime,0,null,[],null
c795e9fc-bd20-4591-b763-c6df97c282a8,"""2026-07-13T05:19:47.892Z""",2026-07-13T05:19:47.892000,error,200,,,,"ReplicationSlotBeingUsed: replication slot ""supabase_realtime_replication_slot_2_112_6_5042a0b"" is active for PID 107012",{},[],realtime,0,null,[],null
407b06cb-a847-4a92-8381-1455ea990ab2,"""2026-07-13T05:19:47.223Z""",2026-07-13T05:19:47.223000,warning,200,,,,Database PID 107012 found in pg_stat_activity with state_change diff of 64,{},[],realtime,0,null,[],null
ee0448dd-3b85-4552-8604-30b08c3c2dd2,"""2026-07-13T05:19:47.098Z""",2026-07-13T05:19:47.098000,error,200,,,,"ReplicationSlotBeingUsed: replication slot ""supabase_realtime_replication_slot_2_112_6_5042a0b"" is active for PID 107012",{},[],realtime,0,null,[],null
431408b6-1555-49b7-a184-2e64351c4d85,"""2026-07-13T05:19:46.592Z""",2026-07-13T05:19:46.592000,warning,200,,,,Database PID 107012 found in pg_stat_activity with state_change diff of 63,{},[],realtime,0,null,[],null
ffe4d65e-2dd8-4aec-9353-86c24193b528,"""2026-07-13T05:19:46.470Z""",2026-07-13T05:19:46.470000,error,200,,,,"ReplicationSlotBeingUsed: replication slot ""supabase_realtime_replication_slot_2_112_6_5042a0b"" is active for PID 107012",{},[],realtime,0,null,[],null
809ca915-ed68-41ca-ac5f-d7281de11d46,"""2026-07-13T05:19:45.807Z""",2026-07-13T05:19:45.807000,warning,200,,,,Database PID 107012 found in pg_stat_activity with state_change diff of 63,{},[],realtime,0,null,[],null
be65ea25-5e2b-4cc7-b52f-bb404f08bf41,"""2026-07-13T05:19:45.685Z""",2026-07-13T05:19:45.685000,error,200,,,,"ReplicationSlotBeingUsed: replication slot ""supabase_realtime_replication_slot_2_112_6_5042a0b"" is active for PID 107012",{},[],realtime,0,null,[],null
e3111861-6591-44c2-90c6-2cb08a6f42a9,"""2026-07-13T05:19:45.035Z""",2026-07-13T05:19:45.035000,warning,200,,,,Database PID 107012 found in pg_stat_activity with state_change diff of 62,{},[],realtime,0,null,[],null
7b4459a0-d5d3-466f-9278-c51160aa52eb,"""2026-07-13T05:19:44.913Z""",2026-07-13T05:19:44.913000,error,200,,,,"ReplicationSlotBeingUsed: replication slot ""supabase_realtime_replication_slot_2_112_6_5042a0b"" is active for PID 107012",{},[],realtime,0,null,[],null
353cc556-1087-4e60-821d-8c76529e5650,"""2026-07-13T05:19:44.363Z""",2026-07-13T05:19:44.363000,warning,200,,,,Database PID 107012 found in pg_stat_activity with state_change diff of 61,{},[],realtime,0,null,[],null
c529b1d7-7885-4436-a41f-76c1b2f3cd9f,"""2026-07-13T05:19:44.241Z""",2026-07-13T05:19:44.241000,error,200,,,,"ReplicationSlotBeingUsed: replication slot ""supabase_realtime_replication_slot_2_112_6_5042a0b"" is active for PID 107012",{},[],realtime,0,null,[],null
75b72ab3-81bf-4162-98a2-dc67d7551499,"""2026-07-13T05:19:43.696Z""",2026-07-13T05:19:43.696000,warning,200,,,,Database PID 107012 found in pg_stat_activity with state_change diff of 60,{},[],realtime,0,null,[],null
0c9e34d8-507e-4e59-b5b1-60c21519f468,"""2026-07-13T05:19:43.574Z""",2026-07-13T05:19:43.574000,error,200,,,,"ReplicationSlotBeingUsed: replication slot ""supabase_realtime_replication_slot_2_112_6_5042a0b"" is active for PID 107012",{},[],realtime,0,null,[],null
52137bba-f02d-4aa9-bf82-cff083d5fd82,"""2026-07-13T05:19:42.909Z""",2026-07-13T05:19:42.909000,warning,200,,,,Database PID 107012 found in pg_stat_activity with state_change diff of 60,{},[],realtime,0,null,[],null
2fdc4a97-c82d-40d8-b92d-422b3626ba0c,"""2026-07-13T05:19:42.787Z""",2026-07-13T05:19:42.787000,error,200,,,,"ReplicationSlotBeingUsed: replication slot ""supabase_realtime_replication_slot_2_112_6_5042a0b"" is active for PID 107012",{},[],realtime,0,null,[],null
b25e0cd4-806f-4c9f-9c08-e8c264a4ae79,"""2026-07-13T05:19:42.283Z""",2026-07-13T05:19:42.283000,warning,200,,,,Database PID 107012 found in pg_stat_activity with state_change diff of 59,{},[],realtime,0,null,[],null
177a387a-e608-404c-b7ae-43f818ba8494,"""2026-07-13T05:19:42.161Z""",2026-07-13T05:19:42.161000,error,200,,,,"ReplicationSlotBeingUsed: replication slot ""supabase_realtime_replication_slot_2_112_6_5042a0b"" is active for PID 107012",{},[],realtime,0,null,[],null
5b6adfb4-a303-4dc6-b1d2-ce54d76d4175,"""2026-07-13T05:19:41.504Z""",2026-07-13T05:19:41.504000,warning,200,,,,Database PID 107012 found in pg_stat_activity with state_change diff of 58,{},[],realtime,0,null,[],null
57ae3f70-e26e-4f8b-b96f-6c318ce2d75a,"""2026-07-13T05:19:41.382Z""",2026-07-13T05:19:41.382000,error,200,,,,"ReplicationSlotBeingUsed: replication slot ""supabase_realtime_replication_slot_2_112_6_5042a0b"" is active for PID 107012",{},[],realtime,0,null,[],null
525f9689-4883-4a78-b165-1f141d1731fa,"""2026-07-13T05:19:40.813Z""",2026-07-13T05:19:40.813000,warning,200,,,,Database PID 107012 found in pg_stat_activity with state_change diff of 58,{},[],realtime,0,null,[],null
aff3085c-3f50-40fb-9887-78e65892a6d5,"""2026-07-13T05:19:40.691Z""",2026-07-13T05:19:40.691000,error,200,,,,"ReplicationSlotBeingUsed: replication slot ""supabase_realtime_replication_slot_2_112_6_5042a0b"" is active for PID 107012",{},[],realtime,0,null,[],null
bc143ba6-5e2e-4e26-bf49-e302f7daa352,"""2026-07-13T05:19:40.031Z""",2026-07-13T05:19:40.031000,warning,200,,,,Database PID 107012 found in pg_stat_activity with state_change diff of 57,{},[],realtime,0,null,[],null
ca355751-d5d8-4396-bc2a-985bc74d8579,"""2026-07-13T05:19:39.908Z""",2026-07-13T05:19:39.908000,error,200,,,,"ReplicationSlotBeingUsed: replication slot ""supabase_realtime_replication_slot_2_112_6_5042a0b"" is active for PID 107012",{},[],realtime,0,null,[],null
d9b579f7-c0f2-4ac1-a454-623d0560900c,"""2026-07-13T05:19:39.406Z""",2026-07-13T05:19:39.406000,warning,200,,,,Database PID 107012 found in pg_stat_activity with state_change diff of 56,{},[],realtime,0,null,[],null
34e2e622-fcdc-42fc-a973-578008b91c80,"""2026-07-13T05:19:39.283Z""",2026-07-13T05:19:39.283000,error,200,,,,"ReplicationSlotBeingUsed: replication slot ""supabase_realtime_replication_slot_2_112_6_5042a0b"" is active for PID 107012",{},[],realtime,0,null,[],null
f821d458-688c-4fa7-ad40-c2d27a3bdbe6,"""2026-07-13T05:19:38.689Z""",2026-07-13T05:19:38.689000,warning,200,,,,Database PID 107012 found in pg_stat_activity with state_change diff of 55,{},[],realtime,0,null,[],null
5caf29d3-d8d0-4e2c-a938-79911f73c795,"""2026-07-13T05:19:38.566Z""",2026-07-13T05:19:38.566000,error,200,,,,"ReplicationSlotBeingUsed: replication slot ""supabase_realtime_replication_slot_2_112_6_5042a0b"" is active for PID 107012",{},[],realtime,0,null,[],null
aa875f57-2d95-48c6-b293-440501daaf76,"""2026-07-13T05:19:38.044Z""",2026-07-13T05:19:38.044000,warning,200,,,,Database PID 107012 found in pg_stat_activity with state_change diff of 55,{},[],realtime,0,null,[],null
77f319fe-67f1-4a7c-bfb5-62627c5eddf3,"""2026-07-13T05:19:37.922Z""",2026-07-13T05:19:37.922000,error,200,,,,"ReplicationSlotBeingUsed: replication slot ""supabase_realtime_replication_slot_2_112_6_5042a0b"" is active for PID 107012",{},[],realtime,0,null,[],null
64ead60f-c1de-4e8c-8411-096f5c885c7c,"""2026-07-13T05:19:37.427Z""",2026-07-13T05:19:37.427000,warning,200,,,,Database PID 107012 found in pg_stat_activity with state_change diff of 54,{},[],realtime,0,null,[],null
bfdf1f53-b62d-48fa-bf57-865fe3c35483,"""2026-07-13T05:19:37.304Z""",2026-07-13T05:19:37.304000,error,200,,,,"ReplicationSlotBeingUsed: replication slot ""supabase_realtime_replication_slot_2_112_6_5042a0b"" is active for PID 107012",{},[],realtime,0,null,[],null
4479a61d-3161-43ad-8748-cc50cde8da47,"""2026-07-13T05:19:36.796Z""",2026-07-13T05:19:36.796000,warning,200,,,,Database PID 107012 found in pg_stat_activity with state_change diff of 54,{},[],realtime,0,null,[],null
4b593fda-502e-44b5-b2e7-bd310066212b,"""2026-07-13T05:19:36.674Z""",2026-07-13T05:19:36.674000,error,200,,,,"ReplicationSlotBeingUsed: replication slot ""supabase_realtime_replication_slot_2_112_6_5042a0b"" is active for PID 107012",{},[],realtime,0,null,[],null
547af578-1e69-43bb-a034-91e49007fcc9,"""2026-07-13T05:19:36.094Z""",2026-07-13T05:19:36.094000,warning,200,,,,Database PID 107012 found in pg_stat_activity with state_change diff of 53,{},[],realtime,0,null,[],null
665c2dac-3b28-4987-8156-ef027022d79a,"""2026-07-13T05:19:35.972Z""",2026-07-13T05:19:35.972000,error,200,,,,"ReplicationSlotBeingUsed: replication slot ""supabase_realtime_replication_slot_2_112_6_5042a0b"" is active for PID 107012",{},[],realtime,0,null,[],null
29fb3dd0-80fe-45a2-8740-f640ed1b5447,"""2026-07-13T05:19:35.452Z""",2026-07-13T05:19:35.452000,warning,200,,,,Database PID 107012 found in pg_stat_activity with state_change diff of 52,{},[],realtime,0,null,[],null
33408a19-6d29-4929-bcef-3ff1f8eb9d62,"""2026-07-13T05:19:35.330Z""",2026-07-13T05:19:35.330000,error,200,,,,"ReplicationSlotBeingUsed: replication slot ""supabase_realtime_replication_slot_2_112_6_5042a0b"" is active for PID 107012",{},[],realtime,0,null,[],null
fd4c0145-02da-4abc-b465-57e0c4ad3f0e,"""2026-07-13T05:19:34.833Z""",2026-07-13T05:19:34.833000,warning,200,,,,Database PID 107012 found in pg_stat_activity with state_change diff of 52,{},[],realtime,0,null,[],null
5c7cf1bf-1a44-42e7-88ca-137bba14dff4,"""2026-07-13T05:19:34.711Z""",2026-07-13T05:19:34.711000,error,200,,,,"ReplicationSlotBeingUsed: replication slot ""supabase_realtime_replication_slot_2_112_6_5042a0b"" is active for PID 107012",{},[],realtime,0,null,[],null
585b470a-19c8-491f-a603-887d6a47544e,"""2026-07-13T05:19:34.141Z""",2026-07-13T05:19:34.141000,warning,200,,,,Database PID 107012 found in pg_stat_activity with state_change diff of 51,{},[],realtime,0,null,[],null
d1d254d8-3a88-47a5-8fff-55f3cf712c46,"""2026-07-13T05:19:34.019Z""",2026-07-13T05:19:34.019000,error,200,,,,"ReplicationSlotBeingUsed: replication slot ""supabase_realtime_replication_slot_2_112_6_5042a0b"" is active for PID 107012",{},[],realtime,0,null,[],null
28bb1a53-eaa6-41e4-9f4c-9a8ae10b20d2,"""2026-07-13T05:19:33.425Z""",2026-07-13T05:19:33.425000,warning,200,,,,Database PID 107012 found in pg_stat_activity with state_change diff of 50,{},[],realtime,0,null,[],null
91e1ac15-604b-42e7-9d3a-d42e816ebfec,"""2026-07-13T05:19:33.303Z""",2026-07-13T05:19:33.303000,error,200,,,,"ReplicationSlotBeingUsed: replication slot ""supabase_realtime_replication_slot_2_112_6_5042a0b"" is active for PID 107012",{},[],realtime,0,null,[],null
f2ec13f3-ab22-444f-b281-6de95741bfad,"""2026-07-13T05:19:32.689Z""",2026-07-13T05:19:32.689000,warning,200,,,,Database PID 107012 found in pg_stat_activity with state_change diff of 49,{},[],realtime,0,null,[],null
ed666a5a-7d75-4e0c-8b95-a69fae1c9e7e,"""2026-07-13T05:19:32.567Z""",2026-07-13T05:19:32.567000,error,200,,,,"ReplicationSlotBeingUsed: replication slot ""supabase_realtime_replication_slot_2_112_6_5042a0b"" is active for PID 107012",{},[],realtime,0,null,[],null
cf6bb139-cfde-4ca5-833f-454f33d7d148,"""2026-07-13T05:19:31.998Z""",2026-07-13T05:19:31.998000,warning,200,,,,Database PID 107012 found in pg_stat_activity with state_change diff of 49,{},[],realtime,0,null,[],null
9d87a45b-d8cd-4273-80a0-53ad025c24cd,"""2026-07-13T05:19:31.876Z""",2026-07-13T05:19:31.876000,error,200,,,,"ReplicationSlotBeingUsed: replication slot ""supabase_realtime_replication_slot_2_112_6_5042a0b"" is active for PID 107012",{},[],realtime,0,null,[],null
6b2de7b5-c1aa-41df-89f1-93140b3fc8f0,"""2026-07-13T05:19:31.351Z""",2026-07-13T05:19:31.351000,warning,200,,,,Database PID 107012 found in pg_stat_activity with state_change diff of 48,{},[],realtime,0,null,[],null
2eb40a00-1fc1-4d5b-937d-f0c0bae62655,"""2026-07-13T05:19:31.229Z""",2026-07-13T05:19:31.229000,error,200,,,,"ReplicationSlotBeingUsed: replication slot ""supabase_realtime_replication_slot_2_112_6_5042a0b"" is active for PID 107012",{},[],realtime,0,null,[],null
75a706a4-3c9d-4fcb-b421-2cf116e640ae,"""2026-07-13T05:19:30.648Z""",2026-07-13T05:19:30.648000,warning,200,,,,Database PID 107012 found in pg_stat_activity with state_change diff of 47,{},[],realtime,0,null,[],null
d4b9f895-8e79-4258-a247-94d874471bbf,"""2026-07-13T05:19:30.521Z""",2026-07-13T05:19:30.521000,error,200,,,,"ReplicationSlotBeingUsed: replication slot ""supabase_realtime_replication_slot_2_112_6_5042a0b"" is active for PID 107012",{},[],realtime,0,null,[],null
88c9291e-1405-46ca-82c7-38b982127dc3,"""2026-07-13T05:19:29.904Z""",2026-07-13T05:19:29.904000,warning,200,,,,Database PID 107012 found in pg_stat_activity with state_change diff of 47,{},[],realtime,0,null,[],null
7f36b50a-c18c-4cf5-bcbc-73bc183f52af,"""2026-07-13T05:19:29.782Z""",2026-07-13T05:19:29.782000,error,200,,,,"ReplicationSlotBeingUsed: replication slot ""supabase_realtime_replication_slot_2_112_6_5042a0b"" is active for PID 107012",{},[],realtime,0,null,[],null
7254b3e6-35dc-4c67-a0b1-13918610f3a0,"""2026-07-13T05:19:29.160Z""",2026-07-13T05:19:29.160000,warning,200,,,,Database PID 107012 found in pg_stat_activity with state_change diff of 46,{},[],realtime,0,null,[],null
c090906e-848f-4fa7-90d0-05c8990a18f5,"""2026-07-13T05:19:29.038Z""",2026-07-13T05:19:29.038000,error,200,,,,"ReplicationSlotBeingUsed: replication slot ""supabase_realtime_replication_slot_2_112_6_5042a0b"" is active for PID 107012",{},[],realtime,0,null,[],null
c6d133d5-b0c4-41b6-ac4d-8f134ab79720,"""2026-07-13T05:19:28.544Z""",2026-07-13T05:19:28.544000,warning,200,,,,Database PID 107012 found in pg_stat_activity with state_change diff of 45,{},[],realtime,0,null,[],null
6b78b3e8-4cf1-4c0c-bfdb-a029d594d54e,"""2026-07-13T05:19:28.422Z""",2026-07-13T05:19:28.422000,error,200,,,,"ReplicationSlotBeingUsed: replication slot ""supabase_realtime_replication_slot_2_112_6_5042a0b"" is active for PID 107012",{},[],realtime,0,null,[],null
05720cde-017e-4323-8e3d-c85dc9a317f3,"""2026-07-13T05:19:27.634Z""",2026-07-13T05:19:27.634000,warning,200,,,,Database PID 107012 found in pg_stat_activity with state_change diff of 44,{},[],realtime,0,null,[],null
b1748181-6107-4b4e-8e02-ab4e841c6236,"""2026-07-13T05:19:27.511Z""",2026-07-13T05:19:27.511000,error,200,,,,"ReplicationSlotBeingUsed: replication slot ""supabase_realtime_replication_slot_2_112_6_5042a0b"" is active for PID 107012",{},[],realtime,0,null,[],null
4aae32ff-cde6-44fa-b111-6773bb923797,"""2026-07-13T05:19:26.859Z""",2026-07-13T05:19:26.859000,warning,200,,,,Database PID 107012 found in pg_stat_activity with state_change diff of 44,{},[],realtime,0,null,[],null
c9c1bd49-33ae-4f84-abfc-d09e7aee4f55,"""2026-07-13T05:19:26.736Z""",2026-07-13T05:19:26.736000,error,200,,,,"ReplicationSlotBeingUsed: replication slot ""supabase_realtime_replication_slot_2_112_6_5042a0b"" is active for PID 107012",{},[],realtime,0,null,[],null
dee5d02b-dd59-4374-b7e7-0d5dc5822c84,"""2026-07-13T05:19:26.201Z""",2026-07-13T05:19:26.201000,warning,200,,,,Database PID 107012 found in pg_stat_activity with state_change diff of 43,{},[],realtime,0,null,[],null
e4fc7741-87f1-41bc-b92b-082a565dd0d6,"""2026-07-13T05:19:26.078Z""",2026-07-13T05:19:26.078000,error,200,,,,"ReplicationSlotBeingUsed: replication slot ""supabase_realtime_replication_slot_2_112_6_5042a0b"" is active for PID 107012",{},[],realtime,0,null,[],null
ab127a99-2cda-422e-8583-cde5d886ff58,"""2026-07-13T05:19:25.527Z""",2026-07-13T05:19:25.527000,warning,200,,,,Database PID 107012 found in pg_stat_activity with state_change diff of 42,{},[],realtime,0,null,[],null
5ed9d63c-1714-4c5c-a97d-89c30115d052,"""2026-07-13T05:19:25.404Z""",2026-07-13T05:19:25.404000,error,200,,,,"ReplicationSlotBeingUsed: replication slot ""supabase_realtime_replication_slot_2_112_6_5042a0b"" is active for PID 107012",{},[],realtime,0,null,[],null
2a7b2b47-5199-4562-a4bd-edecebe6ee9c,"""2026-07-13T05:19:24.897Z""",2026-07-13T05:19:24.897000,warning,200,,,,Database PID 107012 found in pg_stat_activity with state_change diff of 42,{},[],realtime,0,null,[],null
eed2f52c-57b9-4a21-aaba-963ef99d1906,"""2026-07-13T05:19:24.775Z""",2026-07-13T05:19:24.775000,error,200,,,,"ReplicationSlotBeingUsed: replication slot ""supabase_realtime_replication_slot_2_112_6_5042a0b"" is active for PID 107012",{},[],realtime,0,null,[],null
880b264f-3de8-48ed-aa05-497046e7a432,"""2026-07-13T05:19:24.123Z""",2026-07-13T05:19:24.123000,warning,200,,,,Database PID 107012 found in pg_stat_activity with state_change diff of 41,{},[],realtime,0,null,[],null
0b72dc9d-55d4-4b73-a903-ee15cc7b1a47,"""2026-07-13T05:19:24.000Z""",2026-07-13T05:19:24.000000,error,200,,,,"ReplicationSlotBeingUsed: replication slot ""supabase_realtime_replication_slot_2_112_6_5042a0b"" is active for PID 107012",{},[],realtime,0,null,[],null
12e95e1e-5730-42b5-8491-32dbf7fd1841,"""2026-07-13T05:19:23.462Z""",2026-07-13T05:19:23.462000,warning,200,,,,Database PID 107012 found in pg_stat_activity with state_change diff of 40,{},[],realtime,0,null,[],null
d9bb7df4-51f7-4f34-a3d1-42258803410c,"""2026-07-13T05:19:23.339Z""",2026-07-13T05:19:23.339000,error,200,,,,"ReplicationSlotBeingUsed: replication slot ""supabase_realtime_replication_slot_2_112_6_5042a0b"" is active for PID 107012",{},[],realtime,0,null,[],null
68be4bc2-5298-487c-a26f-6a6820e5c9d8,"""2026-07-13T05:19:22.832Z""",2026-07-13T05:19:22.832000,warning,200,,,,Database PID 107012 found in pg_stat_activity with state_change diff of 40,{},[],realtime,0,null,[],null
b017b47d-8bfc-4a90-bb4d-9d073fca392b,"""2026-07-13T05:19:22.710Z""",2026-07-13T05:19:22.710000,error,200,,,,"ReplicationSlotBeingUsed: replication slot ""supabase_realtime_replication_slot_2_112_6_5042a0b"" is active for PID 107012",{},[],realtime,0,null,[],null
280a06d4-3fa7-4a74-b129-e0c4cc990225,"""2026-07-13T05:19:22.231Z""",2026-07-13T05:19:22.231000,warning,200,,,,Database PID 107012 found in pg_stat_activity with state_change diff of 39,{},[],realtime,0,null,[],null
d87f05d3-3b3c-453a-bfc3-efd88324b2ad,"""2026-07-13T05:19:22.109Z""",2026-07-13T05:19:22.109000,error,200,,,,"ReplicationSlotBeingUsed: replication slot ""supabase_realtime_replication_slot_2_112_6_5042a0b"" is active for PID 107012",{},[],realtime,0,null,[],null
5f0bf7d4-dffa-4dfa-868e-45825b8cd3d2,"""2026-07-13T05:19:21.630Z""",2026-07-13T05:19:21.630000,warning,200,,,,Database PID 107012 found in pg_stat_activity with state_change diff of 38,{},[],realtime,0,null,[],null
19923967-af2d-4802-8bf7-22c2df67c03e,"""2026-07-13T05:19:21.508Z""",2026-07-13T05:19:21.508000,error,200,,,,"ReplicationSlotBeingUsed: replication slot ""supabase_realtime_replication_slot_2_112_6_5042a0b"" is active for PID 107012",{},[],realtime,0,null,[],null
a86e9c38-341e-4978-8842-8be174ccf4d7,"""2026-07-13T05:19:20.934Z""",2026-07-13T05:19:20.934000,warning,200,,,,Database PID 107012 found in pg_stat_activity with state_change diff of 38,{},[],realtime,0,null,[],null
62859513-a3c5-4941-96e0-cd803631b322,"""2026-07-13T05:19:20.812Z""",2026-07-13T05:19:20.812000,error,200,,,,"ReplicationSlotBeingUsed: replication slot ""supabase_realtime_replication_slot_2_112_6_5042a0b"" is active for PID 107012",{},[],realtime,0,null,[],null
ccdfc59c-0132-499e-8d2b-a6e730793579,"""2026-07-13T05:19:20.249Z""",2026-07-13T05:19:20.249000,warning,200,,,,Database PID 107012 found in pg_stat_activity with state_change diff of 37,{},[],realtime,0,null,[],null
650f547a-dfd9-4e8a-8783-f98665ffdb27,"""2026-07-13T05:19:20.127Z""",2026-07-13T05:19:20.127000,error,200,,,,"ReplicationSlotBeingUsed: replication slot ""supabase_realtime_replication_slot_2_112_6_5042a0b"" is active for PID 107012",{},[],realtime,0,null,[],null
9e29d512-82cd-4e97-a3fb-c14156bd99c0,"""2026-07-13T05:19:19.481Z""",2026-07-13T05:19:19.481000,warning,200,,,,Database PID 107012 found in pg_stat_activity with state_change diff of 36,{},[],realtime,0,null,[],null
8a87b99d-3dbf-4c7f-b34a-d3ec61601e49,"""2026-07-13T05:19:19.359Z""",2026-07-13T05:19:19.359000,error,200,,,,"ReplicationSlotBeingUsed: replication slot ""supabase_realtime_replication_slot_2_112_6_5042a0b"" is active for PID 107012",{},[],realtime,0,null,[],null
65eb2518-540d-460b-95f9-5a27b2de4f56,"""2026-07-13T05:19:18.699Z""",2026-07-13T05:19:18.699000,warning,200,,,,Database PID 107012 found in pg_stat_activity with state_change diff of 35,{},[],realtime,0,null,[],null
c877bb1a-4066-4f8d-b028-0ab4ff02973c,"""2026-07-13T05:19:18.577Z""",2026-07-13T05:19:18.577000,error,200,,,,"ReplicationSlotBeingUsed: replication slot ""supabase_realtime_replication_slot_2_112_6_5042a0b"" is active for PID 107012",{},[],realtime,0,null,[],null
5c296524-a58d-4374-894c-f274613154d7,"""2026-07-13T05:19:18.069Z""",2026-07-13T05:19:18.069000,warning,200,,,,Database PID 107012 found in pg_stat_activity with state_change diff of 35,{},[],realtime,0,null,[],null
9417b9db-b02c-4864-ab7e-a4208f20f541,"""2026-07-13T05:19:17.946Z""",2026-07-13T05:19:17.946000,error,200,,,,"ReplicationSlotBeingUsed: replication slot ""supabase_realtime_replication_slot_2_112_6_5042a0b"" is active for PID 107012",{},[],realtime,0,null,[],null
12d86176-09fc-40dd-92b8-93d2c31c9faa,"""2026-07-13T05:19:17.383Z""",2026-07-13T05:19:17.383000,warning,200,,,,Database PID 107012 found in pg_stat_activity with state_change diff of 34,{},[],realtime,0,null,[],null
ac77bd0a-3a5d-4453-a22f-b97a0afb2b6b,"""2026-07-13T05:19:17.260Z""",2026-07-13T05:19:17.260000,error,200,,,,"ReplicationSlotBeingUsed: replication slot ""supabase_realtime_replication_slot_2_112_6_5042a0b"" is active for PID 107012",{},[],realtime,0,null,[],null
5b13bdd7-4883-4e29-acf8-082bf20c4b14,"""2026-07-13T05:19:16.692Z""",2026-07-13T05:19:16.692000,warning,200,,,,Database PID 107012 found in pg_stat_activity with state_change diff of 33,{},[],realtime,0,null,[],null
c383a953-deaf-4dbc-9fd2-8560b8928c93,"""2026-07-13T05:19:16.569Z""",2026-07-13T05:19:16.569000,error,200,,,,"ReplicationSlotBeingUsed: replication slot ""supabase_realtime_replication_slot_2_112_6_5042a0b"" is active for PID 107012",{},[],realtime,0,null,[],null
f4b96f16-fb9e-4d98-bf9b-bd2ce55a199a,"""2026-07-13T05:19:16.049Z""",2026-07-13T05:19:16.049000,warning,200,,,,Database PID 107012 found in pg_stat_activity with state_change diff of 33,{},[],realtime,0,null,[],null
5fb6a5cf-bab0-48b3-9c34-4b9e06ed8c11,"""2026-07-13T05:19:15.927Z""",2026-07-13T05:19:15.927000,error,200,,,,"ReplicationSlotBeingUsed: replication slot ""supabase_realtime_replication_slot_2_112_6_5042a0b"" is active for PID 107012",{},[],realtime,0,null,[],null
9ea6e1c7-5637-471f-9695-d9283754f98d,"""2026-07-13T05:19:15.295Z""",2026-07-13T05:19:15.295000,warning,200,,,,Database PID 107012 found in pg_stat_activity with state_change diff of 32,{},[],realtime,0,null,[],null
91254456-45a7-4092-b18f-d66287745fed,"""2026-07-13T05:19:15.173Z""",2026-07-13T05:19:15.173000,error,200,,,,"ReplicationSlotBeingUsed: replication slot ""supabase_realtime_replication_slot_2_112_6_5042a0b"" is active for PID 107012",{},[],realtime,0,null,[],null
2a91e6ab-fe47-4341-8f74-f03d350b4e7b,"""2026-07-13T05:19:14.545Z""",2026-07-13T05:19:14.545000,warning,200,,,,Database PID 107012 found in pg_stat_activity with state_change diff of 31,{},[],realtime,0,null,[],null
78f21e4e-84d3-4765-bbc6-734313746a66,"""2026-07-13T05:19:14.423Z""",2026-07-13T05:19:14.423000,error,200,,,,"ReplicationSlotBeingUsed: replication slot ""supabase_realtime_replication_slot_2_112_6_5042a0b"" is active for PID 107012",{},[],realtime,0,null,[],null
ddc6ad94-5483-430b-a0b5-6035b960da70,"""2026-07-13T05:19:13.924Z""",2026-07-13T05:19:13.924000,warning,200,,,,Database PID 107012 found in pg_stat_activity with state_change diff of 31,{},[],realtime,0,null,[],null
b2d55d43-b9e0-4e74-8228-4f19566c365f,"""2026-07-13T05:19:13.802Z""",2026-07-13T05:19:13.802000,error,200,,,,"ReplicationSlotBeingUsed: replication slot ""supabase_realtime_replication_slot_2_112_6_5042a0b"" is active for PID 107012",{},[],realtime,0,null,[],null
d2f4ee26-464c-4d3e-8636-e67e9174577a,"""2026-07-13T05:19:13.143Z""",2026-07-13T05:19:13.143000,warning,200,,,,Database PID 107012 found in pg_stat_activity with state_change diff of 30,{},[],realtime,0,null,[],null
5b274d29-cd6a-4f02-a066-914101ecb0de,"""2026-07-13T05:19:13.021Z""",2026-07-13T05:19:13.021000,error,200,,,,"ReplicationSlotBeingUsed: replication slot ""supabase_realtime_replication_slot_2_112_6_5042a0b"" is active for PID 107012",{},[],realtime,0,null,[],null
2ea7e254-24fb-45ce-b379-5446a918cacc,"""2026-07-13T05:19:12.501Z""",2026-07-13T05:19:12.501000,warning,200,,,,Database PID 107012 found in pg_stat_activity with state_change diff of 29,{},[],realtime,0,null,[],null
9bf69b53-3516-4674-96c0-8c48ced08422,"""2026-07-13T05:19:12.379Z""",2026-07-13T05:19:12.379000,error,200,,,,"ReplicationSlotBeingUsed: replication slot ""supabase_realtime_replication_slot_2_112_6_5042a0b"" is active for PID 107012",{},[],realtime,0,null,[],null
7e41ca7c-8f5d-4d63-a739-30d2fdcf30f2,"""2026-07-13T05:19:11.725Z""",2026-07-13T05:19:11.725000,warning,200,,,,Database PID 107012 found in pg_stat_activity with state_change diff of 29,{},[],realtime,0,null,[],null
87f90c82-c74c-4bb0-ba2a-a250e73cafa4,"""2026-07-13T05:19:11.603Z""",2026-07-13T05:19:11.603000,error,200,,,,"ReplicationSlotBeingUsed: replication slot ""supabase_realtime_replication_slot_2_112_6_5042a0b"" is active for PID 107012",{},[],realtime,0,null,[],null
e84dc75d-3fe6-4384-bbe8-fc803de71d46,"""2026-07-13T05:19:11.287Z""",2026-07-13T05:19:11.287000,error,42501,,,,"new row violates row-level security policy for table ""posts""",{},[],postgres,0,null,[],null
3c888258-10bb-461e-86db-796f258a2eb4,"""2026-07-13T05:19:11.185Z""",2026-07-13T05:19:11.185000,warning,403,PATCH,,/rest/v1/posts,"PATCH | 403 | https://nafxpivddesgsrthmosv.supabase.co/rest/v1/posts?id=in.%28e5c569e2-2dd9-4be4-9571-8c08755b13e7%2Cb5ae525e-f490-449e-bc32-889f521d9e71%29&organization_id=eq.89427247-b09c-444b-ac85-17c1bf9fdf20 | Mozilla/5.0 (Macintosh; Intel Mac OS X 10_15_7) AppleWebKit/537.36 (KHTML, like Gecko) Chrome/150.0.0.0 Safari/537.36",{},[],edge,0,null,[],null
0ccaf9d1-9548-42b7-83ea-111eab0447f7,"""2026-07-13T05:19:11.071Z""",2026-07-13T05:19:11.071000,warning,200,,,,Database PID 107012 found in pg_stat_activity with state_change diff of 28,{},[],realtime,0,null,[],null
1563013d-a2e9-4a29-9ebb-c1c13efe87ec,"""2026-07-13T05:19:10.949Z""",2026-07-13T05:19:10.949000,error,200,,,,"ReplicationSlotBeingUsed: replication slot ""supabase_realtime_replication_slot_2_112_6_5042a0b"" is active for PID 107012",{},[],realtime,0,null,[],null
2906e96e-b3b1-4c5d-ac9a-68f510821830,"""2026-07-13T05:19:10.146Z""",2026-07-13T05:19:10.146000,warning,200,,,,Database PID 107012 found in pg_stat_activity with state_change diff of 27,{},[],realtime,0,null,[],null
1aa60e0f-16e0-470d-b0a5-9fa72609fd1a,"""2026-07-13T05:19:09.990Z""",2026-07-13T05:19:09.990000,error,200,,,,"ReplicationSlotBeingUsed: replication slot ""supabase_realtime_replication_slot_2_112_6_5042a0b"" is active for PID 107012",{},[],realtime,0,null,[],null
34fdcff0-0c5e-47ee-9b0c-d39cea107500,"""2026-07-13T05:19:09.339Z""",2026-07-13T05:19:09.339000,warning,200,,,,Database PID 107012 found in pg_stat_activity with state_change diff of 26,{},[],realtime,0,null,[],null
e565d5b7-c3ac-4f1b-8971-318c0d81b0d5,"""2026-07-13T05:19:09.215Z""",2026-07-13T05:19:09.215000,error,200,,,,"ReplicationSlotBeingUsed: replication slot ""supabase_realtime_replication_slot_2_112_6_5042a0b"" is active for PID 107012",{},[],realtime,0,null,[],null
e16b16b5-d08f-4ec6-9806-039dcea2c427,"""2026-07-13T05:19:08.706Z""",2026-07-13T05:19:08.706000,warning,200,,,,Database PID 107012 found in pg_stat_activity with state_change diff of 26,{},[],realtime,0,null,[],null
c5fada47-090e-46b5-8c56-ff1112611de3,"""2026-07-13T05:19:08.584Z""",2026-07-13T05:19:08.584000,error,200,,,,"ReplicationSlotBeingUsed: replication slot ""supabase_realtime_replication_slot_2_112_6_5042a0b"" is active for PID 107012",{},[],realtime,0,null,[],null
8d8a0a4e-6090-44a0-8375-bb083164d584,"""2026-07-13T05:19:07.941Z""",2026-07-13T05:19:07.941000,warning,200,,,,Database PID 107012 found in pg_stat_activity with state_change diff of 25,{},[],realtime,0,null,[],null
1eb92641-3e4c-4fe1-af49-b703566a5c74,"""2026-07-13T05:19:07.818Z""",2026-07-13T05:19:07.818000,error,200,,,,"ReplicationSlotBeingUsed: replication slot ""supabase_realtime_replication_slot_2_112_6_5042a0b"" is active for PID 107012",{},[],realtime,0,null,[],null
383f5131-6827-4764-9fd8-a4578c34b6a5,"""2026-07-13T05:19:07.251Z""",2026-07-13T05:19:07.251000,warning,200,,,,Database PID 107012 found in pg_stat_activity with state_change diff of 24,{},[],realtime,0,null,[],null
022e8c58-663d-4f78-8818-3536b012830d,"""2026-07-13T05:19:07.128Z""",2026-07-13T05:19:07.128000,error,200,,,,"ReplicationSlotBeingUsed: replication slot ""supabase_realtime_replication_slot_2_112_6_5042a0b"" is active for PID 107012",{},[],realtime,0,null,[],null
228b6bb6-ca0e-47eb-9c1a-f73de34975f6,"""2026-07-13T05:19:06.602Z""",2026-07-13T05:19:06.602000,warning,200,,,,Database PID 107012 found in pg_stat_activity with state_change diff of 23,{},[],realtime,0,null,[],null
6e2d3d5f-c282-4f53-b4bc-f85048b8972f,"""2026-07-13T05:19:06.480Z""",2026-07-13T05:19:06.480000,error,200,,,,"ReplicationSlotBeingUsed: replication slot ""supabase_realtime_replication_slot_2_112_6_5042a0b"" is active for PID 107012",{},[],realtime,0,null,[],null
1bc2c8f7-16c7-42fb-a8ee-dfdad17e4609,"""2026-07-13T05:19:05.813Z""",2026-07-13T05:19:05.813000,warning,200,,,,Database PID 107012 found in pg_stat_activity with state_change diff of 23,{},[],realtime,0,null,[],null
02c20b85-bfed-4265-a86a-4ed14b651ee3,"""2026-07-13T05:19:05.607Z""",2026-07-13T05:19:05.607000,error,200,,,,"ReplicationSlotBeingUsed: replication slot ""supabase_realtime_replication_slot_2_112_6_5042a0b"" is active for PID 107012",{},[],realtime,0,null,[],null
0d7c2434-42f3-4907-9c67-ec03e332df4b,"""2026-07-13T05:18:47.133Z""",2026-07-13T05:18:47.133000,warning,400,POST,,/auth/v1/token,"POST | 400 | https://nafxpivddesgsrthmosv.supabase.co/auth/v1/token?grant_type=refresh_token | Mozilla/5.0 (Macintosh; Intel Mac OS X 10_15_7) AppleWebKit/537.36 (KHTML, like Gecko) Chrome/150.0.0.0 Safari/537.36",{},[],edge,0,null,[],null
cba2de3e-3e9a-4e86-99ab-ba94f6866ce8,"""2026-07-13T05:18:47.000Z""",2026-07-13T05:18:47.000000,warning,400,,,,"{""component"":""api"",""duration"":183781625,""error_code"":""refresh_token_not_found"",""grant_type"":""refresh_token"",""level"":""info"",""method"":""POST"",""msg"":""request completed"",""path"":""/token"",""referer"":""http://localhost:8081/"",""remote_addr"":""183.82.32.193"",""request_id"":""019f59e9-df5d-75e7-aa2c-d766f95cc797"",""status"":400,""time"":""2026-07-13T05:18:47Z""}",{},[],auth,0,null,[],null
df2a8b14-3d6d-46ee-b5a8-4a0c302e4c70,"""2026-07-13T05:18:46.444Z""",2026-07-13T05:18:46.444000,error,57P05,,,,terminating connection due to idle-session timeout,{},[],postgres,0,null,[],null
08a559e9-86d3-432c-81a1-755926b6d0c2,"""2026-07-13T05:08:45.347Z""",2026-07-13T05:08:45.347000,error,57P05,,,,terminating connection due to idle-session timeout,{},[],postgres,0,null,[],null
56980876-3e94-41bc-8218-a0a9fe67983e,"""2026-07-13T04:58:44.234Z""",2026-07-13T04:58:44.234000,error,57P05,,,,terminating connection due to idle-session timeout,{},[],postgres,0,null,[],null
a9e83cf7-5f7a-42f4-87c7-930e3e7ab767,"""2026-07-13T04:48:43.106Z""",2026-07-13T04:48:43.106000,error,57P05,,,,terminating connection due to idle-session timeout,{},[],postgres,0,null,[],null
e32d466b-c48c-47a1-83ed-40c5488a0b1e,"""2026-07-13T04:38:42.023Z""",2026-07-13T04:38:42.023000,error,57P05,,,,terminating connection due to idle-session timeout,{},[],postgres,0,null,[],null
b680f060-2312-41cf-9954-c7776b16de62,"""2026-07-13T04:28:40.926Z""",2026-07-13T04:28:40.926000,error,57P05,,,,terminating connection due to idle-session timeout,{},[],postgres,0,null,[],null
0ca386f8-d587-49ae-83d4-354d74e9e1cb,"""2026-07-13T04:18:39.830Z""",2026-07-13T04:18:39.830000,error,57P05,,,,terminating connection due to idle-session timeout,{},[],postgres,0,null,[],null
306783a8-8f99-43d9-957f-dbc97e300244,"""2026-07-13T04:08:38.735Z""",2026-07-13T04:08:38.735000,error,57P05,,,,terminating connection due to idle-session timeout,{},[],postgres,0,null,[],null
5cad86a5-8b54-488d-9167-7d3b5dd52f01,"""2026-07-13T03:58:37.653Z""",2026-07-13T03:58:37.653000,error,57P05,,,,terminating connection due to idle-session timeout,{},[],postgres,0,null,[],null
418a07e6-7ba9-47f2-9779-424d479cdb1a,"""2026-07-13T03:48:36.555Z""",2026-07-13T03:48:36.555000,error,57P05,,,,terminating connection due to idle-session timeout,{},[],postgres,0,null,[],null
ed97b8b6-34ff-441f-a933-123b1aaead80,"""2026-07-13T03:38:35.445Z""",2026-07-13T03:38:35.445000,error,57P05,,,,terminating connection due to idle-session timeout,{},[],postgres,0,null,[],null
ff4f5b67-c089-4dfa-a292-ba5e3911986a,"""2026-07-13T03:34:54.233Z""",2026-07-13T03:34:54.233000,warning,200,,,,Disconnecting broadcast changes handler in the step : :streaming,{},[],realtime,0,null,[],null
0a2b3048-4482-4f3a-82e5-e1c4c5242939,"""2026-07-13T03:28:34.320Z""",2026-07-13T03:28:34.320000,error,57P05,,,,terminating connection due to idle-session timeout,{},[],postgres,0,null,[],null
27cd6de3-9ec2-4720-ac44-58daaca1f2ab,"""2026-07-13T03:23:03.938Z""",2026-07-13T03:23:03.938000,warning,406,GET,,/rest/v1/cashflow_forecast,"GET | 406 | https://nafxpivddesgsrthmosv.supabase.co/rest/v1/cashflow_forecast?select=*&organization_id=eq.aad4d03c-a05a-4d66-9fd2-78d87275186b&date=gte.2026-07-13&order=date.asc&limit=30 | Mozilla/5.0 (iPhone; CPU iPhone OS 18_7 like Mac OS X) AppleWebKit/605.1.15 (KHTML, like Gecko) Version/26.5.2 Mobile/15E148 Safari/604.1",{},[],edge,0,null,[],null
1898ae95-79f2-4099-9cac-f9b17d34d2b9,"""2026-07-13T03:22:23.894Z""",2026-07-13T03:22:23.894000,error,42501,,,,"new row violates row-level security policy for table ""posts""",{},[],postgres,0,null,[],null
2cc08a4e-8b9e-43de-be48-55e011b9e674,"""2026-07-13T03:22:23.853Z""",2026-07-13T03:22:23.853000,warning,403,PATCH,,/rest/v1/posts,"PATCH | 403 | https://nafxpivddesgsrthmosv.supabase.co/rest/v1/posts?id=in.%2883fd464f-f630-43b4-836e-42479630f412%2Cb66276eb-2ad9-477c-8c03-aba9ac682b2a%2C3c2ec2ae-f0b1-4967-8c87-3db77b20049e%2C370d677c-464c-4de8-aa17-1130865bc1c5%2C0b2940d6-6980-47b9-a0c1-8dabe10f30aa%2Cee8027ba-d5eb-4303-868f-1de4eae84366%2C836f3c5a-0faa-4591-b58f-492d7bd7a91b%2C15431b25-b09a-4c0e-b10f-1af2a7e752c4%2Cf5a0e171-3b0f-4f8e-959f-5a1bddb75c29%2C34c6c39f-e0c2-4b48-b072-6f39d5aa406c%29&organization_id=eq.aad4d03c-a05a-4d66-9fd2-78d87275186b | Mozilla/5.0 (iPhone; CPU iPhone OS 18_7 like Mac OS X) AppleWebKit/605.1.15 (KHTML, like Gecko) Version/26.5.2 Mobile/15E148 Safari/604.1",{},[],edge,0,null,[],null
150ae28d-dc61-413d-be98-e19ec788fa2f,"""2026-07-13T03:21:57.728Z""",2026-07-13T03:21:57.728000,warning,406,GET,,/rest/v1/cashflow_forecast,"GET | 406 | https://nafxpivddesgsrthmosv.supabase.co/rest/v1/cashflow_forecast?select=*&organization_id=eq.aad4d03c-a05a-4d66-9fd2-78d87275186b&date=gte.2026-07-13&order=date.asc&limit=30 | Mozilla/5.0 (iPhone; CPU iPhone OS 18_7 like Mac OS X) AppleWebKit/605.1.15 (KHTML, like Gecko) Version/26.5.2 Mobile/15E148 Safari/604.1",{},[],edge,0,null,[],null
1399c3e8-1455-4af4-8d09-db7e7d39b598,"""2026-07-13T03:19:54.141Z""",2026-07-13T03:19:54.141000,error,42501,,,,"new row violates row-level security policy for table ""posts""",{},[],postgres,0,null,[],null
38202031-2209-4db5-bc21-4021083c44f7,"""2026-07-13T03:19:54.035Z""",2026-07-13T03:19:54.035000,warning,403,PATCH,,/rest/v1/posts,"PATCH | 403 | https://nafxpivddesgsrthmosv.supabase.co/rest/v1/posts?id=in.%2883fd464f-f630-43b4-836e-42479630f412%2Cb66276eb-2ad9-477c-8c03-aba9ac682b2a%2C3c2ec2ae-f0b1-4967-8c87-3db77b20049e%2C370d677c-464c-4de8-aa17-1130865bc1c5%2C0b2940d6-6980-47b9-a0c1-8dabe10f30aa%2Cee8027ba-d5eb-4303-868f-1de4eae84366%2C836f3c5a-0faa-4591-b58f-492d7bd7a91b%2C15431b25-b09a-4c0e-b10f-1af2a7e752c4%2Cf5a0e171-3b0f-4f8e-959f-5a1bddb75c29%2C34c6c39f-e0c2-4b48-b072-6f39d5aa406c%29&organization_id=eq.aad4d03c-a05a-4d66-9fd2-78d87275186b | Mozilla/5.0 (iPhone; CPU iPhone OS 18_7 like Mac OS X) AppleWebKit/605.1.15 (KHTML, like Gecko) Version/26.5.2 Mobile/15E148 Safari/604.1",{},[],edge,0,null,[],null
c785b336-61ec-441f-99eb-47a6ae81eabc,"""2026-07-13T03:18:33.236Z""",2026-07-13T03:18:33.236000,error,57P05,,,,terminating connection due to idle-session timeout,{},[],postgres,0,null,[],null
6be21a8e-9ec8-45bf-804b-52a817e36ed7,"""2026-07-13T03:08:32.149Z""",2026-07-13T03:08:32.149000,error,57P05,,,,terminating connection due to idle-session timeout,{},[],postgres,0,null,[],null
c334b18b-454e-4eef-8de2-29264b1b7e17,"""2026-07-13T02:58:31.064Z""",2026-07-13T02:58:31.064000,error,57P05,,,,terminating connection due to idle-session timeout,{},[],postgres,0,null,[],null
04f81699-7189-48e5-b342-1a1f464b6173,"""2026-07-13T02:48:29.984Z""",2026-07-13T02:48:29.984000,error,57P05,,,,terminating connection due to idle-session timeout,{},[],postgres,0,null,[],null
18ff4121-aec2-4cc0-aaa2-661f7577ed57,"""2026-07-13T02:38:28.895Z""",2026-07-13T02:38:28.895000,error,57P05,,,,terminating connection due to idle-session timeout,{},[],postgres,0,null,[],null
854cfb6b-eb93-4827-b269-8b328d9294ea,"""2026-07-13T02:28:27.801Z""",2026-07-13T02:28:27.801000,error,57P05,,,,terminating connection due to idle-session timeout,{},[],postgres,0,null,[],null
d4e80513-edf0-4784-a27b-d941c70e3837,"""2026-07-13T02:18:26.726Z""",2026-07-13T02:18:26.726000,error,57P05,,,,terminating connection due to idle-session timeout,{},[],postgres,0,null,[],null
468b4a1c-2acc-4fe1-aa31-daeb91e992eb,"""2026-07-13T02:08:25.625Z""",2026-07-13T02:08:25.625000,error,57P05,,,,terminating connection due to idle-session timeout,{},[],postgres,0,null,[],null
85c33685-11d0-41df-858e-7d879b7bec15,"""2026-07-13T01:58:24.538Z""",2026-07-13T01:58:24.538000,error,57P05,,,,terminating connection due to idle-session timeout,{},[],postgres,0,null,[],null
2b8f8cb6-254b-462c-b55d-7f797aa457e0,"""2026-07-13T01:48:23.438Z""",2026-07-13T01:48:23.438000,error,57P05,,,,terminating connection due to idle-session timeout,{},[],postgres,0,null,[],null
7e6c562f-26a9-4499-8557-c609e3fae571,"""2026-07-13T01:38:22.350Z""",2026-07-13T01:38:22.350000,error,57P05,,,,terminating connection due to idle-session timeout,{},[],postgres,0,null,[],null
6475fdaa-2642-4188-85da-d8211066c440,"""2026-07-13T01:28:21.256Z""",2026-07-13T01:28:21.256000,error,57P05,,,,terminating connection due to idle-session timeout,{},[],postgres,0,null,[],null
d0aa062c-a694-477b-9c8c-6fb23e7b1b01,"""2026-07-13T01:18:20.158Z""",2026-07-13T01:18:20.158000,error,57P05,,,,terminating connection due to idle-session timeout,{},[],postgres,0,null,[],null
db00c5d6-e7c6-4c0b-a114-1482266480d5,"""2026-07-13T01:08:19.027Z""",2026-07-13T01:08:19.027000,error,57P05,,,,terminating connection due to idle-session timeout,{},[],postgres,0,null,[],null
17be3aae-b598-4203-9d90-c9847250db43,"""2026-07-13T00:58:17.915Z""",2026-07-13T00:58:17.915000,error,57P05,,,,terminating connection due to idle-session timeout,{},[],postgres,0,null,[],null
df0b8235-de80-4f25-a1e2-7d04e99f5c8f,"""2026-07-13T00:48:16.813Z""",2026-07-13T00:48:16.813000,error,57P05,,,,terminating connection due to idle-session timeout,{},[],postgres,0,null,[],null
c4e5f6e0-b7aa-4575-a7d2-74c9ffc9c214,"""2026-07-13T00:38:15.701Z""",2026-07-13T00:38:15.701000,error,57P05,,,,terminating connection due to idle-session timeout,{},[],postgres,0,null,[],null
c55c0360-f592-40f3-8e7d-534bc02d8aa9,"""2026-07-13T00:28:14.604Z""",2026-07-13T00:28:14.604000,error,57P05,,,,terminating connection due to idle-session timeout,{},[],postgres,0,null,[],null
0e3c9eb7-33f9-467a-a521-c5d3d82e70bf,"""2026-07-13T00:18:13.518Z""",2026-07-13T00:18:13.518000,error,57P05,,,,terminating connection due to idle-session timeout,{},[],postgres,0,null,[],null
cfd90dee-8ead-4927-9ab3-1f7f5282e103,"""2026-07-13T00:08:12.422Z""",2026-07-13T00:08:12.422000,error,57P05,,,,terminating connection due to idle-session timeout,{},[],postgres,0,null,[],null
fa3e72e7-dcd6-4879-8e03-9b59ac1bc516,"""2026-07-12T23:58:11.339Z""",2026-07-12T23:58:11.339000,error,57P05,,,,terminating connection due to idle-session timeout,{},[],postgres,0,null,[],null
65858bfa-e47e-4357-9390-982df76a7fbc,"""2026-07-12T23:48:10.238Z""",2026-07-12T23:48:10.238000,error,57P05,,,,terminating connection due to idle-session timeout,{},[],postgres,0,null,[],null
95e5a2fd-e48e-4c7d-995f-6fe9eff9b8e2,"""2026-07-12T23:38:09.142Z""",2026-07-12T23:38:09.142000,error,57P05,,,,terminating connection due to idle-session timeout,{},[],postgres,0,null,[],null
23a3008a-2274-4404-9e84-4a09e64b4558,"""2026-07-12T23:28:08.052Z""",2026-07-12T23:28:08.052000,error,57P05,,,,terminating connection due to idle-session timeout,{},[],postgres,0,null,[],null
e9da1c2c-eed9-4ba9-a01a-9be26aa9289f,"""2026-07-12T23:18:06.977Z""",2026-07-12T23:18:06.977000,error,57P05,,,,terminating connection due to idle-session timeout,{},[],postgres,0,null,[],null
65c687ca-f890-41d5-a4dc-aa53fb0015f1,"""2026-07-12T23:08:05.871Z""",2026-07-12T23:08:05.871000,error,57P05,,,,terminating connection due to idle-session timeout,{},[],postgres,0,null,[],null
ab51f355-cebc-43e0-b18e-86d45273b145,"""2026-07-12T22:58:04.776Z""",2026-07-12T22:58:04.776000,error,57P05,,,,terminating connection due to idle-session timeout,{},[],postgres,0,null,[],null
c893f611-9abf-4619-8038-8eb7e5cac4ce,"""2026-07-12T22:48:03.668Z""",2026-07-12T22:48:03.668000,error,57P05,,,,terminating connection due to idle-session timeout,{},[],postgres,0,null,[],null
2c998a89-159c-4047-87e9-f7f296b5b6a7,"""2026-07-12T22:38:02.568Z""",2026-07-12T22:38:02.568000,error,57P05,,,,terminating connection due to idle-session timeout,{},[],postgres,0,null,[],null
8bf4b747-3faa-4977-ad53-bc3add4d88bf,"""2026-07-12T22:28:01.491Z""",2026-07-12T22:28:01.491000,error,57P05,,,,terminating connection due to idle-session timeout,{},[],postgres,0,null,[],null
c813f072-5b7f-4956-9ba5-d8211362a25d,"""2026-07-12T22:18:00.358Z""",2026-07-12T22:18:00.358000,error,57P05,,,,terminating connection due to idle-session timeout,{},[],postgres,0,null,[],null
a4e34880-6cb1-43a2-83ad-ce86f5c35120,"""2026-07-12T22:07:59.281Z""",2026-07-12T22:07:59.281000,error,57P05,,,,terminating connection due to idle-session timeout,{},[],postgres,0,null,[],null
985042f6-c496-41e2-9e8a-71b4a00128b4,"""2026-07-12T21:57:58.183Z""",2026-07-12T21:57:58.183000,error,57P05,,,,terminating connection due to idle-session timeout,{},[],postgres,0,null,[],null
3930cad0-4c9d-46a2-8b04-b659f053ea3f,"""2026-07-12T21:47:57.078Z""",2026-07-12T21:47:57.078000,error,57P05,,,,terminating connection due to idle-session timeout,{},[],postgres,0,null,[],null
6a996c85-9d00-41cf-8b15-3be2a978f2b7,"""2026-07-12T21:37:55.989Z""",2026-07-12T21:37:55.989000,error,57P05,,,,terminating connection due to idle-session timeout,{},[],postgres,0,null,[],null
f4080a1a-ad3e-43fd-8dfb-e9366fcbc7c8,"""2026-07-12T21:27:54.873Z""",2026-07-12T21:27:54.873000,error,57P05,,,,terminating connection due to idle-session timeout,{},[],postgres,0,null,[],null
bc8c85d3-6d2a-439f-992d-b34d85f42c5e,"""2026-07-12T21:17:53.780Z""",2026-07-12T21:17:53.780000,error,57P05,,,,terminating connection due to idle-session timeout,{},[],postgres,0,null,[],null
f16b55e1-58d0-40f0-bab0-3f88bd6415b9,"""2026-07-12T21:07:52.683Z""",2026-07-12T21:07:52.683000,error,57P05,,,,terminating connection due to idle-session timeout,{},[],postgres,0,null,[],null
ae3590ab-51c3-4e31-bd89-29a0251f1e56,"""2026-07-12T20:57:51.585Z""",2026-07-12T20:57:51.585000,error,57P05,,,,terminating connection due to idle-session timeout,{},[],postgres,0,null,[],null
35668522-b701-47bb-9182-89ebccd20c0f,"""2026-07-12T20:47:50.489Z""",2026-07-12T20:47:50.489000,error,57P05,,,,terminating connection due to idle-session timeout,{},[],postgres,0,null,[],null
37c8583c-aa13-4cb2-93e4-cbc7ea404e76,"""2026-07-12T20:37:49.381Z""",2026-07-12T20:37:49.381000,error,57P05,,,,terminating connection due to idle-session timeout,{},[],postgres,0,null,[],null
6eb493b4-d9b5-4a6b-85b6-36ed96de97a6,"""2026-07-12T20:27:48.258Z""",2026-07-12T20:27:48.258000,error,57P05,,,,terminating connection due to idle-session timeout,{},[],postgres,0,null,[],null
ec917b50-378b-4e3e-81eb-edeefe84ca01,"""2026-07-12T20:17:47.068Z""",2026-07-12T20:17:47.068000,error,57P05,,,,terminating connection due to idle-session timeout,{},[],postgres,0,null,[],null
515f38d4-1f80-4c73-a24f-333c6dc90470,"""2026-07-12T20:07:45.949Z""",2026-07-12T20:07:45.949000,error,57P05,,,,terminating connection due to idle-session timeout,{},[],postgres,0,null,[],null
822f8cff-afcc-4559-95e4-ac0391d2634e,"""2026-07-12T20:04:34.382Z""",2026-07-12T20:04:34.382000,warning,200,,,,Disconnecting broadcast changes handler in the step : :streaming,{},[],realtime,0,null,[],null
67e2b8a1-2aea-4ecc-ad53-84b01f85fc56,"""2026-07-12T19:57:44.856Z""",2026-07-12T19:57:44.856000,error,57P05,,,,terminating connection due to idle-session timeout,{},[],postgres,0,null,[],null
637b6743-c29f-4a17-bdb9-b63f1945fca7,"""2026-07-12T19:47:43.802Z""",2026-07-12T19:47:43.802000,error,57P05,,,,terminating connection due to idle-session timeout,{},[],postgres,0,null,[],null
37881a68-1509-4639-b1b8-784d9774800a,"""2026-07-12T19:37:42.689Z""",2026-07-12T19:37:42.689000,error,57P05,,,,terminating connection due to idle-session timeout,{},[],postgres,0,null,[],null
d811a093-e609-4277-8f55-998ec0963df1,"""2026-07-12T19:35:11.966Z""",2026-07-12T19:35:11.966000,warning,200,,,,Disconnecting broadcast changes handler in the step : :streaming,{},[],realtime,0,null,[],null
f7eb2614-c641-426a-b8c3-fc29797360a6,"""2026-07-12T19:27:41.565Z""",2026-07-12T19:27:41.565000,error,57P05,,,,terminating connection due to idle-session timeout,{},[],postgres,0,null,[],null
9d4b4106-c6ba-437d-8f43-0b444909f021,"""2026-07-12T19:17:40.423Z""",2026-07-12T19:17:40.423000,error,57P05,,,,terminating connection due to idle-session timeout,{},[],postgres,0,null,[],null
340b35cc-c2de-4fd1-9519-1e3bd65162ca,"""2026-07-12T19:17:38.522Z""",2026-07-12T19:17:38.522000,warning,406,GET,,/rest/v1/cashflow_forecast,"GET | 406 | https://nafxpivddesgsrthmosv.supabase.co/rest/v1/cashflow_forecast?select=*&organization_id=eq.aad4d03c-a05a-4d66-9fd2-78d87275186b&date=gte.2026-07-12&order=date.asc&limit=30 | Mozilla/5.0 (iPhone; CPU iPhone OS 18_7 like Mac OS X) AppleWebKit/605.1.15 (KHTML, like Gecko) Version/26.5.2 Mobile/15E148 Safari/604.1",{},[],edge,0,null,[],null
6b657a72-23e6-4940-9893-f8b346e48003,"""2026-07-12T19:17:35.651Z""",2026-07-12T19:17:35.651000,error,42501,,,,"new row violates row-level security policy for table ""posts""",{},[],postgres,0,null,[],null